score,SMILES,Name
1.0,COC(=O)[C@H](O)CC(=O)Nc1nncc2ccccc12,20984652_14585674
1.0,COC(=O)[C@@H](O)CC(=O)Nc1nncc2ccccc12,20984652_14585673
0.48,COC(=O)[C@H](O)CC(=O)Nc1cnnc2ccccc12,331948_14585674
0.3181818181818182,COC(=O)[C@H](O)CC(=O)NC[C@H](O)C(=O)OC,38251036_14585674
0.5857142857142857,C[C@@H](N)COCC(=O)Nc1nncc2ccccc12,20984652_34453614
0.5205479452054794,COC(=O)[C@H](O)CC(=O)Nc1nncc2occc12,225756693_14585674
0.71875,COC(=O)[C@@H](C)CC(=O)Nc1nncc2ccccc12,20984652_13511422
0.71875,COC(=O)[C@H](C)CC(=O)Nc1nncc2ccccc12,20984652_13511425
0.5714285714285714,COC(=O)[C@H](O)CC(=O)Nc1nccc2ccccc12,154817_14585674
0.6818181818181818,COC[C@@H](O)CC(=O)Nc1nncc2ccccc12,20984652_78749377
0.5277777777777778,COC(=O)[C@H](O)CC(=O)Nc1cncc2ccccc12,332648_14585674
0.410958904109589,COC(=O)[C@H](O)CC(=O)Nc1cnnc(OC)c1,84312344_14585674
0.4666666666666667,COC(=O)[C@H](O)CC(=O)Nc1cccc2cnncc12,16677889_14585674
0.3888888888888889,COC(=O)[C@H](O)CC(=O)Nc1cncc(OC)n1,8488296_14585674
0.7076923076923077,COC(=O)[C@H](N)CC(=O)Nc1nncc2ccccc12,20984652_2560988
0.6567164179104478,COC[C@@H](C)CC(=O)Nc1nncc2ccccc12,20984652_53172982
0.5942028985507246,COC(=O)C[C@H](O)C(=O)Nc1nncc2ccccc12,20984652_14585706
0.44155844155844154,COC(=O)[C@H](O)CC(=O)Nc1nnn2ccccc12,26049865_14585674
0.5970149253731343,COC[C@@H](O)C(=O)Nc1nncc2ccccc12,20984652_39192222
0.37333333333333335,CCOc1ccc(NC(=O)C[C@@H](O)C(=O)OC)cn1,4352765_14585674
0.47297297297297297,COC(=O)[C@H](O)CC(=O)Nc1n[nH]c2ccccc12,3954002_14585674
0.6567164179104478,CO[C@H](CC(=O)Nc1nncc2ccccc12)C(N)=O,20984652_72207153
0.5797101449275363,CC[C@H](C(=O)Nc1nncc2ccccc12)C(=O)OC,20984652_97053712
0.37333333333333335,COC(=O)[C@H](O)CC(=O)Nc1ccncc1SC,211727222_14585674
0.463768115942029,COC(=O)[C@H](O)CC(=O)Nc1nnccc1Cl,117451708_14585674
0.42857142857142855,COC(=O)[C@H](O)CC(=O)Nc1ncc2ccccc2n1,5519265_14585674
0.3783783783783784,COC(=O)[C@H](O)CC(=O)NC[C@H](F)c1ccccc1,39258264_14585674
0.5970149253731343,COC[C@H](O)C(=O)Nc1nncc2ccccc12,20984652_39192220
0.5588235294117647,O=C(Cc1ccccc1)Nc1nncc2ccccc12,20984652_388462
0.4507042253521127,COC(=O)[C@H](O)CC(=O)Nc1nc(Cl)ccc1F,82163103_14585674
0.3924050632911392,COC(=O)[C@H](O)CC(=O)Nc1cccc2cn[nH]c12,112557_14585674
0.7333333333333333,C[C@@H](O)CC(=O)Nc1nncc2ccccc12,20984652_895486
0.4507042253521127,CCc1ccnnc1NC(=O)C[C@@H](O)C(=O)OC,91366093_14585674
0.4246575342465753,COC(=O)[C@H](O)CC(=O)Nc1nc(OC)ncc1F,37594085_14585674
0.5942028985507246,COC(=O)C[C@@H](O)C(=O)Nc1nncc2ccccc12,20984652_14585704
0.4189189189189189,COC(=O)[C@H](O)CC(=O)Nc1ncc(C)nc1OC,22006949_14585674
0.6875,CC(C)[C@H](O)CC(=O)Nc1nncc2ccccc12,20984652_38759339
0.4305555555555556,COC(=O)[C@H](O)CC(=O)Nc1nccc(F)c1F,307327660_14585674
0.6567164179104478,CC(C)C[C@@H](O)CC(=O)Nc1nncc2ccccc12,20984652_3649921
0.4177215189873418,COC(=O)[C@H](O)CC(=O)Nc1cccc2cnccc12,154819_14585674
0.3684210526315789,COC(=O)[C@H](O)CC(=O)Nc1nccc(OC)n1,332004_14585674
0.6615384615384615,NC[C@@H](O)CC(=O)Nc1nncc2ccccc12,20984652_901808
0.358974358974359,COC(=O)[C@H](O)CC(=O)NCc1cnnc(OC)c1,84238126_14585674
0.6666666666666666,C[C@@H](O)[C@@H](N)CC(=O)Nc1nncc2ccccc12,20984652_2504858
0.4177215189873418,COC(=O)[C@H](O)CC(=O)Nc1ncnc2ncccc12,20981201_14585674
0.5277777777777778,COC(=O)[C@H](O)CC(=O)Nc1nnnc2ccccc12,20981139_14585674
0.44,COC(=O)[C@H](O)CC(=O)Nc1cc2ccccc2cn1,157801_14585674
0.4722222222222222,COC(=O)[C@H](O)CC(=O)Nc1cccc2ccccc12,1673028_14585674
0.6515151515151515,C[C@H](CC(=O)Nc1nncc2ccccc12)C(N)=O,20984652_77260149
0.5,COC(=O)[C@H](O)CC(=O)Nc1nncc2c1cnn2C,337147_14585674
0.4189189189189189,COC(=O)[C@H](O)CC(=O)Nc1ccc2ccccc2c1,968125_14585674
0.7076923076923077,COC(=O)[C@@H](N)CC(=O)Nc1nncc2ccccc12,20984652_1709620
0.410958904109589,COC(=O)[C@H](O)CC(=O)Nc1cc(Cl)cnn1,34120869_14585674
0.6567164179104478,CO[C@@H](CC(=O)Nc1nncc2ccccc12)C(N)=O,20984652_72207152
0.41333333333333333,COC(=O)[C@H](O)CC(=O)Nc1cnnc(SC)n1,104632400_14585674
0.6875,CC(C)[C@@H](O)CC(=O)Nc1nncc2ccccc12,20984652_39258467
0.3181818181818182,COC(=O)[C@H](O)CNC(=O)C[C@@H](O)C(=O)OC,38212551_14585674
0.4666666666666667,COC(=O)[C@H](O)CC(=O)Nc1nn(C)c2ccccc12,15020373_14585674
0.35064935064935066,COC(=O)[C@H](O)CC(=O)Nc1cc(OC)ncc1F,79052266_14585674
0.39705882352941174,COC(=O)[C@H](O)CC(=O)Nc1cc(C)nc(C)c1,331934_14585674
0.3974358974358974,COC(=O)[C@H](O)CC(=O)Nc1ncnc2ncncc12,20981217_14585674
0.375,COC(=O)[C@H](O)CC(=O)NC(=N)c1ccccc1,36634_14585674
0.6666666666666666,CO[C@H](CN)CC(=O)Nc1nncc2ccccc12,20984652_84230414
0.6363636363636364,N[C@H](CC(=O)Nc1nncc2ccccc12)C(F)F,20984652_34621624
0.3972602739726027,COC(=O)[C@H](O)CC(=O)Nc1cccc(OC)n1,19736831_14585674
0.5205479452054794,O=C(Cc1ncc[nH]1)Nc1nncc2ccccc12,20984652_66348452
0.7049180327868853,CC(C)CC(=O)Nc1nncc2ccccc12,20984652_388188
0.5205479452054794,O=C(Cc1ccnnc1)Nc1nncc2ccccc12,20984652_20417428
0.5735294117647058,COC(=O)[C@@H](OC)C(=O)Nc1nncc2ccccc12,20984652_34426529
0.547945205479452,Cc1cn(CC(=O)Nc2nncc3ccccc23)nn1,20984652_14628926
0.3157894736842105,COC(=O)[C@H](O)CC(=O)NCc1ncc(OC)cn1,107115478_14585674
0.5633802816901409,CCOC(=O)[C@@H](C)C(=O)Nc1nncc2ccccc12,20984652_394087
0.5135135135135135,O=C(Cc1cccnc1)Nc1nncc2ccccc12,20984652_152270
0.2857142857142857,COC(=O)[C@H](O)CC(=O)NCC[C@H](O)C(=O)OC,71186808_14585674
0.3972602739726027,COC(=O)[C@H](O)CC(=O)Nc1ccc(C(F)F)nn1,211804994_14585674
0.4666666666666667,Cc1cc(C(=O)Nc2nncc3ccccc23)cnn1,20984652_82837056
0.6417910447761194,C[C@H](CC(=O)Nc1nncc2ccccc12)C(C)(C)O,20984652_84327985
0.3333333333333333,COC(=O)[C@H](O)CC(=O)N[C@@H](C)CCc1ccccc1,1705109_14585674
0.6470588235294118,CC[C@@H](C)[C@H](O)CC(=O)Nc1nncc2ccccc12,20984652_52249195
0.5857142857142857,C[C@@H](O)CNCC(=O)Nc1nncc2ccccc12,20984652_34286884
0.7333333333333333,C[C@H](O)CC(=O)Nc1nncc2ccccc12,20984652_901665
0.6875,CO[C@H](C)CC(=O)Nc1nncc2ccccc12,20984652_4794590
0.3188405797101449,COC(=O)[C@H](O)CC(=O)N[C@H](CC(=O)O)C(=O)OC,2560988_14585674
0.4246575342465753,COC(=O)[C@H](O)CC(=O)Nc1nc(Cl)ncc1F,1718953_14585674
0.4605263157894737,C[n+]1ccccc1C(=O)Nc1nncc2ccccc12,20984652_565313
0.6231884057971014,CCC[C@@H](N)CC(=O)Nc1nncc2ccccc12,20984652_2584600
0.3783783783783784,COC(=O)[C@H](O)CC(=O)NC[C@@H](F)c1ccccc1,39258263_14585674
0.4507042253521127,COC(=O)[C@H](O)CC(=O)Nc1nnccc1C(C)C,104528686_14585674
0.5205479452054794,O=C(Cc1cccnn1)Nc1nncc2ccccc12,20984652_20417425
0.5652173913043478,NC(=O)C[C@@H](O)C(=O)Nc1nncc2ccccc12,20984652_5131909
0.38666666666666666,CCOc1ccc(NC(=O)C[C@@H](O)C(=O)OC)nn1,16677890_14585674
0.6515151515151515,C[C@@H](CC(=O)Nc1nncc2ccccc12)N(C)C,20984652_13347096
0.6212121212121212,CC(C)OCC(=O)Nc1nncc2ccccc12,20984652_12243751
0.6825396825396826,C[C@@H](N)CC(=O)Nc1nncc2ccccc12,20984652_1713399
0.4246575342465753,COC(=O)[C@H](O)CC(=O)Nc1nc(F)ccc1OC,307022617_14585674
0.5942028985507246,CC(=O)OCCC(=O)Nc1nncc2ccccc12,20984652_14507045
0.5633802816901409,CNC(=O)C[C@@H](N)C(=O)Nc1nncc2ccccc12,20984652_1573266
0.3717948717948718,CCOc1ncccc1NC(=O)C[C@@H](O)C(=O)OC,19754170_14585674
0.4305555555555556,COC(=O)[C@H](O)CC(=O)Nc1nc(OC)ccc1F,104393374_14585674
0.527027027027027,Cc1nc(CC(=O)Nc2nncc3ccccc23)co1,20984652_14988220
0.40789473684210525,COC(=O)[C@H](O)CC(=O)Nc1ncc(C#N)nc1C,91692971_14585674
0.6515151515151515,CC(C)[C@H](N)CC(=O)Nc1nncc2ccccc12,20984652_170089
0.6060606060606061,COC(=O)[C@H](C)C(=O)Nc1nncc2ccccc12,20984652_6442610
0.4473684210526316,Nc1cc(C(=O)Nc2nncc3ccccc23)cnn1,20984652_82837321
0.40540540540540543,COC(=O)[C@H](O)CC(=O)Nc1ncc(OC)cc1F,98181124_14585674
0.33766233766233766,COC(=O)[C@H](O)CC(=O)Nc1ccc(C)c(OC)c1,2018427_14585674
0.6875,CC[C@H](O)CC(=O)Nc1nncc2ccccc12,20984652_4975458
0.6666666666666666,CO[C@@H](CN)CC(=O)Nc1nncc2ccccc12,20984652_84230420
0.4142857142857143,COC(=O)[C@H](O)CC(=O)Nc1ccccn1,13952160_14585674
0.463768115942029,COC(=O)[C@H](O)CC(=O)Nc1nnccc1C,21300847_14585674
0.37662337662337664,CCOc1cccc(NC(=O)C[C@@H](O)C(=O)OC)n1,19801062_14585674
0.3918918918918919,COC(=O)[C@H](O)CC(=O)Nc1ccc(OC)nc1F,238362745_14585674
0.6470588235294118,CN(C)C[C@H](O)CC(=O)Nc1nncc2ccccc12,20984652_1671843
0.41333333333333333,COCc1cccnc1NC(=O)C[C@@H](O)C(=O)OC,52734230_14585674
0.4666666666666667,Cc1cnnc(C(=O)Nc2nncc3ccccc23)c1,20984652_82410716
0.4305555555555556,COC(=O)[C@H](O)CC(=O)Nc1nc(C)ncc1F,95093303_14585674
0.35135135135135137,CC[C@@](C)(NC(=O)C[C@@H](O)C(=O)OC)c1ccccc1,1686424_14585674
0.6875,CO[C@@H](C)CC(=O)Nc1nncc2ccccc12,20984652_397922
0.547945205479452,Cc1cnnn1CC(=O)Nc1nncc2ccccc12,20984652_62429835
0.5757575757575758,O=C(Nc1nncc2ccccc12)[C@H](O)CO,20984652_895140
0.44285714285714284,COC(=O)[C@H](O)CC(=O)Nc1ncccc1F,19616068_14585674
0.5,O=C(Nc1nncc2ccccc12)c1ccccc1,20984652_1011
0.6029411764705882,CCOC(=O)CC(=O)Nc1nncc2ccccc12,20984652_389716
0.4794520547945205,O=C(Nc1nncc2ccccc12)c1ccccc1F,20984652_164451
0.5857142857142857,C[C@H](N)COCC(=O)Nc1nncc2ccccc12,20984652_34453612
0.4246575342465753,COC(=O)[C@H](O)CC(=O)Nc1nc(Cl)ccc1C,39050374_14585674
0.4177215189873418,COC(=O)[C@H](O)CC(=O)Nc1nc(C)n2ccccc12,75537928_14585674
0.5492957746478874,COC(=O)C[C@@H](C)C(=O)Nc1nncc2ccccc12,20984652_2558238
0.6567164179104478,C/C=C/[C@@H](O)CC(=O)Nc1nncc2ccccc12,20984652_31161983
0.35526315789473684,COC(=O)[C@H](O)CC(=O)Nc1cnc(OC)cc1F,299890317_14585674
0.4305555555555556,CCc1cccnc1NC(=O)C[C@@H](O)C(=O)OC,21985770_14585674
0.6666666666666666,C[C@@H](O)[C@H](N)CC(=O)Nc1nncc2ccccc12,20984652_2386834
0.3048780487804878,COC(=O)[C@H](O)CC(=O)NC[C@@H](C)c1cccc(C)c1,41046990_14585674
0.6119402985074627,C[C@H](O)CCC(=O)Nc1nncc2ccccc12,20984652_6020467
0.6323529411764706,CC[C@H](CN)CC(=O)Nc1nncc2ccccc12,20984652_26376875
0.5652173913043478,CC(C)C[C@@H](O)C(=O)Nc1nncc2ccccc12,20984652_407032
0.6231884057971014,CCN(C)[C@@H](C)CC(=O)Nc1nncc2ccccc12,20984652_19092958
0.5797101449275363,CC[C@@H](C(=O)Nc1nncc2ccccc12)C(=O)OC,20984652_97053707
0.5797101449275363,CC(C)(C)C[C@@H](O)C(=O)Nc1nncc2ccccc12,20984652_34016779
0.3125,C#C[C@H](NC(=O)C[C@@H](O)C(=O)OC)c1ccccc1F,83947012_14585674
0.6515151515151515,C[C@@H](CC(=O)Nc1nncc2ccccc12)C(N)=O,20984652_77260148
0.6417910447761194,O=C(C[C@@H](O)C1CC1)Nc1nncc2ccccc12,20984652_38391879
0.4025974025974026,COC(=O)[C@H](O)CC(=O)Nc1c[nH]c2ccccc12,530874_14585674
0.527027027027027,Cn1nncc1CC(=O)Nc1nncc2ccccc12,20984652_62298117
0.5066666666666667,Nc1cnn(CC(=O)Nc2nncc3ccccc23)n1,20984652_82409814
0.5882352941176471,COC(C)(C)CC(=O)Nc1nncc2ccccc12,20984652_88189688
0.6818181818181818,COC[C@H](O)CC(=O)Nc1nncc2ccccc12,20984652_78749373
0.4626865671641791,COC(=O)[C@H](O)CC(=O)Nc1nccnc1F,91252205_14585674
0.6376811594202898,CC[C@@H](O)[C@H](N)CC(=O)Nc1nncc2ccccc12,20984652_84426505
0.2777777777777778,COC(=O)[C@H](O)CC(=O)NC(=O)N[C@H](O)C(=O)OC,2025414_14585674
0.3698630136986301,COC(=O)[C@H](O)CC(=O)Nc1cscc1OC,83428744_14585674
0.40789473684210525,COC(=O)[C@H](O)CC(=O)Nc1nc(C)cnc1C#N,39194346_14585674
0.6515151515151515,CC(=O)[C@H](N)CC(=O)Nc1nncc2ccccc12,20984652_5434359
0.41025641025641024,COC(=O)[C@H](O)CC(=O)Nc1c2ccccc2nn1C,32189297_14585674
0.6060606060606061,COC(=O)[C@@H](C)C(=O)Nc1nncc2ccccc12,20984652_1720457
0.4864864864864865,Cc1cnsc1C(=O)Nc1nncc2ccccc12,20984652_19801458
0.6461538461538462,N[C@H](CO)CC(=O)Nc1nncc2ccccc12,20984652_4181820
0.5735294117647058,COC(=O)[C@H](OC)C(=O)Nc1nncc2ccccc12,20984652_34426530
0.5342465753424658,Cn1ccc(CC(=O)Nc2nncc3ccccc23)n1,20984652_34927098
0.4594594594594595,Nc1ccccc1C(=O)Nc1nncc2ccccc12,20984652_47985
0.6666666666666666,C[C@H](O)[C@H](N)CC(=O)Nc1nncc2ccccc12,20984652_8239857
0.3780487804878049,COC(=O)[C@H](O)CC(=O)Nc1cc2cccnc2cn1,39117979_14585674
0.35064935064935066,COC(=O)[C@H](O)CC(=O)NCc1cccc(F)n1,39050862_14585674
0.410958904109589,COC(=O)[C@H](O)CC(=O)Nc1nccc(C)c1C,26145526_14585674
0.671875,CCC(CC)CC(=O)Nc1nncc2ccccc12,20984652_2383169
0.6470588235294118,CC[C@H](C)[C@H](O)CC(=O)Nc1nncc2ccccc12,20984652_52249196
0.37333333333333335,COC(=O)[C@H](O)CC(=O)Nc1cccnc1[C@H](C)O,103191756_14585674
0.43661971830985913,COC(=O)[C@H](O)CC(=O)Nc1cnnc(C)n1,19801101_14585674
0.36363636363636365,COC(=O)[C@H](O)CC(=O)Nc1cnc(CO)nc1C,1772717890_14585674
0.41333333333333333,CCOc1cccnc1NC(=O)C[C@@H](O)C(=O)OC,19092421_14585674
0.6,CC[C@H](O)C(=O)Nc1nncc2ccccc12,20984652_895970
0.527027027027027,Cn1cccc1CC(=O)Nc1nncc2ccccc12,20984652_5783630
0.625,COC(=O)CC(=O)Nc1nncc2ccccc12,20984652_2146608
0.6567164179104478,COC[C@H](C)CC(=O)Nc1nncc2ccccc12,20984652_53172984
0.44285714285714284,COC(=O)[C@H](O)CC(=O)Nc1nc(F)ccc1F,72230946_14585674
0.4266666666666667,COC(=O)[C@H](O)CC(=O)Nc1cc2ccccc2s1,39242015_14585674
0.35365853658536583,COC(=O)[C@H](O)CC(=O)Nc1cccc2nnn(C)c12,32189615_14585674
0.4657534246575342,O=C(Nc1nncc2ccccc12)c1cccnn1,20984652_1702762
0.5652173913043478,O=C(Nc1nncc2ccccc12)[C](O)[C@@H](O)CO,20984652_1560405354
0.5416666666666666,CC[C@@H](C)[C@H](OC)C(=O)Nc1nncc2ccccc12,20984652_159685980
0.4594594594594595,O=C(Nc1nncc2ccccc12)c1cccnc1,20984652_1795
0.5797101449275363,COC(=O)CCCC(=O)Nc1nncc2ccccc12,20984652_1609498
0.6323529411764706,C[C@H](CC(=O)Nc1nncc2ccccc12)C(C)(C)N,20984652_40544559
0.4246575342465753,COC(=O)[C@H](O)CC(=O)Nc1ncc(OC)nc1C,95929615_14585674
0.5507246376811594,CO[C@@H](CN)C(=O)Nc1nncc2ccccc12,20984652_78684453
0.3698630136986301,COC(=O)[C@H](O)CC(=O)Nc1cccc(O)c1,157527_14585674
0.38666666666666666,COC(=O)[C@H](O)CC(=O)Nc1ncc(OC)c(C)n1,39053761_14585674
0.35526315789473684,COC(=O)[C@H](O)CC(=O)Nc1cnn(C)c1OC,82836152_14585674
0.4666666666666667,O=C(Nc1nncc2ccccc12)c1cccc(F)n1,20984652_1733806
0.3698630136986301,COC(=O)[C@H](O)CC(=O)N[C@H](C(C)=O)c1ccccc1,165130_14585674
0.5882352941176471,CC(=O)C[C@@H](O)C(=O)Nc1nncc2ccccc12,20984652_14500538
0.5205479452054794,O=C(Cc1cnns1)Nc1nncc2ccccc12,20984652_82839640
0.2916666666666667,C=C(C)C[C@H](NC(=O)C[C@@H](O)C(=O)OC)C(=O)OC,38948741_14585674
0.6470588235294118,CC[C@H](C)[C@@H](O)CC(=O)Nc1nncc2ccccc12,20984652_52249198
0.5757575757575758,O=C(Nc1nncc2ccccc12)[C@@H](O)CO,20984652_2040502
0.34615384615384615,COC(=O)[C@H](O)CC(=O)NC[C@H](C)c1ccccc1C,37245701_14585674
0.4025974025974026,COC(=O)[C@H](O)CC(=O)Nc1cnc2ccccc2n1,1683294_14585674
0.4666666666666667,COC(=O)[C@H](O)CC(=O)Nc1ncnc2ccccc12,331945_14585674
0.6190476190476191,CCCC(=O)Nc1nncc2ccccc12,20984652_895132
0.5507246376811594,CO[C@H](C)[C@@H](O)C(=O)Nc1nncc2ccccc12,20984652_1586418
0.38461538461538464,COC(=O)[C@H](O)CC(=O)Nc1ncc(C#N)cc1OC,148800370_14585674
0.5882352941176471,CC(=O)C[C@H](O)C(=O)Nc1nncc2ccccc12,20984652_14500541
0.6515151515151515,CC[C@H](N)CC(=O)Nc1nncc2ccccc12,20984652_12648175
0.527027027027027,Cn1cc(CC(=O)Nc2nncc3ccccc23)nn1,20984652_82838238
0.6417910447761194,CC(C)N[C@H](C)CC(=O)Nc1nncc2ccccc12,20984652_35747434
0.4675324675324675,COc1ccoc1C(=O)Nc1nncc2ccccc12,20984652_43214692
0.5211267605633803,COC(=O)N[C@@H](C)C(=O)Nc1nncc2ccccc12,20984652_19815918
0.6231884057971014,C[C@H](N)C[C@H](N)CC(=O)Nc1nncc2ccccc12,20984652_895524
0.527027027027027,Cc1n[nH]c(CC(=O)Nc2nncc3ccccc23)n1,20984652_2559698
0.6417910447761194,O=C(C[C@H](O)C1CC1)Nc1nncc2ccccc12,20984652_38391880
0.4246575342465753,COC(=O)[C@H](O)CC(=O)Nc1nc(C)ccc1OC,19911426_14585674
0.6231884057971014,CC[C@H](CC(=O)Nc1nncc2ccccc12)[C@H](C)N,20984652_72208263
0.6567164179104478,CC(C)C[C@H](O)CC(=O)Nc1nncc2ccccc12,20984652_3649919
0.34177215189873417,COC(=O)[C@H](O)CC(=O)NC[C@@H](O)c1cccnc1,4245373_14585674
0.4520547945205479,COC(=O)[C@H](O)CC(=O)Nc1nnccc1C#N,34213306_14585674
0.35135135135135137,CC[C@](C)(NC(=O)C[C@@H](O)C(=O)OC)c1ccccc1,3136326_14585674
0.4861111111111111,C[C](C(=O)Nc1nncc2ccccc12)c1ccccc1,20984652_1560406647
0.3972602739726027,COC(=O)[C@H](O)CC(=O)Nc1ccnnc1C,79720199_14585674
0.52,Cc1ocnc1CC(=O)Nc1nncc2ccccc12,20984652_82838177
0.47297297297297297,Cc1ccc(C(=O)Nc2nncc3ccccc23)nn1,20984652_34088241
0.325,COC(=O)[C@H](O)CC(=O)N[C@H](CO)c1cccnc1,6662162_14585674
0.3,COC(=O)[C@H](O)CC(=O)NCCc1cccc(F)c1,389670_14585674
0.6417910447761194,C[C@@H](CC(=O)Nc1nncc2ccccc12)C(C)(C)O,20984652_84327982
0.5135135135135135,O=C(Cc1cscn1)Nc1nncc2ccccc12,20984652_1670739
0.3670886075949367,C#CCOc1ccc(NC(=O)C[C@@H](O)C(=O)OC)cn1,40542902_14585674
0.38571428571428573,COC(=O)[C@H](O)CC(=O)NCc1ccccc1,6096244_14585674
0.6323529411764706,CC[C@@H](CC(=O)Nc1nncc2ccccc12)SC,20984652_62766652
0.3888888888888889,COC(=O)[C@H](O)CC(=O)Nc1ccc(F)nc1Cl,263623751_14585674
0.5277777777777778,COC(C)(C)[C@@H](N)C(=O)Nc1nncc2ccccc12,20984652_2045134
0.47297297297297297,COC(=O)[C@H](O)CC(=O)Nc1noc2ccccc12,161908_14585674
0.4675324675324675,O=C(Nc1nncc2ccccc12)c1cnn(CF)c1,20984652_167586636
0.6461538461538462,N[C@@H](CO)CC(=O)Nc1nncc2ccccc12,20984652_4181821
0.4722222222222222,O=C(Nc1nncc2ccccc12)c1ccc[nH]1,20984652_158648
0.52,Cc1ccn(CC(=O)Nc2nncc3ccccc23)n1,20984652_2549361
0.3783783783783784,COC(=O)c1ccc(NC(=O)C[C@@H](O)C(=O)OC)[nH]1,84325574_14585674
0.4605263157894737,Cc1ccnnc1C(=O)Nc1nncc2ccccc12,20984652_71611195
0.6615384615384615,C[C@@H](CO)CC(=O)Nc1nncc2ccccc12,20984652_6036098
0.3875,COC(=O)[C@H](O)CC(=O)Nc1c(C)[nH]c2ncccc12,82408871_14585674
0.4027777777777778,COC(=O)[C@H](O)CC(=O)Nc1cccc(Cl)n1,19735874_14585674
0.527027027027027,O=C(Cn1nnc(O)n1)Nc1nncc2ccccc12,20984652_4127029
0.38666666666666666,COC(=O)[C@H](O)CC(=O)Nc1ccnnc1OC,84312341_14585674
0.35135135135135137,COC(=O)[C@H](O)CC(=O)Nc1nc(OC)ns1,17045321_14585674
0.38961038961038963,C#Cc1cc(F)cnc1NC(=O)C[C@@H](O)C(=O)OC,95932440_14585674
0.527027027027027,Nc1nncn1CC(=O)Nc1nncc2ccccc12,20984652_227173267
0.4084507042253521,CCc1c[nH]nc1NC(=O)C[C@@H](O)C(=O)OC,21985136_14585674
0.6567164179104478,CCC[C@H](O)CC(=O)Nc1nncc2ccccc12,20984652_5838229
0.5,Nc1cn(CC(=O)Nc2nncc3ccccc23)nn1,20984652_82409812
0.3918918918918919,COC(=O)[C@H](O)CC(=O)Nc1nn(C(F)F)cc1C,69760312_14585674
0.3888888888888889,COC(=O)[C@H](O)CC(=O)Nc1c(F)cnn1C,307693630_14585674
0.4666666666666667,Cc1nc(C(=O)Nc2nncc3ccccc23)cs1,20984652_158613
0.4861111111111111,Cc1ccccc1C(=O)Nc1nncc2ccccc12,20984652_1850420
0.6875,CC[C@@H](O)CC(=O)Nc1nncc2ccccc12,20984652_4975461
0.6323529411764706,CCN[C@H](C)CC(=O)Nc1nncc2ccccc12,20984652_35747442
0.34146341463414637,COC(=O)[C@H](O)CC(=O)NCc1cc2ccccc2o1,19486302_14585674
0.325,CC[C@H](NC(=O)C[C@@H](O)C(=O)OC)c1cccnc1,19091641_14585674
0.5522388059701493,CO[C@H](C)C(=O)Nc1nncc2ccccc12,20984652_2382888
0.4230769230769231,COC(=O)[C@H](O)CC(=O)Nc1cnc2ccccc2c1,39224_14585674
0.3815789473684211,COC(=O)[C@H](O)CC(=O)Nc1cc(C)c(CO)cn1,34049594_14585674
0.44155844155844154,O=C(Nc1nncc2ccccc12)c1ccncc1O,20984652_334931
0.4666666666666667,Cc1cccc(C(=O)Nc2nncc3ccccc23)n1,20984652_336720
0.6231884057971014,CCS[C@H](C)CC(=O)Nc1nncc2ccccc12,20984652_2033562
0.35526315789473684,COC(=O)[C@H](O)CC(=O)NCc1ccc(OC)nc1,9596244_14585674
0.6231884057971014,CCC[C@H](N)CC(=O)Nc1nncc2ccccc12,20984652_26895613
0.4666666666666667,O=C(Nc1nncc2ccccc12)c1ccc(F)nc1,20984652_1682844
0.52,Cc1nc(CC(=O)Nc2nncc3ccccc23)no1,20984652_19682132
0.4,COC(=O)[C@H](O)CC(=O)Nc1ncc(CO)c(C)n1,20358120_14585674
0.4246575342465753,COC(=O)[C@H](O)CC(=O)Nc1ncccc1OC,14982093_14585674
0.527027027027027,O=C(Cc1ncc(O)[nH]1)Nc1nncc2ccccc12,20984652_101788259
0.4594594594594595,O=C(Nc1nncc2ccccc12)c1nccnn1,20984652_20357932
0.4861111111111111,Cc1cnc(C(=O)Nc2nncc3ccccc23)nc1,20984652_26461415
0.3698630136986301,COC(=O)[C@H](O)CC(=O)NC[C@@H](O)c1ccccc1,403283_14585674
0.6190476190476191,CC(=O)CC(=O)Nc1nncc2ccccc12,20984652_895089
0.4675324675324675,COc1nc(C(=O)Nc2nncc3ccccc23)co1,20984652_82839237
0.5857142857142857,CO[C@H](C)CCC(=O)Nc1nncc2ccccc12,20984652_6491647
0.6119402985074627,C[C@@H](O)CCC(=O)Nc1nncc2ccccc12,20984652_6036206
0.37333333333333335,COC(=O)[C@H](O)CC(=O)Nc1c(C)cnn1C(C)C,20578751_14585674
0.3670886075949367,CCNc1ncccc1NC(=O)C[C@@H](O)C(=O)OC,20278619_14585674
0.358974358974359,C/N=C(/NC(=O)C[C@@H](O)C(=O)OC)c1ccccn1,32166315_14585674
0.44155844155844154,Nc1nnccc1C(=O)Nc1nncc2ccccc12,20984652_4202687
0.47368421052631576,Cn1c(C(=O)Nc2nncc3ccccc23)cnc1N,20984652_36243908
0.42857142857142855,COC(=O)[C@H](O)CC(=O)Nc1cc2ccccc2nn1,5332249_14585674
0.5714285714285714,COC(=O)N(C)CC(=O)Nc1nncc2ccccc12,20984652_19815702
0.4177215189873418,COC(=O)[C@H](O)CC(=O)Nc1nn(C)c2ncccc12,168469_14585674
0.5131578947368421,O=C(CCc1cn[nH]c1)Nc1nncc2ccccc12,20984652_19090129
0.36619718309859156,COC(=O)[C@H](O)CC(=O)N[C@H](C)c1ccccc1,6037146_14585674
0.4861111111111111,O=C(Nc1nncc2ccccc12)c1ccns1,20984652_4344245
0.6615384615384615,CN[C@@H](C)CC(=O)Nc1nncc2ccccc12,20984652_13347072
0.43283582089552236,COC(=O)[C@H](O)CC(=O)Nc1nncnn1,8251252_14585674
0.4,COC(=O)[C@H](O)CC(=O)Nc1ncc(CO)cc1C,72222036_14585674
0.43661971830985913,COC(=O)[C@H](O)CC(=O)Nc1nc(C)ccc1F,82835967_14585674
0.37662337662337664,COC(=O)[C@H](O)CC(=O)Nc1c(C)cnn1CCF,223252245_14585674
0.35,COCCc1coc(NC(=O)C[C@@H](O)C(=O)OC)n1,252483000_14585674
0.3466666666666667,COC(=O)[C@H](O)CC(=O)Nc1ccc(OC)cc1F,2382629_14585674
0.32558139534883723,COC(=O)[C@H](O)CC(=O)NCc1cnc2ccnn2c1,82617847_14585674
0.5205479452054794,COC[C@H](C)[C@H](C)C(=O)Nc1nncc2ccccc12,20984652_86338188
0.3188405797101449,COC(=O)[C@H](O)CC(=O)N[C@@H](CC(=O)O)C(=O)OC,1709620_14585674
0.4,COC(=O)[C@H](O)CC(=O)Nc1nccc(F)c1OC,144679519_14585674
0.38271604938271603,COC(=O)[C@H](O)CC(=O)Nc1ncc2cccnc2n1,40434490_14585674
0.4605263157894737,O=C(Nc1nncc2ccccc12)c1cccnc1F,20984652_1682742
0.36619718309859156,COC(=O)[C@H](O)CC(=O)N[C@@H](C)c1ccccc1,6030374_14585674
0.3815789473684211,CNc1ncccc1NC(=O)C[C@@H](O)C(=O)OC,19770005_14585674
0.6231884057971014,CCC[C@@H](CC)CC(=O)Nc1nncc2ccccc12,20984652_2006814
0.34615384615384615,COCn1cc(NC(=O)C[C@@H](O)C(=O)OC)cn1,2537624_14585674
0.6376811594202898,CC[C@H](O)[C@H](N)CC(=O)Nc1nncc2ccccc12,20984652_84426504
0.47297297297297297,Nc1cnc(C(=O)Nc2nncc3ccccc23)cn1,20984652_23528995
0.4246575342465753,COC(=O)[C@H](O)CC(=O)Nc1nc(C)ccc1Cl,39190998_14585674
0.52,Cn1nccc1CC(=O)Nc1nncc2ccccc12,20984652_69021240
0.4125,COC(=O)[C@H](O)CC(=O)Nc1nccc2c1cnn2C,89220376_14585674
0.6515151515151515,C[C@@H](N)[C@@H](C)CC(=O)Nc1nncc2ccccc12,20984652_72208144
0.37333333333333335,CCn1nncc1NC(=O)C[C@@H](O)C(=O)OC,39280721_14585674
0.3684210526315789,COC(=O)[C@H](O)CC(=O)NC1(Cc2ccccc2)CC1,6096117_14585674
0.6285714285714286,C[C@H](CC(=O)Nc1nncc2ccccc12)NCCO,20984652_35749905
0.4230769230769231,COC(=O)[C@H](O)CC(=O)Nc1nc(C)nc2[nH]ccc12,39052756_14585674
0.3875,COC(=O)[C@H](O)CC(=O)Nc1cnc2cccnn12,15020289_14585674
0.39705882352941174,COC(=O)[C@H](O)CC(=O)Nc1ncccn1,967472_14585674
0.34146341463414637,COC(=O)[C@H](O)CC(=O)NCc1cc2ccccc2[nH]1,2558366_14585674
0.5,Nc1ncc(CC(=O)Nc2nncc3ccccc23)[nH]1,20984652_2244234
0.5205479452054794,O=C(Cc1ccccn1)Nc1nncc2ccccc12,20984652_156530
0.3835616438356164,COC(=O)[C@H](O)CC(=O)Nc1ccccc1[C@H](C)O,5141567_14585674
0.6615384615384615,CC[C@@H](C)CC(=O)Nc1nncc2ccccc12,20984652_391783
0.527027027027027,O=C(Cn1cc(F)cn1)Nc1nncc2ccccc12,20984652_26510174
0.5633802816901409,CNC(=O)C[C@H](N)C(=O)Nc1nncc2ccccc12,20984652_1566730
0.35064935064935066,COC(=O)[C@H](O)CC(=O)NC[C@@H](C)Cc1ccccc1,11974909_14585674
0.6567164179104478,CCC[C@@H](O)CC(=O)Nc1nncc2ccccc12,20984652_2579355
0.44285714285714284,COC(=O)[C@H](O)CC(=O)Nc1nc(F)ncc1F,3129093_14585674
0.35365853658536583,COC(=O)[C@H](O)CC(=O)Nc1nnc2c(C)cccn12,8616243_14585674
0.42105263157894735,COC(=O)[C@H](O)CC(=O)Nc1ccc2ccccc2n1,19074717_14585674
0.47297297297297297,O=C(Nc1nncc2ccccc12)c1ccc(F)cn1,20984652_2599027
0.3493975903614458,COC(=O)[C@H](O)CC(=O)Nc1ncc2c(C)n[nH]c2n1,72207110_14585674
0.4675324675324675,CCn1ccc(C(=O)Nc2nncc3ccccc23)n1,20984652_392140
0.3493975903614458,COC(=O)[C@H](O)CC(=O)NCc1n[nH]c2ccccc12,24553243_14585674
0.3333333333333333,COC(=O)[C@H](O)CC(=O)NC/C=C/c1ccccc1,2037916_14585674
0.6417910447761194,CC(C)(C)[C@@H](N)CC(=O)Nc1nncc2ccccc12,20984652_4262585
0.3783783783783784,COC(=O)[C@H](O)CC(=O)Nc1ccncc1F,330815_14585674
0.40789473684210525,COC(=O)[C@H](O)CC(=O)Nc1nnc2ccccc2n1,1866060_14585674
0.3783783783783784,CCOc1cnc(NC(=O)C[C@@H](O)C(=O)OC)cn1,40448358_14585674
0.6142857142857143,C[C@@H](CC(=O)Nc1nncc2ccccc12)NC(=N)N,20984652_1681194
0.3888888888888889,COC(=O)[C@H](O)CC(=O)Nc1ccccc1OC,404293_14585674
0.4166666666666667,COC(=O)[C@H](O)CC(=O)Nc1cc(C)cnn1,34354816_14585674
0.6212121212121212,CC(=O)OCC(=O)Nc1nncc2ccccc12,20984652_1698817
0.31645569620253167,COC(=O)[C@H](O)CC(=O)N[C@@H](c1nnc[nH]1)C(C)C,42040911_14585674
0.29577464788732394,COC(=O)[C@H](O)CC(=O)NC(=O)OC[C@@H](C)O,1684587_14585674
0.4155844155844156,COC(=O)[C@H](O)CC(=O)Nc1onc2ccccc12,26053358_14585674
0.4675324675324675,CCc1ncc(C(=O)Nc2nncc3ccccc23)o1,20984652_58517530
0.4358974358974359,COC(=O)[C@H](O)CC(=O)Nc1noc2ncccc12,168472_14585674
0.6376811594202898,CC[C@H](O)[C@@H](N)CC(=O)Nc1nncc2ccccc12,20984652_38282083
0.32098765432098764,COC(=O)[C@H](O)CC(=O)NC(=O)c1ccc(C#N)nc1,15772047_14585674
0.3333333333333333,COC(=O)[C@H](O)CC(=O)NC[C@H](OC)c1ccco1,43336581_14585674
0.47297297297297297,Cc1ccc(C(=O)Nc2nncc3ccccc23)nc1,20984652_2383150
0.3466666666666667,COC(=O)[C@H](O)CC(=O)N[C@@H](C)[C@@H](C)c1ccccc1,1670066_14585674
0.52,Cc1noc(CC(=O)Nc2nncc3ccccc23)n1,20984652_40546544
0.6056338028169014,C[C@H](CC(=O)Nc1nncc2ccccc12)C1CCC1,20984652_82839044
0.38271604938271603,COC(=O)[C@H](O)CC(=O)Nc1ccc2ncccc2c1,163693_14585674
0.4246575342465753,COC(=O)[C@H](O)CC(=O)Nc1nc(OC)ccc1C,82046902_14585674
0.35526315789473684,COC(=O)[C@H](O)CC(=O)NCc1cccnn1,2548441_14585674
0.4722222222222222,O=C(Nc1nncc2ccccc12)c1ccccn1,20984652_39905
0.6056338028169014,C[C@@H](CC(=O)Nc1nncc2ccccc12)C1CCC1,20984652_82839042
0.5714285714285714,COC(=O)COCC(=O)Nc1nncc2ccccc12,20984652_34064790
0.5135135135135135,CO[C@H](C(=O)Nc1nncc2ccccc12)C1CCC1,20984652_160599731
0.41025641025641024,COC(=O)[C@H](O)CC(=O)Nc1ccnc2ccccc12,4202478_14585674
0.4246575342465753,COC(=O)[C@H](O)CC(=O)Nc1nc(F)ccc1Cl,71256078_14585674
0.5352112676056338,CN[C@@H](COC)C(=O)Nc1nncc2ccccc12,20984652_14696241
0.36363636363636365,CC[C@H](C)c1ccccc1NC(=O)C[C@@H](O)C(=O)OC,4520946_14585674
0.4189189189189189,COC(=O)[C@H](O)CC(=O)Nc1nc(C)ncc1OC,39053783_14585674
0.34615384615384615,COC(=O)[C@H](O)CC(=O)NC[C@@H](O)c1ccccn1,2513176_14585674
0.6285714285714286,CCCC[C@@H](O)CC(=O)Nc1nncc2ccccc12,20984652_33903519
0.46153846153846156,COc1n[nH]cc1C(=O)Nc1nncc2ccccc12,20984652_26178585
0.358974358974359,COC(=O)[C@H](O)CC(=O)Nc1cc(C)ncc1CO,104554454_14585674
0.5068493150684932,COCC1(C(=O)Nc2nncc3ccccc23)CC1,20984652_19093047
0.6323529411764706,NCC[C@@H](O)CC(=O)Nc1nncc2ccccc12,20984652_104634560
0.6056338028169014,CC[C@H](CC(=O)Nc1nncc2ccccc12)C1CC1,20984652_82839036
0.379746835443038,COC(=O)[C@H](O)CC(=O)Nc1nccc(C)c1C1CC1,18342756_14585674
0.47368421052631576,CCc1nnc(C(=O)Nc2nncc3ccccc23)[nH]1,20984652_72233204
0.45454545454545453,COC(=O)[C@H](O)CC(=O)Nc1nccc2cnccc12,20984635_14585674
0.47297297297297297,Cc1nc(C(=O)Nc2nncc3ccccc23)c(C)[nH]1,20984652_34123137
0.5671641791044776,NC[C@H](O)C(=O)Nc1nncc2ccccc12,20984652_2034711
0.48,CCc1nnc(C(=O)Nc2nncc3ccccc23)o1,20984652_58517532
0.325,COC(=O)[C@H](O)CC(=O)NCc1cccc(OC)n1,20446131_14585674
0.4657534246575342,O=C(Nc1nncc2ccccc12)c1ccccc1O,20984652_1554
0.3972602739726027,COC(=O)[C@H](O)CC(=O)Nc1cccnc1F,2506896_14585674
0.5131578947368421,O=C(CCc1cc[nH]n1)Nc1nncc2ccccc12,20984652_80540513
0.5131578947368421,O=C(CCc1cnoc1)Nc1nncc2ccccc12,20984652_20417432
0.32098765432098764,COCCc1cc(NC(=O)C[C@@H](O)C(=O)OC)on1,34960932_14585674
0.2839506172839506,COC(=O)[C@H](O)CC(=O)NC[C@H](C)n1cncn1,4502563_14585674
0.36363636363636365,COC(=O)[C@H](O)CC(=O)Nc1cncc(SC)n1,39118762_14585674
0.32051282051282054,COC(=O)[C@H](O)CC(=O)NC(=O)c1ccc(F)cn1,35923513_14585674
0.4657534246575342,O=C(Nc1nncc2ccccc12)c1csnn1,20984652_967389
0.44155844155844154,Nc1ccnc(C(=O)Nc2nncc3ccccc23)c1,20984652_2456180
0.6515151515151515,C[C@H](CC(=O)Nc1nncc2ccccc12)C(C)(C)C,20984652_2571300
0.48,C[C@@H](C(=O)Nc1nncc2ccccc12)c1ccco1,20984652_19726377
0.47297297297297297,Cc1nsc(C(=O)Nc2nncc3ccccc23)n1,20984652_59771410
0.410958904109589,COC(=O)[C@H](O)CC(=O)Nc1nc(=O)[nH]cc1F,896546_14585674
0.4050632911392405,COC(=O)[C@H](O)CC(=O)Nc1nccc2cn[nH]c12,34408015_14585674
0.4605263157894737,Cc1nnccc1C(=O)Nc1nncc2ccccc12,20984652_45921027
0.3684210526315789,COC(=O)[C@H](O)CC(=O)Nc1ccnc(F)c1C,95768442_14585674
0.5416666666666666,COC(=O)C[C@H](N)C(=O)Nc1nncc2ccccc12,20984652_1708458
0.44155844155844154,O=C(Nc1nncc2ccccc12)C1=Cc2ccccc21,20984652_34375832
0.3972602739726027,COC(=O)[C@H](O)CC(=O)Nc1nc(C)nc(C)c1F,85005479_14585674
0.34210526315789475,C#C[C@@H](NC(=O)C[C@@H](O)C(=O)OC)c1ccccc1,32501211_14585674
0.52,Cc1ncc(CC(=O)Nc2nncc3ccccc23)o1,20984652_82410122
0.6666666666666666,C[C@H](O)[C@@H](N)CC(=O)Nc1nncc2ccccc12,20984652_4240317
0.35526315789473684,COC(=O)[C@H](O)CC(=O)Nc1c(F)cncc1Cl,71256155_14585674
0.37333333333333335,COC(=O)[C@H](O)CC(=O)Nc1c([C@H](C)O)cnn1C,83747195_14585674
0.4864864864864865,Cc1cnn(C)c1C(=O)Nc1nncc2ccccc12,20984652_32302989
0.6363636363636364,NC(=O)[C@@H](N)CC(=O)Nc1nncc2ccccc12,20984652_2516163
0.5507246376811594,CO[C@H](C)[C@H](O)C(=O)Nc1nncc2ccccc12,20984652_1586416
0.358974358974359,CCOc1ccnc(NC(=O)C[C@@H](O)C(=O)OC)n1,6411375_14585674
0.4050632911392405,COC(=O)[C@H](O)CC(=O)Nc1nccc2n[nH]cc12,79274864_14585674
0.47297297297297297,Cc1cnncc1C(=O)Nc1nncc2ccccc12,20984652_76914606
0.4166666666666667,COC(=O)[C@H](O)CC(=O)Nc1cnnc(Cl)c1,34225738_14585674
0.4931506849315068,COC(=O)[C@H]1C[C@H]1C(=O)Nc1nncc2ccccc12,20984652_39240026
0.6363636363636364,NC(=O)[C@H](N)CC(=O)Nc1nncc2ccccc12,20984652_1607276
0.35135135135135137,COC(=O)[C@H](O)CC(=O)N/C=C\c1ccccc1,103728459_14585674
0.2898550724637681,COC(=O)[C@H](O)CC(=O)N[C@H](C(=O)OC)C(C)C,54954741_14585674
0.4666666666666667,Cc1cc(C(=O)Nc2nncc3ccccc23)on1,20984652_389129
0.38235294117647056,COC(=O)[C@H](O)CC(=O)Nc1nnnnn1,100192552_14585674
0.4864864864864865,CN(C)C[C@@](C)(N)C(=O)Nc1nncc2ccccc12,20984652_45232191
0.35526315789473684,COC(=O)[C@H](O)CC(=O)NC(=O)c1cccnn1,1700271_14585674
0.35526315789473684,COC(=O)[C@H](O)CC(=O)Nc1cccc(OC)c1C,21298515_14585674
0.37333333333333335,COC(=O)[C@H](O)CC(=O)Nc1c([C@@H](C)O)cnn1C,83747196_14585674
0.358974358974359,CCOc1cncc(NC(=O)C[C@@H](O)C(=O)OC)n1,39235980_14585674
0.4666666666666667,Cc1ccc(C(=O)Nc2nncc3ccccc23)cn1,20984652_391224
0.2857142857142857,COC(=O)[C@H](O)CC(=O)N[C@@H]1C[C@@H]1c1ccnn1C,19116732_14585674
0.6323529411764706,NCC[C@H](O)CC(=O)Nc1nncc2ccccc12,20984652_104634557
0.34146341463414637,COC(=O)[C@H](O)CC(=O)Nc1cccc2nccnc12,332652_14585674
0.4605263157894737,O=C(Nc1nncc2ccccc12)c1cccc(F)c1,20984652_157326
0.5882352941176471,CC[S@@](=O)CC(=O)Nc1nncc2ccccc12,20984652_19092569
0.40540540540540543,COC(=O)[C@H](O)CC(=O)Nc1ncncc1OC,331862_14585674
0.52,Cc1cncn1CC(=O)Nc1nncc2ccccc12,20984652_39320988
0.52,Cn1cncc1CC(=O)Nc1nncc2ccccc12,20984652_12496497
0.5972222222222222,CCCC[C@@H](N)CC(=O)Nc1nncc2ccccc12,20984652_2124046
0.3835616438356164,COC(=O)[C@H](O)CC(=O)Nc1ccc(F)c(C)n1,21297356_14585674
0.6774193548387096,O=C(CC(F)F)Nc1nncc2ccccc12,20984652_37755958
0.325,COC(=O)[C@H](O)CC(=O)N[C@@H](C)Cc1ccccn1,11570829_14585674
0.35526315789473684,COC(=O)[C@H](O)CC(=O)Nc1cccc(OC)c1F,21304522_14585674
0.46153846153846156,COc1cn[nH]c1C(=O)Nc1nncc2ccccc12,20984652_84233910
0.38461538461538464,COC(=O)[C@H](O)CC(=O)Nc1nn(CCF)cc1C,87775449_14585674
0.3783783783783784,COC(=O)[C@H](O)CC(=O)Nc1ccncc1C,4721887_14585674
0.45454545454545453,O=C(Nc1nncc2ccccc12)c1ccncc1F,20984652_1595320
0.5066666666666667,O=C(Cc1cn[nH]c1O)Nc1nncc2ccccc12,20984652_20029292
0.3373493975903614,COC(=O)[C@H](O)CC(=O)Nc1ccc2c(c1)C[C@H](C)O2,15635655_14585674
0.609375,CNCC(=O)Nc1nncc2ccccc12,20984652_4658561
0.4166666666666667,COC(=O)[C@H](O)CC(=O)Nc1ncc(C)cc1Cl,26466278_14585674
0.52,Cc1ccnn1CC(=O)Nc1nncc2ccccc12,20984652_2549475
0.273972602739726,COC(=O)[C@H](C)CCNC(=O)C[C@@H](O)C(=O)OC,34295273_14585674
0.35,COCCn1nccc1NC(=O)C[C@@H](O)C(=O)OC,39118690_14585674
0.325,COC(=O)[C@H](O)CC(=O)N[C@@H](C)c1cccnc1F,83591334_14585674
0.2898550724637681,COC(=O)[C@H](NC(=O)C[C@@H](O)C(=O)OC)C(C)=O,100025869_14585674
0.5138888888888888,COC[C@@](C)(O)C(=O)Nc1nncc2ccccc12,20984652_53199112
0.4675324675324675,O=C(Nc1nncc2ccccc12)[C@H](O)c1ccoc1,20984652_22204561
0.5277777777777778,O=C(Cc1ccncc1)Nc1nncc2ccccc12,20984652_157065
0.5507246376811594,O=C(Nc1nncc2ccccc12)[C@H](O)CCO,20984652_3651026
0.6417910447761194,CC(C)C[C@H](C)CC(=O)Nc1nncc2ccccc12,20984652_2578823
0.5352112676056338,COC[C@H](N)C(=O)Nc1nncc2ccccc12,20984652_2043994
0.35365853658536583,COC(=O)[C@H](O)CC(=O)NCc1cccc2cn[nH]c12,36533300_14585674
0.3333333333333333,COCc1nsc(NC(=O)C[C@@H](O)C(=O)OC)n1,49672144_14585674
0.38271604938271603,COC(=O)[C@H](O)CC(=O)Nc1cccc2nnccc12,1857381_14585674
0.547945205479452,COCCNCCC(=O)Nc1nncc2ccccc12,20984652_20303492
0.5507246376811594,CO[C@@H](C)[C@@H](O)C(=O)Nc1nncc2ccccc12,20984652_1586417
0.4657534246575342,O=C(Nc1nncc2ccccc12)c1ccnnc1,20984652_154089
0.35802469135802467,COC(=O)[C@H](O)CC(=O)Nc1cnc2n1CCC2,106716559_14585674
0.5441176470588235,C[C@H](O)[C@H](N)C(=O)Nc1nncc2ccccc12,20984652_1747072
0.273972602739726,COC(=O)[C@H](O)CC(=O)NCC[C@H](C)C(=O)OC,34295271_14585674
0.6231884057971014,CC[C@H](CC(=O)Nc1nncc2ccccc12)[C@@H](C)N,20984652_72208261
0.34615384615384615,COC(=O)[C@H](O)CC(=O)NCc1cccc(Cl)n1,37594046_14585674
0.37142857142857144,COC(=O)[C@H](O)CC(=O)Nc1ccc(OC)cc1,4556034_14585674
0.3918918918918919,COC(=O)c1[nH]cnc1NC(=O)C[C@@H](O)C(=O)OC,17419483_14585674
0.5342465753424658,O=C(Cc1cnoc1)Nc1nncc2ccccc12,20984652_20417417
0.3333333333333333,COC(=O)[C@H](O)CC(=O)NC[C@@H](OC)c1ccco1,43336582_14585674
0.6515151515151515,CS[C@@H](C)CC(=O)Nc1nncc2ccccc12,20984652_5734781
0.5,Nc1nc(CC(=O)Nc2nncc3ccccc23)n[nH]1,20984652_2573009
0.6515151515151515,C[C@@H](CC(=O)Nc1nncc2ccccc12)C(C)(C)C,20984652_5368207
0.35526315789473684,COC(=O)[C@H](O)CC(=O)NCc1cccnc1,1944_14585674
0.6231884057971014,C[C@H](N)C[C@@H](N)CC(=O)Nc1nncc2ccccc12,20984652_1703903
0.5211267605633803,NCC[C@H](N)C(=O)Nc1nncc2ccccc12,20984652_52986906
0.36,COC(=O)[C@H](O)CC(=O)Nc1cccc(C(C)C)c1,2575261_14585674
0.5774647887323944,CCOC(=O)NCC(=O)Nc1nncc2ccccc12,20984652_4887178
0.5428571428571428,O=C(Cn1cnnc1)Nc1nncc2ccccc12,20984652_2598099
0.4533333333333333,O=C(Nc1nncc2ccccc12)c1ccnnc1O,20984652_20357821
0.3835616438356164,COC(=O)[C@H](O)CC(=O)Nc1cncc(F)n1,91252202_14585674
0.47435897435897434,CCc1[nH]ccc1C(=O)Nc1nncc2ccccc12,20984652_82410561
0.5416666666666666,COC(=O)C[C@@H](N)C(=O)Nc1nncc2ccccc12,20984652_2560671
0.4358974358974359,Nc1nccc(C(=O)Nc2nncc3ccccc23)n1,20984652_1690675
0.34615384615384615,COC(=O)[C@H](O)CC(=O)NC[C@H](O)c1ccccn1,15020715_14585674
0.5571428571428572,CN(C)C[C@H](O)C(=O)Nc1nncc2ccccc12,20984652_1683311
0.4,COC(=O)[C@H](O)CC(=O)Nc1noc2cnccc12,25924512_14585674
0.36486486486486486,COC(=O)[C@H](O)CC(=O)NCc1ccnnc1,20417407_14585674
0.38461538461538464,COC(=O)[C@H](O)CC(=O)Nc1nc2ccccc2o1,8581625_14585674
0.5507246376811594,CC[C@@H](OC)C(=O)Nc1nncc2ccccc12,20984652_19091086
0.46153846153846156,COc1oncc1C(=O)Nc1nncc2ccccc12,20984652_12650085
0.44871794871794873,N[C@H](C(=O)Nc1nncc2ccccc12)c1ccc[nH]1,20984652_59743623
0.6285714285714286,C[C@@H](CC(=O)Nc1nncc2ccccc12)NCCO,20984652_35749904
0.38666666666666666,COC(=O)[C@H](O)CC(=O)Nc1cccc(C(C)=O)n1,34753285_14585674
0.35443037974683544,COCc1ccnc(NC(=O)C[C@@H](O)C(=O)OC)n1,34333232_14585674
0.5,O=C(CCc1ccc[nH]1)Nc1nncc2ccccc12,20984652_40448333
0.39436619718309857,COC(=O)[C@H](O)CC(=O)Nc1ccc(OC)nn1,331864_14585674
0.5633802816901409,COCCOCC(=O)Nc1nncc2ccccc12,20984652_1716460
0.4794520547945205,O=C(Nc1nncc2ccccc12)c1cnsc1,20984652_13534103
0.37037037037037035,COC(=O)[C@H](O)CC(=O)Nc1cnnc2[nH]cnc12,8616408_14585674
0.35526315789473684,COC(=O)[C@H](O)CC(=O)Nc1ncnc(OC)n1,2039878_14585674
0.5833333333333334,N[C@H](CC(=O)Nc1nncc2ccccc12)C1CCC1,20984652_26896311
0.5285714285714286,CC[C@@H](C(=O)Nc1nncc2ccccc12)C(C)C,20984652_40377880
0.5492957746478874,COC(=O)C[C@H](C)C(=O)Nc1nncc2ccccc12,20984652_6763328
0.6349206349206349,COCC(=O)Nc1nncc2ccccc12,20984652_1683467
0.3780487804878049,COC(=O)[C@H](O)CC(=O)Nc1nccc2cc(C)[nH]c12,95919938_14585674
0.5441176470588235,CC(C)(O)[C@H](O)C(=O)Nc1nncc2ccccc12,20984652_901904
0.47297297297297297,Cc1ccoc1C(=O)Nc1nncc2ccccc12,20984652_2560477
0.5507246376811594,O=C(Cn1cccc1)Nc1nncc2ccccc12,20984652_332065
0.6285714285714286,CCCC[C@H](O)CC(=O)Nc1nncc2ccccc12,20984652_33903518
0.4189189189189189,COC(=O)[C@H](O)CC(=O)Nc1ncccc1[C@H](C)O,21985760_14585674
0.6567164179104478,C/C=C/[C@H](O)CC(=O)Nc1nncc2ccccc12,20984652_31161987
0.547945205479452,COC[C@](C)(N)CC(=O)Nc1nncc2ccccc12,20984652_82762629
0.3924050632911392,CNc1ncc(C#N)c(NC(=O)C[C@@H](O)C(=O)OC)n1,70019573_14585674
0.4473684210526316,COC(=O)[C@H](O)CC(=O)Nc1nccc2ncccc12,20984791_14585674
0.358974358974359,COC(=O)[C@H](O)CC(=O)Nc1ccc(C)c(C#N)n1,104394396_14585674
0.375,COC(=O)[C@H](O)CC(=O)Nc1cnc2ccccn12,5386220_14585674
0.4868421052631579,CCc1ccc(C(=O)Nc2nncc3ccccc23)[nH]1,20984652_76819524
0.6615384615384615,NC[C@H](O)CC(=O)Nc1nncc2ccccc12,20984652_901811
0.5135135135135135,CCCC[C@@H](OC)C(=O)Nc1nncc2ccccc12,20984652_96585171
0.3875,COC(=O)[C@H](O)CC(=O)Nc1noc2cccnc12,25924587_14585674
0.34210526315789475,COC(=O)[C@H](O)CC(=O)NCC(C)(C)c1ccccc1,1646637_14585674
0.3246753246753247,COC(=O)[C@H](O)CC(=O)NC[C@@H](O)c1ccco1,2525311_14585674
0.35135135135135137,COC(=O)[C@H](O)CC(=O)Nc1nsc(OC)n1,2506770_14585674
0.5942028985507246,CC(C)COCC(=O)Nc1nncc2ccccc12,20984652_168059
0.4605263157894737,O=C(Nc1nncc2ccccc12)c1cncc(F)n1,20984652_60109085
0.4657534246575342,O=C(Nc1nncc2ccccc12)c1nncs1,20984652_2548448
0.43037974683544306,C#Cc1cccc(C(=O)Nc2nncc3ccccc23)n1,20984652_82046790
0.5,O=C(CCc1ccco1)Nc1nncc2ccccc12,20984652_152318
0.5909090909090909,CS(=O)(=O)CC(=O)Nc1nncc2ccccc12,20984652_2510138
0.36585365853658536,COC(=O)[C@H](O)CC(=O)Nc1ncc2c(C)c[nH]c2n1,82408760_14585674
0.32051282051282054,COC(=O)c1cc(NC(=O)C[C@@H](O)C(=O)OC)c[nH]1,20282445_14585674
0.5428571428571428,COC[C@@H](C)C(=O)Nc1nncc2ccccc12,20984652_35755627
0.35802469135802467,COC(=O)[C@H](O)CC(=O)NCc1coc2ccccc12,24429085_14585674
0.4675324675324675,CCn1cc(C(=O)Nc2nncc3ccccc23)cn1,20984652_356346
0.6470588235294118,CN(C)C[C@@H](O)CC(=O)Nc1nncc2ccccc12,20984652_2042472
0.4025974025974026,COC(=O)[C@H](O)CC(=O)Nc1csc2ccccc12,30677853_14585674
0.325,COC(=O)[C@H](O)CC(=O)NC(=N)c1cccc(F)n1,71186670_14585674
0.5131578947368421,Nc1cn(CC(=O)Nc2nncc3ccccc23)cn1,20984652_82410116
0.39473684210526316,COC(=O)[C@H](O)CC(=O)Nc1cc(SC)cnn1,30678126_14585674
0.5428571428571428,C[C@H](O)[C@](C)(N)C(=O)Nc1nncc2ccccc12,20984652_4285764
0.6417910447761194,CC(C)(C)[C@H](N)CC(=O)Nc1nncc2ccccc12,20984652_2387070
0.5714285714285714,CC(C)C(=O)NCC(=O)Nc1nncc2ccccc12,20984652_11888589
0.5972222222222222,CCCC[C@H](N)CC(=O)Nc1nncc2ccccc12,20984652_2124044
0.48,Cn1ncc(C(=O)Nc2nncc3ccccc23)c1F,20984652_145276015
0.52,Cc1oncc1CC(=O)Nc1nncc2ccccc12,20984652_82410135
0.3333333333333333,COC(=O)[C@H](O)CC(=O)N[C@H](C)c1ccns1,73657687_14585674
0.5416666666666666,Cc1nonc1CC(=O)Nc1nncc2ccccc12,20984652_801648
0.6,CC[C@@H](O)C(=O)Nc1nncc2ccccc12,20984652_1693559
0.5205479452054794,CO[C@H](CCN)C(=O)Nc1nncc2ccccc12,20984652_82776003
0.6323529411764706,CC(=O)N[C@@H](C)CC(=O)Nc1nncc2ccccc12,20984652_19092047
0.4657534246575342,O=C(Nc1nncc2ccccc12)c1nnc[nH]1,20984652_4017405
0.6515151515151515,CS[C@H](C)CC(=O)Nc1nncc2ccccc12,20984652_5751156
0.5205479452054794,O=C(Cc1ccc[nH]1)Nc1nncc2ccccc12,20984652_2576193
0.34615384615384615,COC(=O)[C@H](O)CC(=O)N[C@@H](C)c1cccc(F)n1,104665084_14585674
0.45454545454545453,O=C(Nc1nncc2ccccc12)c1ncccc1F,20984652_2598969
0.31645569620253167,COC(=O)[C@H](O)CC(=O)NC[C@H](O)c1cnc[nH]1,5116927_14585674
0.6176470588235294,NC[C@H](CO)CC(=O)Nc1nncc2ccccc12,20984652_38482054
0.3783783783783784,COC(=O)[C@H](O)CC(=O)Nc1ccc([C@H](C)O)cn1,72225122_14585674
0.3815789473684211,CNc1nc(C)ccc1NC(=O)C[C@@H](O)C(=O)OC,39051309_14585674
0.37333333333333335,COC(=O)[C@H](O)CC(=O)Nc1cccnc1[C@@H](C)O,103191759_14585674
0.4675324675324675,CCn1cccc1C(=O)Nc1nncc2ccccc12,20984652_14684345
0.36486486486486486,COC(=O)[C@H](O)CC(=O)Nc1cc(CO)nn1C,95098630_14585674
0.5135135135135135,O=C(Cc1cnco1)Nc1nncc2ccccc12,20984652_20417413
0.5571428571428572,O=C(CC1(O)CCC1)Nc1nncc2ccccc12,20984652_52249177
0.5857142857142857,C[C@@H](O)CCCC(=O)Nc1nncc2ccccc12,20984652_4218505
0.52,COCCC[C@H](N)C(=O)Nc1nncc2ccccc12,20984652_37753861
0.5135135135135135,O=C(Cc1ccon1)Nc1nncc2ccccc12,20984652_20417419
0.30864197530864196,C#C[C@H](NC(=O)C[C@@H](O)C(=O)OC)c1ccccc1O,85399470_14585674
0.4,COC(=O)[C@H](O)CC(=O)Nc1cccc2ccncc12,8698449_14585674
0.30864197530864196,COC(=O)[C@H](O)CC(=O)NCc1nncnc1OC,95743483_14585674
0.36,COC(=O)[C@H](O)CC(=O)Nc1ccnc(F)c1,2384100_14585674
0.33766233766233766,COC(=O)[C@H](O)CC(=O)NCC#Cc1ccccc1,2516052_14585674
0.5909090909090909,CC(C)(O)CC(=O)Nc1nncc2ccccc12,20984652_395642
0.6515151515151515,C[C@H](CC(=O)Nc1nncc2ccccc12)N(C)C,20984652_13347100
0.5352112676056338,O=C(Cn1nnnn1)Nc1nncc2ccccc12,20984652_21983803
0.43661971830985913,COC(=O)[C@H](O)CC(=O)Nc1nncc(C)n1,1672563_14585674
0.527027027027027,Cc1cnn(CC(=O)Nc2nncc3ccccc23)c1,20984652_2549481
0.41333333333333333,C#Cc1cccnc1NC(=O)C[C@@H](O)C(=O)OC,72230789_14585674
0.6470588235294118,CC[C@@H](C)[C@@H](O)CC(=O)Nc1nncc2ccccc12,20984652_52249197
0.5571428571428572,CCCC(=O)NCC(=O)Nc1nncc2ccccc12,20984652_5509432
0.47297297297297297,Cn1nncc1C(=O)Nc1nncc2ccccc12,20984652_62298114
0.3815789473684211,CCNc1cccc(NC(=O)C[C@@H](O)C(=O)OC)n1,82707700_14585674
0.5342465753424658,Cc1ccc(CC(=O)Nc2nncc3ccccc23)o1,20984652_1595537
0.3333333333333333,COCc1cc(NC(=O)C[C@@H](O)C(=O)OC)on1,26512604_14585674
0.45454545454545453,Cc1cccnc1C(=O)Nc1nncc2ccccc12,20984652_1701247
0.36,COC(=O)[C@H](O)CC(=O)Nc1cccc(O)c1OC,34268616_14585674
0.3,COC(=O)[C@H](O)CC(=O)N[C@@H](C#N)c1cccs1,19984869_14585674
0.34615384615384615,COC(=O)[C@H](O)CC(=O)NCc1cccnc1F,35570026_14585674
0.5342465753424658,O=C1C=C(CC(=O)Nc2nncc3ccccc23)N=N1,20984652_39599933
0.4084507042253521,COC(=O)[C@H](O)CC(=O)Nc1nccnc1OC,20357594_14585674
0.2631578947368421,COC(=O)[C@H](O)CC(=O)NCC1(C(F)(F)F)CC1,82410583_14585674
0.5342465753424658,COCC[C@@H](N)C(=O)Nc1nncc2ccccc12,20984652_2036816
0.28169014084507044,COC[C@H](NC(=O)C[C@@H](O)C(=O)OC)C(=O)OC,34194783_14585674
0.4057971014492754,COC(=O)[C@H](O)CC(=O)Nc1ccno1,6661039_14585674
0.5633802816901409,COC(=O)NCCC(=O)Nc1nncc2ccccc12,20984652_18193752
0.36486486486486486,COC(=O)[C@H](O)CC(=O)Nc1ccc(O)c(F)c1F,2243354_14585674
0.5,Nc1ccnn1CC(=O)Nc1nncc2ccccc12,20984652_39118692
0.6323529411764706,CCC[C@H](C)CC(=O)Nc1nncc2ccccc12,20984652_2037119
0.5277777777777778,O=C(Nc1nncc2ccccc12)[C@@H](O)CCCO,20984652_13539235
0.35135135135135137,CC[C@@H](NC(=O)C[C@@H](O)C(=O)OC)c1ccccc1,2014818_14585674
0.5616438356164384,CC(C)CCOCC(=O)Nc1nncc2ccccc12,20984652_5759091
0.6142857142857143,CC[C@H](C)[C@@H](N)CC(=O)Nc1nncc2ccccc12,20984652_170373
0.3684210526315789,COC(=O)[C@H](O)CC(=O)Nc1cnc(OC)nc1C,82837467_14585674
0.38571428571428573,COC(=O)[C@H](O)CC(=O)Nc1nc(F)cc(F)n1,967445_14585674
0.3333333333333333,COC(=O)[C@H](O)CC(=O)NC[C@H](C)c1cccs1,6408903_14585674
0.35526315789473684,COC(=O)[C@H](O)CC(=O)NC(=N)c1ccccc1C,1439402_14585674
0.3783783783783784,COC(=O)[C@H](O)CC(=O)Nc1ccc([C@@H](C)O)cn1,72225123_14585674
0.3333333333333333,COC(=O)[C@H](O)CC(=O)Nc1cccc(CC#N)c1,2507095_14585674
0.6056338028169014,CCCC[C@@H](C)CC(=O)Nc1nncc2ccccc12,20984652_2578913
0.37662337662337664,CNCc1cccc(NC(=O)C[C@@H](O)C(=O)OC)n1,39050966_14585674
0.3466666666666667,COC(=O)[C@H](O)CC(=O)N[C@H](C)[C@H](C)c1ccccc1,1670065_14585674
0.36363636363636365,COC(=O)[C@H](O)CC(=O)Nc1c(C)ccnc1OC,8698247_14585674
0.3333333333333333,COC(=O)[C@H](O)CC(=O)N[C@@H]1C[C@@H]1c1ccccc1,1639567_14585674
0.38271604938271603,COC(=O)[C@H](O)CC(=O)Nc1nnc2nc(C)ccn12,66323473_14585674
0.48,C[C@H](C(=O)Nc1nncc2ccccc12)c1ccco1,20984652_19726378
0.34615384615384615,COC(=O)[C@H](O)CC(=O)Nc1ncc(OC)c(=O)[nH]1,8462129_14585674
0.4931506849315068,C[C@@H](C(=O)Nc1nncc2ccccc12)C1CCC1,20984652_19726548
0.5571428571428572,O=C(COC1CC1)Nc1nncc2ccccc12,20984652_104735165
0.6825396825396826,C[C@H](N)CC(=O)Nc1nncc2ccccc12,20984652_2034865
0.36,COC(=O)[C@H](O)CC(=O)Nc1cc(C)c(C)nc1C,104559346_14585674
0.5066666666666667,Nc1nnnn1CC(=O)Nc1nncc2ccccc12,20984652_4143886
0.5555555555555556,CCC(C)(C)OCC(=O)Nc1nncc2ccccc12,20984652_26515409
0.37333333333333335,COC(=O)[C@H](O)CC(=O)Nc1ccc(C#N)nn1,40448547_14585674
0.5138888888888888,CO[C@@H](C)[C@@H](N)C(=O)Nc1nncc2ccccc12,20984652_1700277
0.4794520547945205,Nc1cnc(C(=O)Nc2nncc3ccccc23)nc1,20984652_26896534
0.6615384615384615,C[C@H](CN)CC(=O)Nc1nncc2ccccc12,20984652_13818301
0.582089552238806,CC#CCC(=O)Nc1nncc2ccccc12,20984652_5158089
0.6142857142857143,C[C@H](CC(=O)Nc1nncc2ccccc12)NC(=N)N,20984652_2044818
0.3888888888888889,COC(=O)[C@H](O)CC(=O)Nc1ccc(OC)nc1,404286_14585674
0.34615384615384615,COC(=O)[C@H](O)CC(=O)Nc1ccnc(Cl)c1F,77031546_14585674
0.4246575342465753,COC(=O)[C@H](O)CC(=O)Nc1ncccc1C(C)C,69841514_14585674
0.5797101449275363,CC(C)(C)C[C@H](O)C(=O)Nc1nncc2ccccc12,20984652_34016778
0.5277777777777778,O=C(Cc1cncnc1)Nc1nncc2ccccc12,20984652_15022135
0.671875,CC(C)[C@@H](C)CC(=O)Nc1nncc2ccccc12,20984652_2042250
0.5857142857142857,CO[C@@H](C)CCC(=O)Nc1nncc2ccccc12,20984652_5085437
0.5294117647058824,CC(C)[C@H](N)C(=O)Nc1nncc2ccccc12,20984652_895099
0.3783783783783784,CCc1ccc(NC(=O)C[C@@H](O)C(=O)OC)cn1,34171709_14585674
0.46153846153846156,CCn1nncc1C(=O)Nc1nncc2ccccc12,20984652_20438778
0.4027777777777778,COC(=O)[C@H](O)CC(=O)Nc1cccc(C)n1,19075790_14585674
0.3493975903614458,COC(=O)[C@H](O)CC(=O)Nc1cnc2cc[nH]c2c1,14401123_14585674
0.38666666666666666,COC(=O)[C@H](O)CC(=O)Nc1ncnc(OC)c1C,78725118_14585674
0.4722222222222222,O=C(Nc1nncc2ccccc12)c1ccco1,20984652_158555
0.35365853658536583,COC(=O)[C@H](O)CC(=O)Nc1cccn2nc(C)nc12,32189568_14585674
0.4025974025974026,COC(=O)[C@H](O)CC(=O)Nc1cc2ccccc2n1C,16698184_14585674
0.2631578947368421,COC(=O)[C@H](O)CC(=O)N[C@@H](CC1CC1)C(=O)OC,69553575_14585674
0.5507246376811594,O=C(Nc1nncc2ccccc12)[C@@H](O)CCO,20984652_2559503
0.2857142857142857,COC(=O)[C@H](O)CC(=O)N[C@H](CF)C(=O)OC,34326189_14585674
0.3246753246753247,COC(=O)[C@H](O)CC(=O)NC[C@@H](O)c1cccs1,2525312_14585674
0.41025641025641024,COC(=O)[C@H](O)CC(=O)Nc1ncn2ccccc12,84238757_14585674
0.6231884057971014,C[C@@H](CCN)CC(=O)Nc1nncc2ccccc12,20984652_78809019
0.5441176470588235,CC[C@H](C)C(=O)Nc1nncc2ccccc12,20984652_391203
0.5,C[C@H](C(=O)Nc1nncc2ccccc12)n1cccc1,20984652_106411
0.4177215189873418,COC(=O)[C@H](O)CC(=O)Nc1noc2c(C)cccc12,96529658_14585674
0.38461538461538464,COC(=O)[C@H](O)CC(=O)Nc1cccc(C2CC2)n1,18887635_14585674
0.6323529411764706,CC(=O)N[C@H](C)CC(=O)Nc1nncc2ccccc12,20984652_19092050
0.5205479452054794,O=C(Cc1cccs1)Nc1nncc2ccccc12,20984652_157069
0.6231884057971014,CCS[C@@H](C)CC(=O)Nc1nncc2ccccc12,20984652_1757857
0.5135135135135135,Nc1cnn(CC(=O)Nc2nncc3ccccc23)c1,20984652_2537419
0.35526315789473684,COC(=O)[C@H](O)CC(=O)Nc1cnc(OC)c(F)c1,38339257_14585674
0.36363636363636365,COC(=O)[C@H](O)CC(=O)Nc1cnc(C)nc1OC,39053140_14585674
0.33766233766233766,COC(=O)[C@H](O)CC(=O)NCCCc1ccccc1,1561633_14585674
0.3835616438356164,COC(=O)[C@H](O)CC(=O)Nc1ccccc1C(C)C,2031561_14585674
0.3670886075949367,COC(=O)[C@H](O)CC(=O)Nc1ccc(C#N)nc1OC,88187525_14585674
0.5405405405405406,COCCN(C)CC(=O)Nc1nncc2ccccc12,20984652_19090737
0.4166666666666667,COC(=O)[C@H](O)CC(=O)Nc1ncncc1F,3130164_14585674
0.4666666666666667,Cn1cnc(C(=O)Nc2nncc3ccccc23)n1,20984652_40448574
0.4,COC(=O)[C@H](O)CC(=O)Nc1nccc(OC)c1C,238385067_14585674
0.391304347826087,COC(=O)[C@H](O)CC(=O)Nc1c(C)cccc1C,900692_14585674
0.35802469135802467,COC(=O)[C@H](O)CC(=O)NCc1c[nH]c2ccccc12,152322_14585674
0.4794520547945205,Cn1cnnc1C(=O)Nc1nncc2ccccc12,20984652_95642133
0.5135135135135135,O=C(Cc1csnn1)Nc1nncc2ccccc12,20984652_82839641
0.5135135135135135,O=C(Cc1ccno1)Nc1nncc2ccccc12,20984652_20417415
0.6231884057971014,C[C@@H](CC(=O)Nc1nncc2ccccc12)NC(N)=O,20984652_13547997
0.6323529411764706,CCC[C@@H](C)CC(=O)Nc1nncc2ccccc12,20984652_1591809
0.5342465753424658,COCC[C@H](N)C(=O)Nc1nncc2ccccc12,20984652_1699922
0.5277777777777778,CO[C@@H](CC(C)C)C(=O)Nc1nncc2ccccc12,20984652_96585179
0.5205479452054794,O=C(CCn1cnnc1)Nc1nncc2ccccc12,20984652_2573102
0.3466666666666667,COC(=O)[C@H](O)CC(=O)NC(=N)Cc1ccccc1,331952_14585674
0.45454545454545453,Cn1c(C(=O)Nc2nncc3ccccc23)c[nH]c1=O,20984652_63110830
0.325,COC(=O)[C@H](O)CC(=O)N[C@@H](C#N)c1ccccc1C,19987085_14585674
0.527027027027027,CC(=O)OC[C@@H](N)C(=O)Nc1nncc2ccccc12,20984652_1747043
0.6363636363636364,NC[C@@H](N)CC(=O)Nc1nncc2ccccc12,20984652_40448670
0.36,COC(=O)[C@H](O)CC(=O)NCc1cnn(C)c1,32356_14585674
0.40789473684210525,CCc1ccc(C#N)c(NC(=O)C[C@@H](O)C(=O)OC)n1,82408885_14585674
0.5882352941176471,C[S@](=O)CCC(=O)Nc1nncc2ccccc12,20984652_37921892
0.40789473684210525,COC(=O)[C@H](O)CC(=O)Nc1nc(C)ccc1C#N,22011470_14585674
0.6323529411764706,CC[C@H](CC(=O)Nc1nncc2ccccc12)SC,20984652_62766653
0.35365853658536583,COC(=O)[C@H](O)CC(=O)Nc1nc2ccncc2o1,82836824_14585674
0.5441176470588235,C[C@@H](O)[C@@H](N)C(=O)Nc1nncc2ccccc12,20984652_895399
0.5774647887323944,CCC[C@@H](C)OCC(=O)Nc1nncc2ccccc12,20984652_1693442
0.52,Cn1cc(CC(=O)Nc2nncc3ccccc23)cn1,20984652_20442159
0.5342465753424658,O=C(Cc1cn[nH]c1)Nc1nncc2ccccc12,20984652_20438761
0.4794520547945205,Cc1nnc(C(=O)Nc2nncc3ccccc23)o1,20984652_2559696
0.35526315789473684,CC[C@@H](CNC(=O)C[C@@H](O)C(=O)OC)c1ccccc1,1598924_14585674
0.2898550724637681,COC(=O)[C@H](O)CC(=O)N[C@@H](C(=O)OC)[C@H](C)O,34924610_14585674
0.3698630136986301,COC(=O)[C@H](O)CC(=O)N[C@@H](C(C)=O)c1ccccc1,165129_14585674
0.4533333333333333,Nc1ccc(C(=O)Nc2nncc3ccccc23)nn1,20984652_20357819
0.36486486486486486,CCOc1ncc(NC(=O)C[C@@H](O)C(=O)OC)cn1,39052909_14585674
0.3974358974358974,COC(=O)[C@H](O)CC(=O)Nc1cn(C)c2ccccc12,71495343_14585674
0.6376811594202898,CC[C@@H](O)[C@@H](N)CC(=O)Nc1nncc2ccccc12,20984652_38292440
0.5205479452054794,O=C(Cc1ccco1)Nc1nncc2ccccc12,20984652_1841060
0.3783783783783784,COC(=O)[C@H](O)CC(=O)Nc1ccccc1N(C)C,1840993_14585674
0.3670886075949367,COC(=O)[C@H](O)CC(=O)Nc1cc2ccccn2n1,84312700_14585674
0.52,Cc1cc[nH]c1CC(=O)Nc1nncc2ccccc12,20984652_40546654
0.4666666666666667,Cc1nc(C(=O)Nc2nncc3ccccc23)no1,20984652_20357823
0.3493975903614458,COC(=O)[C@H](O)CC(=O)Nc1ccc2cncnc2n1,39052874_14585674
0.5416666666666666,CC[C@@H](C)[C@@H](OC)C(=O)Nc1nncc2ccccc12,20984652_159686245
0.6363636363636364,N[C@@H](CC(=O)Nc1nncc2ccccc12)C(F)F,20984652_39439655
0.5857142857142857,C[C@H](O)CCCC(=O)Nc1nncc2ccccc12,20984652_4218504
0.3780487804878049,COC(=O)[C@H](O)CC(=O)Nc1cccc2cncnc12,21987234_14585674
0.33766233766233766,CCC[C@H](NC(=O)C[C@@H](O)C(=O)OC)c1ccccc1,3333288_14585674
0.38571428571428573,COC(=O)[C@H](O)CC(=O)Nc1ncc(OC)cn1,3123156_14585674
0.35064935064935066,CCC(=O)c1cc(NC(=O)C[C@@H](O)C(=O)OC)on1,169603718_14585674
0.4473684210526316,O=C(Nc1nncc2ccccc12)c1cnc(Cl)o1,20984652_108365796
0.4,COC(=O)[C@H](O)CC(=O)Nc1ccccc1F,157599_14585674
0.3684210526315789,COC(=O)[C@H](O)CC(=O)Nc1ccccc1CC(C)C,33605873_14585674
0.34615384615384615,COC(=O)[C@H](O)CC(=O)NCc1cc(C)cnn1,95743290_14585674
0.4675324675324675,C[C@H](C(=O)Nc1nncc2ccccc12)n1ccnn1,20984652_59843750
0.358974358974359,COC(=O)[C@H](O)CC(=O)Nc1ccc(C2CC2)cn1,18854771_14585674
0.3333333333333333,COCCn1cc(NC(=O)C[C@@H](O)C(=O)OC)cn1,11920295_14585674
0.4246575342465753,COC(=O)[C@H](O)CC(=O)Nc1ncncc1CO,3650210_14585674
0.35443037974683544,COC(=O)[C@H](O)CC(=O)Nc1c(C#N)cccc1OC,11919413_14585674
0.4675324675324675,C[C@H](C(=O)Nc1nncc2ccccc12)n1cccn1,20984652_12396107
0.5205479452054794,COCC[C@@H](C)C(=O)Nc1nncc2ccccc12,20984652_34319316
0.43661971830985913,COC(=O)[C@H](O)CC(=O)Nc1nc(C)ccc1C,15442195_14585674
0.4935064935064935,O=C(CCn1cccn1)Nc1nncc2ccccc12,20984652_814061
0.5694444444444444,CCCCOCC(=O)Nc1nncc2ccccc12,20984652_1712617
0.4166666666666667,COC(=O)[C@H](O)CC(=O)Nc1ncc(F)cc1Cl,91301654_14585674
0.38666666666666666,COC(=O)[C@H](O)CC(=O)Nc1cccc(C(C)C)n1,40448826_14585674
0.28169014084507044,COC[C@@H](NC(=O)C[C@@H](O)C(=O)OC)C(=O)OC,34194785_14585674
0.35443037974683544,COCc1nccc(NC(=O)C[C@@H](O)C(=O)OC)n1,50847181_14585674
0.4722222222222222,O=C(Nc1nncc2ccccc12)c1cnns1,20984652_5426002
0.5342465753424658,CN(C)CC[C@@H](O)C(=O)Nc1nncc2ccccc12,20984652_234298771
0.44155844155844154,Nc1ccnnc1C(=O)Nc1nncc2ccccc12,20984652_19854095
0.37662337662337664,COC(=O)[C@H](O)CC(=O)Nc1cccc(C#N)n1,39050487_14585674
0.35064935064935066,CCc1c(O)cccc1NC(=O)C[C@@H](O)C(=O)OC,59425544_14585674
0.34177215189873417,COC(=O)[C@H](O)CC(=O)Nc1cc(C(F)F)ccn1,98181746_14585674
0.5571428571428572,CC(C)(N)CCC(=O)Nc1nncc2ccccc12,20984652_1571163
0.49333333333333335,Cn1cc(C(=O)Nc2nncc3ccccc23)c(F)n1,20984652_203089095
0.6615384615384615,C[C@@H](CN)CC(=O)Nc1nncc2ccccc12,20984652_13818298
0.4666666666666667,Cc1nc(C(=O)Nc2nncc3ccccc23)c(C)o1,20984652_49934280
0.5915492957746479,C#CC[C@H](N)CC(=O)Nc1nncc2ccccc12,20984652_2385928
0.32894736842105265,COC(=O)[C@H](O)CC(=O)Nc1c[nH]cc(OC)c1=O,35605540_14585674
0.45569620253164556,CCn1nccc1C(=O)Nc1nncc2ccccc12,20984652_392139
0.4,COC(=O)[C@H](O)CC(=O)Nc1cc(C(=O)O)cnn1,82837321_14585674
0.5285714285714286,C[C@H](O)[C@](C)(O)C(=O)Nc1nncc2ccccc12,20984652_1731109
0.38028169014084506,COC(=O)[C@H](O)CC(=O)Nc1ccn[nH]1,95470183_14585674
0.5352112676056338,NCCC(=O)NCC(=O)Nc1nncc2ccccc12,20984652_1575546
0.4444444444444444,COC(=O)[C@H](O)CC(=O)Nc1nnccc1C(=O)O,4202687_14585674
0.5652173913043478,CCC[C@H](O)C(=O)Nc1nncc2ccccc12,20984652_394027
0.4225352112676056,COC(=O)[C@H](O)CC(=O)Nc1nnc(C)cc1C,3631901_14585674
0.5135135135135135,CCC[C@H](N)[C@@H](O)C(=O)Nc1nncc2ccccc12,20984652_35050457
0.4155844155844156,COC(=O)[C@H](O)CC(=O)Nc1ncccc1C1CC1,70621838_14585674
0.52,Cc1conc1CC(=O)Nc1nncc2ccccc12,20984652_169244473
0.35443037974683544,COC(=O)[C@H](O)CC(=O)Nc1cc(C2CC2)ccn1,18899190_14585674
0.2916666666666667,C=C(C)C[C@@H](NC(=O)C[C@@H](O)C(=O)OC)C(=O)OC,38948743_14585674
0.5416666666666666,CC(C)(CO)NCC(=O)Nc1nncc2ccccc12,20984652_35603965
0.6615384615384615,CC[C@H](C)CC(=O)Nc1nncc2ccccc12,20984652_391784
0.4666666666666667,Cn1ncc(C(=O)Nc2nncc3ccccc23)n1,20984652_82522260
0.6086956521739131,N[C@@H](CCO)CC(=O)Nc1nncc2ccccc12,20984652_82073081
0.37333333333333335,COC(=O)[C@H](O)CC(=O)Nc1cnc(F)c(C)c1,2384018_14585674
0.4268292682926829,C#CCn1cccc1C(=O)Nc1nncc2ccccc12,20984652_39066000
0.3048780487804878,COC(=O)[C@H](O)CC(=O)NC(=N)c1ncccc1F,34553100_14585674
0.5428571428571428,NCC[C@H](O)C(=O)Nc1nncc2ccccc12,20984652_2019611
0.4594594594594595,Nc1cnc(C(=O)Nc2nncc3ccccc23)s1,20984652_1752172
0.6231884057971014,CC(C)C[C@@H](N)CC(=O)Nc1nncc2ccccc12,20984652_170352
0.5694444444444444,CCC[C@H](O)CCC(=O)Nc1nncc2ccccc12,20984652_3846436
0.5342465753424658,O=C(CCC1(O)CCC1)Nc1nncc2ccccc12,20984652_85492072
0.37037037037037035,COC(=O)[C@H](O)CC(=O)Nc1cccc2c(C)n[nH]c12,4342671_14585674
0.6086956521739131,N[C@@H](CC(=O)Nc1nncc2ccccc12)C1CC1,20984652_2511673
0.44285714285714284,COC(=O)[C@H](O)CC(=O)Nc1ncccc1Cl,19737460_14585674
0.3333333333333333,COC(=O)[C@H](O)CC(=O)NCCNc1cccnn1,52815753_14585674
0.38961038961038963,COC(=O)[C@H](O)CC(=O)Nc1ncc(C#N)cc1F,149668685_14585674
0.345679012345679,COC(=O)[C@H](O)CC(=O)Nc1ccc2nc[nH]c2n1,18544386_14585674
0.35,COC(=O)[C@H](O)CC(=O)Nc1ccc(C2CCC2)nc1,44121421_14585674
0.4,COC(=O)[C@H](O)CC(=O)Nc1nnco1,17302975_14585674
0.37333333333333335,COC(=O)[C@H](O)CC(=O)Nc1ccc(Cl)c(C)n1,15423947_14585674
0.4657534246575342,O=C(Nc1nncc2ccccc12)C1=NCCC1,20984652_26379237
0.4666666666666667,Cn1cncc1C(=O)Nc1nncc2ccccc12,20984652_19850648
0.325,COC(=O)[C@H](O)CC(=O)NCc1nc(C)ccc1F,66322828_14585674
0.5352112676056338,N[C@H](CCF)C(=O)Nc1nncc2ccccc12,20984652_83119819
0.45454545454545453,Cc1ncccc1C(=O)Nc1nncc2ccccc12,20984652_336741
0.5277777777777778,CCC[C@@H](OC)C(=O)Nc1nncc2ccccc12,20984652_22122712
0.4,COC(=O)[C@H](O)CC(=O)Nc1cccc2ccnnc12,24602504_14585674
0.4189189189189189,COC(=O)[C@H](O)CC(=O)Nc1nc(C)cnc1Cl,95631128_14585674
0.6515151515151515,C[C@H](N)[C@@H](C)CC(=O)Nc1nncc2ccccc12,20984652_72208146
0.3684210526315789,COC(=O)c1cnc(NC(=O)C[C@@H](O)C(=O)OC)o1,15021590_14585674
0.34177215189873417,CCOc1cc(NC(=O)C[C@@H](O)C(=O)OC)ccn1,19801114_14585674
0.5142857142857142,CC(C)(O)[C@H](N)C(=O)Nc1nncc2ccccc12,20984652_2516985
0.3466666666666667,COC(=O)[C@H](O)CC(=O)N[C@@H](C)Cc1ccccc1,6021033_14585674
0.52,Cn1ncc(CC(=O)Nc2nncc3ccccc23)n1,20984652_211827455
0.4675324675324675,CCc1nc(C(=O)Nc2nncc3ccccc23)co1,20984652_34924959
0.31645569620253167,COC[C@@H](NC(=O)C[C@@H](O)C(=O)OC)c1ccco1,70184754_14585674
0.4666666666666667,Cn1ccc(C(=O)Nc2nncc3ccccc23)n1,20984652_1088696
0.3815789473684211,COC(=O)[C@H](O)CC(=O)Nc1n[nH]c(C)cc1=S,33753750_14585674
0.4473684210526316,Nc1cccc(C(=O)Nc2nncc3ccccc23)n1,20984652_336886
0.5571428571428572,CN(C)C[C@@H](O)C(=O)Nc1nncc2ccccc12,20984652_6437143
0.3684210526315789,CCOc1ccc(NC(=O)C[C@@H](O)C(=O)OC)nc1,19868934_14585674
0.5294117647058824,O=C(Nc1nncc2ccccc12)C(CF)CF,20984652_115070774
0.38666666666666666,CCc1cccc(NC(=O)C[C@@H](O)C(=O)OC)n1,5197414_14585674
0.39436619718309857,COC(=O)[C@H](O)CC(=O)Nc1cnc(OC)cn1,33358876_14585674
0.34210526315789475,COC(=O)[C@H](O)CC(=O)Nc1ccc(OC)c(F)c1,389573_14585674
0.5774647887323944,CCC[C@H](C)OCC(=O)Nc1nncc2ccccc12,20984652_5561066
0.4125,COC(=O)[C@H](O)CC(=O)Nc1nc(C)nn2cccc12,82408753_14585674
0.52,Cn1nnnc1CC(=O)Nc1nncc2ccccc12,20984652_1564367
0.47368421052631576,COc1cnc(C(=O)Nc2nncc3ccccc23)o1,20984652_1383617
0.4473684210526316,O=C(Nc1nncc2ccccc12)c1ncccc1O,20984652_157108
0.527027027027027,Cc1[nH]ncc1CC(=O)Nc1nncc2ccccc12,20984652_20438969
0.36,COC(=O)[C@H](O)CC(=O)Nc1cccc(O)c1C,407044_14585674
0.5294117647058824,COC(C)(C)C(=O)Nc1nncc2ccccc12,20984652_14000346
0.6231884057971014,CCC[C@H](CC)CC(=O)Nc1nncc2ccccc12,20984652_2006815
0.38666666666666666,COC(=O)[C@H](O)CC(=O)Nc1cncc(C(=O)O)n1,39083038_14585674
0.34210526315789475,C#C[C@H](NC(=O)C[C@@H](O)C(=O)OC)c1ccccc1,32501210_14585674
0.6231884057971014,CC[C@@H](CC(=O)Nc1nncc2ccccc12)[C@@H](C)N,20984652_72208260
0.3783783783783784,COC(=O)[C@H](O)CC(=O)Nc1cnc(F)c(F)c1,88189915_14585674
0.52,Cc1cc(CC(=O)Nc2nncc3ccccc23)on1,20984652_403274
0.5205479452054794,COC[C@@H](C)[C@H](C)C(=O)Nc1nncc2ccccc12,20984652_86338191
0.3333333333333333,COC(=O)[C@H](O)CC(=O)Nc1nc(CC(C)C)n[nH]1,8730741_14585674
0.5970149253731343,CC(C)NC(=O)CC(=O)Nc1nncc2ccccc12,20984652_20204964
0.3333333333333333,COC(=O)[C@H](O)CC(=O)Nc1cnc(C#N)c(OC)c1,39048376_14585674
0.273972602739726,COC(=O)[C@H](O)CC(=O)NC(=O)COCC(=O)O,2555912_14585674
0.6417910447761194,CC(C)C[C@@H](C)CC(=O)Nc1nncc2ccccc12,20984652_20259963
0.5362318840579711,C[C@H](NC(C)(C)C)C(=O)Nc1nncc2ccccc12,20984652_2516911
0.5066666666666667,O=C(Cc1nonc1O)Nc1nncc2ccccc12,20984652_5282317
0.43209876543209874,N#Cc1ncccc1C(=O)Nc1nncc2ccccc12,20984652_14684159
0.36585365853658536,COC(=O)[C@H](O)CC(=O)Nc1ncc2[nH]ccc2n1,18556258_14585674
0.31645569620253167,COC(=O)[C@H](O)CC(=O)NCc1cccc(F)c1O,82631567_14585674
0.3972602739726027,CNc1cccc(NC(=O)C[C@@H](O)C(=O)OC)n1,72230859_14585674
0.6231884057971014,C[C@@H](N)C[C@H](N)CC(=O)Nc1nncc2ccccc12,20984652_1703902
0.4657534246575342,O=C(Nc1nncc2ccccc12)c1ccsn1,20984652_12958089
0.4027777777777778,COC(=O)[C@H](O)CC(=O)Nc1cccc(F)n1,19616089_14585674
0.3888888888888889,COC(=O)[C@H](O)CC(=O)Nc1ccc(C)cn1,164623_14585674
0.3291139240506329,COCn1cnc(NC(=O)C[C@@H](O)C(=O)OC)n1,15635457_14585674
0.358974358974359,COC(=O)[C@H](O)CC(=O)Nc1cnccc1N(C)C,19763686_14585674
0.45454545454545453,O=C(Nc1nncc2ccccc12)c1cnn(CO)c1,20984652_8733282
0.36363636363636365,COC(=O)[C@H](O)CC(=O)Nc1nccc(C(C)C)n1,34333235_14585674
0.5833333333333334,N[C@@H](CC(=O)Nc1nncc2ccccc12)C1CCC1,20984652_26896308
0.4166666666666667,COC(=O)[C@H](O)CC(=O)Nc1nnc(Cl)cc1C,39212995_14585674
0.6417910447761194,CC(C)N[C@@H](C)CC(=O)Nc1nncc2ccccc12,20984652_35747432
0.4533333333333333,O=C(Nc1nncc2ccccc12)c1cccc(O)c1,20984652_388754
0.5135135135135135,O=C(Cc1ccn[nH]1)Nc1nncc2ccccc12,20984652_20417336
0.3684210526315789,COC(=O)[C@H](O)CC(=O)Nc1cncc(OC)c1C,35270426_14585674
0.4861111111111111,Nc1ncc(C(=O)Nc2nncc3ccccc23)s1,20984652_1762884
0.45454545454545453,O=C(Nc1nncc2ccccc12)c1cncc(F)c1,20984652_2244270
0.5416666666666666,CC[C@H](C)[C@H](OC)C(=O)Nc1nncc2ccccc12,20984652_159686105
0.6142857142857143,CC[C@H](C)[C@H](N)CC(=O)Nc1nncc2ccccc12,20984652_170368
0.6515151515151515,C[C@H](N)[C@H](C)CC(=O)Nc1nncc2ccccc12,20984652_72208147
0.34210526315789475,CC[C@H](NC(=O)C[C@@H](O)C(=O)OC)c1ccco1,20264954_14585674
0.38461538461538464,COC(=O)[C@H](O)CC(=O)Nc1cccc2cccnc12,105176_14585674
0.5774647887323944,CCOC(=O)CCC(=O)Nc1nncc2ccccc12,20984652_2004473
0.52,Cc1c[nH]c(CC(=O)Nc2nncc3ccccc23)n1,20984652_82410357
0.4861111111111111,O=C(Nc1nncc2ccccc12)c1cn[nH]c1,20984652_2167062
0.379746835443038,COC(=O)[C@H](O)CC(=O)Nc1nnc2ccccn12,8616242_14585674
0.5428571428571428,CC(=O)C[C@H](C)C(=O)Nc1nncc2ccccc12,20984652_2036626
0.5135135135135135,CC[C@@H](CCOC)C(=O)Nc1nncc2ccccc12,20984652_40377760
0.5131578947368421,Cn1cnc(CC(=O)Nc2nncc3ccccc23)c1,20984652_25722461
0.5131578947368421,O=C(CCc1c[nH]nn1)Nc1nncc2ccccc12,20984652_9471403
0.5428571428571428,O=C(C[C]1[CH][CH][CH][CH]1)Nc1nncc2ccccc12,20984652_100506569
0.609375,CNC(=O)CC(=O)Nc1nncc2ccccc12,20984652_5996102
0.38028169014084506,COC(=O)[C@H](O)CC(=O)Nc1ccsn1,39310093_14585674
0.5833333333333334,NCCC[C@H](N)CC(=O)Nc1nncc2ccccc12,20984652_1532872
0.345679012345679,C#Cc1ccc(NC(=O)C[C@@H](O)C(=O)OC)c(C#N)n1,39051207_14585674
0.43243243243243246,COC(=O)[C@H](O)CC(=O)Nc1nc(O)ncc1C#N,492965_14585674
0.35135135135135137,COC(=O)[C@H](O)CC(=O)Nc1cc(F)ncn1,3098198_14585674
0.4358974358974359,O=C(Nc1nncc2ccccc12)c1cc(O)ccn1,20984652_8717785
0.4358974358974359,Nc1nncnc1C(=O)Nc1nncc2ccccc12,20984652_39083028
0.3698630136986301,COC(=O)[C@H](O)CC(=O)Nc1cnc(Cl)cn1,35635542_14585674
0.5362318840579711,CO[C@@H](C(=O)Nc1nncc2ccccc12)C(C)C,20984652_19513080
0.6417910447761194,CC[C@H](CC(=O)Nc1nncc2ccccc12)C(C)C,20984652_15205233
0.52,Cc1nnnn1CC(=O)Nc1nncc2ccccc12,20984652_4529737
0.3,CC[C@H](CNC(=O)C[C@@H](O)C(=O)OC)C(=O)OC,78724897_14585674
0.30864197530864196,COC(=O)[C@H](O)CC(=O)NCCc1ccc(F)cn1,20445911_14585674
0.4177215189873418,COC(=O)[C@H](O)CC(=O)Nc1n[nH]c2ccncc12,25924175_14585674
0.5,COCCC[C@H](C)C(=O)Nc1nncc2ccccc12,20984652_2048738
0.32098765432098764,COC(=O)[C@H](O)CC(=O)Nc1nc([C@@H]2C[C@@H]2C)n[nH]1,48630477_14585674
0.5416666666666666,CCCC[C@@H](O)C(=O)Nc1nncc2ccccc12,20984652_1757853
0.547945205479452,CCOCCCC(=O)Nc1nncc2ccccc12,20984652_19425541
0.5205479452054794,COC[C@@H](C(=O)Nc1nncc2ccccc12)N(C)C,20984652_36466213
0.5066666666666667,COCCO[C@H](C)C(=O)Nc1nncc2ccccc12,20984652_19431294
0.3918918918918919,COC(=O)[C@H](O)CC(=O)Nc1cc(Cl)ccn1,19735878_14585674
0.5362318840579711,C[C@H](CN)C(=O)Nc1nncc2ccccc12,20984652_895587
0.34615384615384615,COC(=O)[C@H](O)CC(=O)N[C@H](C)c1cccc(F)n1,104520705_14585674
0.4189189189189189,COC(=O)[C@H](O)CC(=O)Nc1ncccc1C(=O)O,331646_14585674
0.6231884057971014,C[C@@H](CC(=O)Nc1nncc2ccccc12)CN(C)C,20984652_43502605
0.3466666666666667,COC(=O)[C@H](O)CC(=O)Nc1ccc(C)cc1F,389592_14585674
0.34177215189873417,COC(=O)[C@H](O)CC(=O)Nc1cc(F)cnc1C#N,72265860_14585674
0.5205479452054794,CC(C)CC[C@H](N)C(=O)Nc1nncc2ccccc12,20984652_1672985
0.3835616438356164,COC(=O)[C@H](O)CC(=O)Nc1ccccc1[C@@H](C)O,5141755_14585674
0.3972602739726027,COC(=O)[C@H](O)CC(=O)Nc1ccnnc1Cl,40448770_14585674
0.3670886075949367,COC(=O)[C@H](O)CC(=O)Nc1cccc2ccoc12,34408009_14585674
0.4675324675324675,C[C@@H](C(=O)Nc1nncc2ccccc12)n1cnnn1,20984652_32500131
0.5352112676056338,O=C(Cc1ncccn1)Nc1nncc2ccccc12,20984652_2540589
0.36363636363636365,COC(=O)[C@H](O)CC(=O)Nc1ccnc(F)c1Cl,71256007_14585674
0.3783783783783784,COC(=O)[C@H](O)CC(=O)Nc1ccc(F)nc1C,2383956_14585674
0.3783783783783784,COC(=O)[C@H](O)CC(=O)Nc1ccc(C(C)C)nc1,21982260_14585674
0.5970149253731343,CCOCC(=O)Nc1nncc2ccccc12,20984652_1866957
0.4166666666666667,COC(=O)[C@H](O)CC(=O)Nc1ncc(O)cc1Cl,21981818_14585674
0.5970149253731343,COC(=O)CCC(=O)Nc1nncc2ccccc12,20984652_152993
0.313953488372093,COC(=O)[C@H](O)CC(=O)NCc1nc2ccccn2n1,82749124_14585674
0.2777777777777778,COC(=O)[C@H](O)CC(=O)N[C@H](CC(C)C)C(=O)OC,54954739_14585674
0.36486486486486486,COC(=O)[C@H](O)CC(=O)Nc1ncc(C(C)C)s1,38948732_14585674
0.4473684210526316,Nc1nc(C(=O)Nc2nncc3ccccc23)co1,20984652_20357811
0.3835616438356164,CNc1ccc(NC(=O)C[C@@H](O)C(=O)OC)nc1,20381664_14585674
0.43661971830985913,COC(=O)[C@H](O)CC(=O)Nc1nc(F)c(F)cc1F,22006783_14585674
0.5652173913043478,CCC[C@@H](O)C(=O)Nc1nncc2ccccc12,20984652_394028
0.3670886075949367,COC(=O)[C@H](O)CC(=O)Nc1cccc(CC#N)n1,72231171_14585674
0.4594594594594595,O=C(Nc1nncc2ccccc12)c1coc(Cl)n1,20984652_38540808
0.5205479452054794,COCC[C@H](C)C(=O)Nc1nncc2ccccc12,20984652_34319315
0.6086956521739131,N[C@H](CCO)CC(=O)Nc1nncc2ccccc12,20984652_82073082
0.47297297297297297,Cc1nnsc1C(=O)Nc1nncc2ccccc12,20984652_1235059
0.35526315789473684,COC(=O)c1cnoc1NC(=O)C[C@@H](O)C(=O)OC,258212_14585674
0.5416666666666666,CCCC[C@H](O)C(=O)Nc1nncc2ccccc12,20984652_2033564
0.6231884057971014,C[C@H](CC(=O)Nc1nncc2ccccc12)NC(N)=O,20984652_13547999
0.3333333333333333,CC[C@@H](NC(=O)C[C@@H](O)C(=O)OC)c1ccccc1C,34099855_14585674
0.6231884057971014,CC[C@@H](CC(=O)Nc1nncc2ccccc12)[C@H](C)N,20984652_72208262
0.4246575342465753,CCc1ccc(C)nc1NC(=O)C[C@@H](O)C(=O)OC,5197379_14585674
0.39473684210526316,COCc1cncnc1NC(=O)C[C@@H](O)C(=O)OC,26440874_14585674
0.4666666666666667,O=C(Nc1nncc2ccccc12)c1nccnc1F,20984652_116295222
0.4166666666666667,COC(=O)[C@H](O)CC(=O)Nc1ncc(F)cc1F,2510831_14585674
0.5066666666666667,CCCCC[C@@H](N)C(=O)Nc1nncc2ccccc12,20984652_2035160
0.34210526315789475,COC(=O)[C@H](O)CC(=O)Nc1ccc(F)cc1OC,16159540_14585674
0.5205479452054794,COC[C@H](C(=O)Nc1nncc2ccccc12)N(C)C,20984652_82707840
0.3048780487804878,COC(=O)[C@H](O)CC(=O)NCCc1cncc(C)c1,44373294_14585674
0.410958904109589,COC(=O)[C@H](O)CC(=O)Nc1nccc(F)c1C,95761873_14585674
0.39436619718309857,COC(=O)[C@H](O)CC(=O)Nc1cnnn1C,39280719_14585674
0.5205479452054794,COC[C@@H](C)[C@@H](C)C(=O)Nc1nncc2ccccc12,20984652_86338187
0.6086956521739131,N[C@H](CC(=O)Nc1nncc2ccccc12)C1CC1,20984652_2386292
0.5416666666666666,CC(=O)NCCCC(=O)Nc1nncc2ccccc12,20984652_1529559
0.5571428571428572,CNCCCC(=O)Nc1nncc2ccccc12,20984652_1615390
0.4146341463414634,N#Cc1cnccc1C(=O)Nc1nncc2ccccc12,20984652_82408812
0.5205479452054794,C[C@H](NC(=O)CN)C(=O)Nc1nncc2ccccc12,20984652_1730665
0.5342465753424658,CN(C)CC[C@H](O)C(=O)Nc1nncc2ccccc12,20984652_142469109
0.5135135135135135,O=C(Cn1ncnn1)Nc1nncc2ccccc12,20984652_31319659
0.35135135135135137,COC(=O)[C@H](O)CC(=O)NC(C)(C)Cc1ccccc1,8403947_14585674
0.2916666666666667,COC(=O)C[C@H](O)CNC(=O)C[C@@H](O)C(=O)OC,34016849_14585674
0.36363636363636365,COC(=O)[C@H](O)CC(=O)Nc1cnccc1SC,34617262_14585674
0.5362318840579711,CC[C@H](N)C(=O)Nc1nncc2ccccc12,20984652_901351
0.37333333333333335,COC(=O)[C@H](O)CC(=O)Nc1ccnc(Cl)n1,1595944_14585674
0.6825396825396826,O=C(C[C@H](O)CO)Nc1nncc2ccccc12,20984652_3593479
0.2987012987012987,COC(=O)[C@H](O)CC(=O)NCc1nnc(C)n1C,35695728_14585674
0.36363636363636365,COC(=O)[C@H](O)CC(=O)Nc1nccc(C(C)=O)n1,34099693_14585674
0.36,COC(=O)[C@H](O)CC(=O)Nc1cnc(OC)cc1C,15884415_14585674
0.3333333333333333,COC(=O)[C@H](O)CC(=O)Nc1cc(C2CC2)ccc1C,52886436_14585674
0.5138888888888888,CO[C@H](C)[C@H](N)C(=O)Nc1nncc2ccccc12,20984652_1700276
0.3333333333333333,COC(=O)[C@H](O)CC(=O)Nc1nnc(NCCO)[nH]1,85420714_14585674
0.5135135135135135,O=C(Cc1ccsn1)Nc1nncc2ccccc12,20984652_39325983
0.35526315789473684,COC(=O)[C@H](O)CC(=O)Nc1nc(F)cc(OC)n1,225034_14585674
0.5373134328358209,O=C(Nc1nncc2ccccc12)[C@H](O)C(F)F,20984652_34016749
0.3493975903614458,COC(=O)[C@H](O)CC(=O)Nc1cccc2nn(C)cc12,15444584_14585674
0.4794520547945205,Cc1cnc(C(=O)Nc2nncc3ccccc23)s1,20984652_20357789
0.5,Cn1cccc1C(=O)Nc1nncc2ccccc12,20984652_158566
0.4805194805194805,CCC[C@H](F)[C@H](N)C(=O)Nc1nncc2ccccc12,20984652_4334533
0.3058823529411765,COC(=O)[C@H](O)CC(=O)N[C@@H](C#N)Cc1cccnc1,39050068_14585674
0.6515151515151515,CC(C)[C@@H](N)CC(=O)Nc1nncc2ccccc12,20984652_170090
0.3037974683544304,COC(=O)[C@H](O)CC(=O)NC(=O)Cc1cncs1,26441286_14585674
0.5797101449275363,CNC(=O)COCC(=O)Nc1nncc2ccccc12,20984652_41167068
0.6231884057971014,C[C@H](CC(=O)Nc1nncc2ccccc12)C1CC1,20984652_20259950
0.29850746268656714,COC(=O)[C@H](O)CC(=O)N[C@H](C)C(=O)OC,34702233_14585674
0.5277777777777778,CC(C)(C)C[C@@H](N)C(=O)Nc1nncc2ccccc12,20984652_391811
0.6060606060606061,CC(C)=CCC(=O)Nc1nncc2ccccc12,20984652_1846597
0.4935064935064935,O=C(CCc1cnco1)Nc1nncc2ccccc12,20984652_40542805
0.5970149253731343,CC(C)(C)CCC(=O)Nc1nncc2ccccc12,20984652_2039899
0.5633802816901409,CC(=O)[C@H](C)CCC(=O)Nc1nncc2ccccc12,20984652_4794106
0.41333333333333333,CCNc1cccnc1NC(=O)C[C@@H](O)C(=O)OC,34538275_14585674
0.4675324675324675,Cn1nc(C(=O)Nc2nncc3ccccc23)cc1F,20984652_258604089
0.44155844155844154,O=C(Nc1nncc2ccccc12)c1cnccc1O,20984652_8672850
0.36363636363636365,COC(=O)[C@H](O)CC(=O)Nc1ccncc1C(C)=O,34448190_14585674
0.5441176470588235,C[C@H](O)[C@@H](N)C(=O)Nc1nncc2ccccc12,20984652_1747073
0.2898550724637681,COC(=O)[C@H](O)CC(=O)N[C@H](C(=O)OC)[C@H](C)O,34924608_14585674
0.37333333333333335,CCn1ncc(C)c1NC(=O)C[C@@H](O)C(=O)OC,19090102_14585674
0.3333333333333333,COC(=O)[C@H](O)CC(=O)N[C@@H](CO)c1ccccn1,39050028_14585674
0.32098765432098764,COC(=O)[C@H](O)CC(=O)Nc1cc(C#N)ccc1OC,26839484_14585674
0.35064935064935066,CCc1nc(C)cc(NC(=O)C[C@@H](O)C(=O)OC)n1,39053301_14585674
0.5135135135135135,O=C(Cn1ccnn1)Nc1nncc2ccccc12,20984652_2513904
0.4666666666666667,Cc1cn(C)cc1C(=O)Nc1nncc2ccccc12,20984652_39078602
0.34210526315789475,COC(=O)[C@H](O)CC(=O)NC(=O)CCc1ccccc1,74758_14585674
0.5138888888888888,CO[C@H](C)[C@@H](N)C(=O)Nc1nncc2ccccc12,20984652_1700278
0.45454545454545453,Cc1nccc(C(=O)Nc2nncc3ccccc23)n1,20984652_19737067
0.52,O=C(Cc1cc(O)on1)Nc1nncc2ccccc12,20984652_38803704
0.5,CC[C@H](C)[C@H](NC)C(=O)Nc1nncc2ccccc12,20984652_163151
0.4225352112676056,COC(=O)[C@H](O)CC(=O)Nc1nc(F)nc(F)c1C,2025696_14585674
0.35526315789473684,CC[C@H](CNC(=O)C[C@@H](O)C(=O)OC)c1ccccc1,3621803_14585674
0.3466666666666667,COC(=O)[C@H](O)CC(=O)N[C@H](C)Cc1ccccc1,6036847_14585674
0.6231884057971014,C[C@@H](CC(=O)Nc1nncc2ccccc12)C1CC1,20984652_20259949
0.5857142857142857,CC[C@H](O)CCC(=O)Nc1nncc2ccccc12,20984652_3650179
0.5416666666666666,CC(C)(CO)CCC(=O)Nc1nncc2ccccc12,20984652_104714102
0.5,Cc1ncc(C(=O)Nc2nncc3ccccc23)s1,20984652_1688638
0.375,COC(=O)[C@H](O)CC(=O)Nc1cncc2cnccc12,24602298_14585674
0.5066666666666667,O=C(Nc1nncc2ccccc12)[C@H](O)CC1CCC1,20984652_78753420
0.29411764705882354,COC(=O)[C@H](O)CC(=O)NC[C@H]1CNc2ccccc21,24319175_14585674
0.5142857142857142,CC(C)[C@H](C(=O)Nc1nncc2ccccc12)[C@H](C)N,20984652_113966810
0.5714285714285714,CC(C)CCCC(=O)Nc1nncc2ccccc12,20984652_1587816
0.38571428571428573,COC(=O)[C@H](O)CC(=O)Nc1cnsc1,20417334_14585674
0.45454545454545453,Nc1cncc(C(=O)Nc2nncc3ccccc23)c1,20984652_967308
0.5131578947368421,C[C@@H]1C[C@@H](CC(=O)Nc2nncc3ccccc23)CN1,20984652_220040212
0.35365853658536583,COC(=O)[C@H](O)CC(=O)Nc1cccc2c(C)c[nH]c12,59608059_14585674
0.5970149253731343,CC(C)CCC(=O)Nc1nncc2ccccc12,20984652_391113
0.31645569620253167,COC(=O)[C@H](O)CC(=O)N[C@H](C)c1ccc(C)cn1,42383730_14585674
0.5066666666666667,O=C(Cn1cncn1)Nc1nncc2ccccc12,20984652_2168219
0.3,COC(=O)[C@H](O)CC(=O)N[C@H](C)Cc1cn[nH]c1,107323682_14585674
0.36,COC(=O)[C@H](O)CC(=O)Nc1c[n+](C(C)C)no1,3641707_14585674
0.34177215189873417,COC(=O)[C@H](O)CC(=O)NC[C@H](C)c1ccccn1,37245835_14585674
0.313953488372093,COC(=O)[C@H](O)CC(=O)NCc1nnc2cccnn12,24551011_14585674
0.6615384615384615,CC(=O)[C@H](C)CC(=O)Nc1nncc2ccccc12,20984652_1689749
0.3333333333333333,COC(=O)[C@H](O)CC(=O)NCC#Cc1ccccn1,82163937_14585674
0.4675324675324675,CCc1cn[nH]c1C(=O)Nc1nncc2ccccc12,20984652_83962099
0.3333333333333333,COC(=O)[C@H](O)CC(=O)Nc1c(C)cccc1C1CC1,575478527_14585674
0.5714285714285714,C[C@H](N)C(C)(C)CC(=O)Nc1nncc2ccccc12,20984652_72208361
0.3125,COC(=O)[C@H](O)CC(=O)NCc1cncc(OC)n1,78725128_14585674
0.358974358974359,COC(=O)[C@H](O)CC(=O)Nc1cc(=N)ncn1C,4707497_14585674
0.5072463768115942,CC1=C[C@H]1C(=O)Nc1nncc2ccccc12,20984652_39234614
0.6417910447761194,CC[C@@H](CC(=O)Nc1nncc2ccccc12)C(C)C,20984652_2578879
0.45454545454545453,O=C(Nc1nncc2ccccc12)c1c[nH]ncc1=O,20984652_2028117
0.37333333333333335,COC(=O)[C@H](O)CC(=O)Nc1ccc(OC)nc1C,8698260_14585674
0.5492957746478874,CC#CCCC(=O)Nc1nncc2ccccc12,20984652_3132661
0.41333333333333333,COC(=O)[C@H](O)CC(=O)Nc1ncccc1N(C)C,95348334_14585674
0.325,COC(=O)[C@H](O)CC(=O)N[C@H]1C[C@]1(C)c1ccccc1,52126356_14585674
0.5,CC=C[C@H](C)C(=O)Nc1nncc2ccccc12,20984652_1857793375
0.3048780487804878,COC(=O)[C@H](O)CC(=O)NCc1ncccc1OC,39050149_14585674
0.3815789473684211,CNc1ccnc(NC(=O)C[C@@H](O)C(=O)OC)n1,32914851_14585674
0.33766233766233766,COC(=O)[C@H](O)CC(=O)N[C@H](C)c1ccccn1,801641_14585674
0.36,COC(=O)[C@H](O)CC(=O)Nc1nc(C(C)C)cs1,3888949_14585674
0.375,COC(=O)[C@H](O)CC(=O)Nc1cccc2oncc12,95830566_14585674
0.3698630136986301,COC(=O)[C@H](O)CC(=O)Nc1cnc(C(F)F)nc1,258541327_14585674
0.358974358974359,COC(=O)[C@H](O)CC(=O)Nc1c(C)cnn1CCO,98214183_14585674
0.3373493975903614,COC(=O)[C@H](O)CC(=O)Nc1[nH]nc2cc(C)ccc12,71864290_14585674
0.40298507462686567,COC(=O)[C@H](O)CC(=O)Nc1nnc(C)nn1,967265_14585674
0.36,COC(=O)[C@H](O)CC(=O)Nc1cc(OC)n(C)n1,95883747_14585674
0.34210526315789475,COC(=O)[C@H](O)CC(=O)N[C@H](C#N)c1ccccc1,19230195_14585674
0.5428571428571428,C[C@@H](O)[C@](C)(N)C(=O)Nc1nncc2ccccc12,20984652_4285766
0.36619718309859156,COC(=O)[C@H](O)CC(=O)Nc1ccc(C)s1,100049249_14585674
0.3670886075949367,COC(=O)[C@H](O)CC(=O)Nc1ncc2cn[nH]c2n1,13362452_14585674
0.4027777777777778,COC(=O)[C@H](O)CC(=O)Nc1ccccc1CO,331680_14585674
0.34615384615384615,CNc1ccc(CNC(=O)C[C@@H](O)C(=O)OC)cn1,40538696_14585674
0.37142857142857144,CCc1nnc(NC(=O)C[C@@H](O)C(=O)OC)nn1,2023573_14585674
0.4864864864864865,Cc1ccc(C(=O)Nc2nncc3ccccc23)n1C,20984652_4219179
0.36363636363636365,COC(=O)[C@H](O)CC(=O)Nc1ccc(CCO)cn1,72225136_14585674
0.3333333333333333,COC(=O)[C@H](O)CC(=O)NC(C)(C)c1ccccn1,19682460_14585674
0.5352112676056338,COC[C@@H](N)C(=O)Nc1nncc2ccccc12,20984652_1691081
0.578125,C[C@@H](O)C(=O)Nc1nncc2ccccc12,20984652_4658562
0.6323529411764706,CC[C@@H](CN)CC(=O)Nc1nncc2ccccc12,20984652_26376874
0.45454545454545453,Cc1ccnc(C(=O)Nc2nncc3ccccc23)n1,20984652_20442155
0.4666666666666667,Cc1cncc(C(=O)Nc2nncc3ccccc23)n1,20984652_6523515
0.35064935064935066,COC(=O)[C@H](O)CC(=O)Nc1nc(C)cc(OC)n1,389856_14585674
0.3132530120481928,COC(=O)[C@H](O)CC(=O)NCCOc1cccnc1,33961386_14585674
0.48,O=C(Nc1nncc2ccccc12)[C@@H](O)c1ccco1,20984652_221509
0.527027027027027,CC(=O)OC[C@H](N)C(=O)Nc1nncc2ccccc12,20984652_895446
0.30985915492957744,COC(=O)[C@H](O)CC(=O)N[C@@H](C)CC(F)(F)F,34108622_14585674
0.4246575342465753,COC(=O)[C@H](O)CC(=O)Nc1ncc(C)nc1Cl,21300754_14585674
0.35526315789473684,COC(=O)[C@H](O)CC(=O)Nc1cc(OC)ccc1C,157567_14585674
0.3,CCn1cc([C@H](C)NC(=O)C[C@@H](O)C(=O)OC)cn1,12398221_14585674
0.46153846153846156,CC[C@H]1CCC[C@H]1C(=O)Nc1nncc2ccccc12,20984652_34286096
0.5066666666666667,O=C(CCCC1CCC1)Nc1nncc2ccccc12,20984652_80176360
0.35365853658536583,COC(=O)[C@H](O)CC(=O)NCc1noc2ccccc12,20438891_14585674
0.52,Cc1ncc(CC(=O)Nc2nncc3ccccc23)[nH]1,20984652_21982898
0.273972602739726,CCOC(=O)[C@@H](CC)NC(=O)C[C@@H](O)C(=O)OC,13346971_14585674
0.4533333333333333,Nc1ccc(C(=O)Nc2nncc3ccccc23)nc1,20984652_2584046
0.3783783783783784,COC(=O)[C@H](O)CC(=O)Nc1ccccc1C(C)(C)C,1675824_14585674
0.4675324675324675,CCc1ccc(C(=O)Nc2nncc3ccccc23)o1,20984652_1426023
0.3918918918918919,COC(=O)[C@H](O)CC(=O)Nc1cnc(C)nc1Cl,39053493_14585674
0.31645569620253167,COC(=O)[C@H](O)CC(=O)NCc1ccc(OC)cn1,78676129_14585674
0.671875,CC(C)[C@H](C)CC(=O)Nc1nncc2ccccc12,20984652_1733920
0.35064935064935066,COC(=O)[C@H](O)CC(=O)Nc1cc(C)nnc1OC,1695387_14585674
0.45454545454545453,Nc1cnccc1C(=O)Nc1nncc2ccccc12,20984652_165882
0.3333333333333333,COC(=O)[C@H](O)CC(=O)Nc1ccc2oc(C)nc2c1,169577_14585674
0.5135135135135135,CC[C@H](CCOC)C(=O)Nc1nncc2ccccc12,20984652_40377761
0.3333333333333333,COCCn1ccnc1NC(=O)C[C@@H](O)C(=O)OC,98213878_14585674
0.36486486486486486,COC(=O)[C@H](O)CC(=O)Nc1ccc(C)c(F)c1,164593_14585674
0.5352112676056338,CN[C@H](COC)C(=O)Nc1nncc2ccccc12,20984652_14696243
0.46153846153846156,COc1cc(C(=O)Nc2nncc3ccccc23)on1,20984652_1567451
0.5857142857142857,C[C@H](O)CNCC(=O)Nc1nncc2ccccc12,20984652_34286883
0.5882352941176471,COCC(=O)CC(=O)Nc1nncc2ccccc12,20984652_95938153
0.43661971830985913,COC(=O)[C@H](O)CC(=O)Nc1n[nH]ccc1=O,39118454_14585674
0.36486486486486486,COC(=O)[C@H](O)CC(=O)Nc1cnc(C(=O)O)s1,1752172_14585674
0.5362318840579711,CC(=O)N[C@@H](C)C(=O)Nc1nncc2ccccc12,20984652_114134
0.527027027027027,Cc1nnc(CC(=O)Nc2nncc3ccccc23)o1,20984652_20216445
0.5857142857142857,CC[C@H](C)OCC(=O)Nc1nncc2ccccc12,20984652_34306553
0.5797101449275363,COCCCC(=O)Nc1nncc2ccccc12,20984652_5997802
0.36619718309859156,COC(=O)[C@H](O)CC(=O)NC(=O)c1ccccc1,152996_14585674
0.325,COC(=O)[C@H](O)CC(=O)N[C@H](C#N)c1ccccc1C,19987089_14585674
0.3333333333333333,COC(=O)[C@H](O)CC(=O)NCC[C@H](C)c1ccccc1,11629488_14585674
0.4722222222222222,O=C(Nc1nncc2ccccc12)c1cccs1,20984652_157468
0.4246575342465753,COC(=O)[C@H](O)CC(=O)Nc1ncc(Cl)nc1C,95642651_14585674
0.4605263157894737,O=C1C=C[C@H](C(=O)Nc2nncc3ccccc23)N=N1,20984652_198676931
0.3783783783783784,COC(=O)[C@H](O)CC(=O)Nc1cnccc1F,90411772_14585674
0.3684210526315789,COC(=O)[C@H](O)CC(=O)Nc1nc(=S)cc[nH]1,6476968_14585674
0.49295774647887325,N[C@H](C(=O)Nc1nncc2ccccc12)C(F)(F)F,20984652_2242761
0.44155844155844154,C#Cc1ccccc1C(=O)Nc1nncc2ccccc12,20984652_15022006
0.4,COC(=O)[C@H](O)CC(=O)Nc1sncc1C,82835590_14585674
0.5671641791044776,NC[C@@H](O)C(=O)Nc1nncc2ccccc12,20984652_2034713
0.5066666666666667,O=C(CN1CCNCC1)Nc1nncc2ccccc12,20984652_19735199
0.4675324675324675,C[C@@H](C(=O)Nc1nncc2ccccc12)n1ccnn1,20984652_59843749
0.5,O=C1CC(CC(=O)Nc2nncc3ccccc23)=NN1,20984652_100460454
0.5633802816901409,COCCCCC(=O)Nc1nncc2ccccc12,20984652_5606218
0.3717948717948718,CCCc1cccc(NC(=O)C[C@@H](O)C(=O)OC)n1,2504555_14585674
0.5285714285714286,CSC[C@@H](C)C(=O)Nc1nncc2ccccc12,20984652_34128013
0.4594594594594595,O=C(Nc1nncc2ccccc12)c1c[nH]c(O)n1,20984652_6667673
0.4935064935064935,O=C(CCc1ncc[nH]1)Nc1nncc2ccccc12,20984652_2527499
0.36486486486486486,COC(=O)[C@H](O)CC(=O)NC[C@H](C)c1ccccc1,1506851_14585674
0.33766233766233766,COCc1n[nH]c(NC(=O)C[C@@H](O)C(=O)OC)n1,3723194_14585674
0.3466666666666667,COC(=O)[C@H](O)CC(=O)N[C@H](C)[C@@H](C)c1ccccc1,1670064_14585674
0.5,O=C(Cc1ccncn1)Nc1nncc2ccccc12,20984652_20417426
0.5070422535211268,CN[C@H](C(=O)Nc1nncc2ccccc12)C(C)(C)C,20984652_5434552
0.44155844155844154,O=C(Nc1nncc2ccccc12)c1ccc(=O)[nH]n1,20984652_1087916
0.38666666666666666,COC(=O)[C@H](O)CC(=O)Nc1cccc(CO)n1,38338299_14585674
0.4084507042253521,COC(=O)[C@H](O)CC(=O)Nc1cc2cccccc-2c1,33797214_14585674
0.5942028985507246,CCC(CC)OCC(=O)Nc1nncc2ccccc12,20984652_74938108
0.48,O=C(Nc1nncc2ccccc12)[C@H](O)c1ccco1,20984652_221512
0.35526315789473684,COC(=O)[C@H](O)CC(=O)Nc1cc(OC)ccn1,6643273_14585674
0.35135135135135137,COC(=O)[C@H](O)CC(=O)NC(=O)Oc1ccccc1,404454_14585674
0.5606060606060606,CC(C)[C@H](O)C(=O)Nc1nncc2ccccc12,20984652_389853
0.4935064935064935,NCCOC[C@H](N)C(=O)Nc1nncc2ccccc12,20984652_1544494
0.5797101449275363,C[C@H](N)CCC(=O)Nc1nncc2ccccc12,20984652_3581353
0.5882352941176471,CC(C)N(C)CC(=O)Nc1nncc2ccccc12,20984652_19092497
0.47297297297297297,Cn1cc(C(=O)Nc2nncc3ccccc23)nn1,20984652_20446453
0.5571428571428572,CCNCCC(=O)Nc1nncc2ccccc12,20984652_13357318
0.35365853658536583,COC(=O)[C@H](O)CC(=O)Nc1cccc2[nH]c(C)nc12,1235079_14585674
0.6056338028169014,CC[C@@H](CC(=O)Nc1nncc2ccccc12)C1CC1,20984652_82839034
0.6142857142857143,CC[C@@H](C)[C@@H](N)CC(=O)Nc1nncc2ccccc12,20984652_170370
0.6060606060606061,COCCC(=O)Nc1nncc2ccccc12,20984652_2584375
0.3493975903614458,COC(=O)[C@H](O)CC(=O)Nc1ccc2nc(C)cn2n1,39048308_14585674
0.4675324675324675,CCCC[C@](C)(N)C(=O)Nc1nncc2ccccc12,20984652_17288888
0.5882352941176471,CC(C)(C)OCC(=O)Nc1nncc2ccccc12,20984652_1494964
0.4533333333333333,Nc1cnncc1C(=O)Nc1nncc2ccccc12,20984652_39083039
0.35135135135135137,CC[C@H](NC(=O)C[C@@H](O)C(=O)OC)c1ccccc1,1665102_14585674
0.5135135135135135,CC(=O)CC[C@@H](N)C(=O)Nc1nncc2ccccc12,20984652_895892
0.5571428571428572,CCCC(=O)CCC(=O)Nc1nncc2ccccc12,20984652_2378803
0.37333333333333335,COCc1ccccc1NC(=O)C[C@@H](O)C(=O)OC,13346815_14585674
0.3466666666666667,COC(=O)[C@H](O)CC(=O)N[C@H](CF)c1ccccc1,20285796_14585674
0.37037037037037035,COC(=O)[C@H](O)CC(=O)Nc1cccc2cncn12,98179705_14585674
0.4861111111111111,O=C(Nc1nncc2ccccc12)c1ccc(F)cc1,20984652_159828
0.5135135135135135,CO[C@@H](C(=O)Nc1nncc2ccccc12)C1CCC1,20984652_160599857
0.4868421052631579,C[C@H](CC#N)[C@H](N)C(=O)Nc1nncc2ccccc12,20984652_259577520
0.35135135135135137,COC(=O)[C@H](O)CC(=O)Nc1nc(C(C)C)n[nH]1,6821284_14585674
0.5277777777777778,COC(C)(C)[C@H](N)C(=O)Nc1nncc2ccccc12,20984652_1677635
0.35526315789473684,COC(=O)[C@H](O)CC(=O)Nc1cnn(C(F)F)c1,26510661_14585674
0.4868421052631579,N#CCC[C@H](N)C(=O)Nc1nncc2ccccc12,20984652_1530270
0.39436619718309857,COC(=O)[C@H](O)CC(=O)Nc1ccccc1SC,391221_14585674
0.47297297297297297,Cn1cc(C(=O)Nc2nncc3ccccc23)cn1,20984652_1088698
0.4875,O=C(CO[C@@H]1CCNC1)Nc1nncc2ccccc12,20984652_84250506
0.5352112676056338,CC(C)CC(C)(C)C(=O)Nc1nncc2ccccc12,20984652_33505661
0.45454545454545453,Cn1nnc(N)c1C(=O)Nc1nncc2ccccc12,20984652_104643604
0.5416666666666666,CCCCCCCC(=O)Nc1nncc2ccccc12,20984652_1530416
0.40789473684210525,COC(=O)[C@H](O)CC(=O)Nc1nc(=O)[nH]cc1CO,399529_14585674
0.3333333333333333,COC(=O)[C@H](O)CC(=O)N[C@H](CO)c1ccccn1,39050026_14585674
0.325,COC(=O)[C@H](O)CC(=O)N[C@H](C)Cc1ccccn1,11570828_14585674
0.35,COC(=O)[C@H](O)CC(=O)Nc1cccc(C2(C)N=N2)c1,104600578_14585674
0.47297297297297297,Cc1ccc(C(=O)Nc2nncc3ccccc23)[nH]1,20984652_26506991
0.6615384615384615,CC(=O)[C@@H](C)CC(=O)Nc1nncc2ccccc12,20984652_2044242
0.375,COC(=O)[C@H](O)CC(=O)Nc1cccc(C2CCC2)n1,44118925_14585674
0.2891566265060241,COC(=O)[C@H](O)CC(=O)N[C@H](C)CCc1cn[nH]c1,76573874_14585674
0.4,CNc1ccccc1NC(=O)C[C@@H](O)C(=O)OC,395550_14585674
0.4605263157894737,O=C1C=C[C@@H](C(=O)Nc2nncc3ccccc23)N=N1,20984652_198676913
0.5633802816901409,N[C@@H](CCC(=O)Nc1nncc2ccccc12)C(O)O,20984652_98208956
0.3466666666666667,COC(=O)[C@H](O)CC(=O)N[C@@H](CF)c1ccccc1,20285792_14585674
0.3076923076923077,COC(=O)[C@H](O)CC(=O)NCc1ccc(F)c(F)c1,409203_14585674
0.4935064935064935,O=C(CCc1ccon1)Nc1nncc2ccccc12,20984652_20417434
0.4666666666666667,Cc1oncc1C(=O)Nc1nncc2ccccc12,20984652_1318759
0.3088235294117647,COC(=O)[C@H](O)CC(=O)N[C@H](CO)C(=O)OC,19230193_14585674
0.3875,COC(=O)[C@H](O)CC(=O)Nc1cccc2cnoc12,82836803_14585674
0.4225352112676056,COC(=O)[C@H](O)CC(=O)Nc1ncncc1C,39053455_14585674
0.33766233766233766,CNc1ccc(F)cc1NC(=O)C[C@@H](O)C(=O)OC,26515332_14585674
0.35365853658536583,COC(=O)[C@H](O)CC(=O)Nc1nnn2c1CCCC2,26047110_14585674
0.4675324675324675,O=C(Nc1nncc2ccccc12)[C@@H](O)c1ccoc1,20984652_22204565
0.35365853658536583,COC(=O)[C@H](O)CC(=O)Nc1cccc2c1nnn2C,32189614_14585674
0.345679012345679,COC(=O)[C@H](O)CC(=O)Nc1cccc2[nH]cc(C)c12,45817266_14585674
0.36,COC(=O)[C@H](O)CC(=O)Nc1ncc(CO)s1,34407995_14585674
0.5857142857142857,CC[C@@H](O)CCC(=O)Nc1nncc2ccccc12,20984652_3650180
0.5,COCCC[C@@H](C)C(=O)Nc1nncc2ccccc12,20984652_1641741
0.3783783783783784,COC(=O)[C@H](O)CC(=O)Nc1ccnc(F)n1,1585904_14585674
0.5416666666666666,NC(=O)[C@@H](N)CCC(=O)Nc1nncc2ccccc12,20984652_2508203
0.5,COCCC(C)(C)C(=O)Nc1nncc2ccccc12,20984652_54631485
0.33783783783783783,COC(=O)[C@H](O)CC(=O)NCc1cc(C)nc(C)c1,39050607_14585674
0.5066666666666667,O=C(Cc1cnccn1)Nc1nncc2ccccc12,20984652_12650881
0.31645569620253167,COC(=O)[C@H](O)CC(=O)NCCn1cc(C)nn1,42384110_14585674
0.34177215189873417,COC(=O)[C@H](O)CC(=O)NC[C@H](O)c1cccnc1,4245374_14585674
0.3918918918918919,CCn1cc(C)c(NC(=O)C[C@@H](O)C(=O)OC)n1,35655697_14585674
0.3561643835616438,COC(=O)[C@H](O)CC(=O)N[C@H](c1ccccc1)C(C)C,4207401_14585674
0.47368421052631576,O=C(Nc1nncc2ccccc12)[C@@H](O)c1cnc[nH]1,20984652_34498508
0.3783783783783784,COC(=O)[C@H](O)CC(=O)Nc1oncc1C(C)C,77260050_14585674
0.5205479452054794,CCCC[C@H](N)C(=O)Nc1nncc2ccccc12,20984652_1529322
0.5068493150684932,COC[C@](C)(N)C(=O)Nc1nncc2ccccc12,20984652_32240803
0.4675324675324675,C[C@H](C(=O)Nc1nncc2ccccc12)c1ccn[nH]1,20984652_80058497
0.47297297297297297,Cc1nc(C)c(C(=O)Nc2nncc3ccccc23)o1,20984652_49538676
0.5066666666666667,O=C(Cc1cc(=O)[nH][nH]1)Nc1nncc2ccccc12,20984652_12428242
0.35802469135802467,COC(=O)[C@H](O)CC(=O)Nc1cccn2nnnc12,1683864_14585674
0.6231884057971014,C[C@H](CC(=O)Nc1nncc2ccccc12)CN(C)C,20984652_43502606
0.3684210526315789,COC(=O)[C@H](O)CC(=O)Nc1cncc(CO)n1,104584760_14585674
0.47297297297297297,NC(=O)NC1(C(=O)Nc2nncc3ccccc23)CC1,20984652_88613707
0.5277777777777778,O=C(CN1CC=CC1)Nc1nncc2ccccc12,20984652_113215262
0.345679012345679,COC(=O)[C@H](O)CC(=O)Nc1ccncc1CCF,207077672_14585674
0.4794520547945205,O=C(Nc1nncc2ccccc12)c1cc[nH]n1,20984652_5324338
0.3611111111111111,COC(=O)[C@H](O)CC(=O)Nc1nc(Cl)n[nH]1,5567036_14585674
0.38571428571428573,COC(=O)[C@H](O)CC(=O)Nc1nc(C)cc(C)n1,163774_14585674
0.6176470588235294,NC[C@@H](CO)CC(=O)Nc1nncc2ccccc12,20984652_38482053
0.5352112676056338,C[C@@H](CC(N)=O)C(=O)Nc1nncc2ccccc12,20984652_38391883
0.5131578947368421,Cc1nccn1CC(=O)Nc1nncc2ccccc12,20984652_19702780
0.5652173913043478,CC(C)(O)CCC(=O)Nc1nncc2ccccc12,20984652_78749270
0.33766233766233766,COC(=O)[C@H](O)CC(=O)NCc1ccccc1OC,164573_14585674
0.5652173913043478,CC(C)C[C@H](O)C(=O)Nc1nncc2ccccc12,20984652_407031
0.3783783783783784,CCc1cnc(NC(=O)C[C@@H](O)C(=O)OC)o1,54159074_14585674
0.3684210526315789,COC(=O)[C@H](O)CC(=O)Nc1ccc(F)c(CO)c1,2243178_14585674
0.6615384615384615,CN[C@H](C)CC(=O)Nc1nncc2ccccc12,20984652_13347076
0.33766233766233766,COC(=O)[C@H](O)CC(=O)Nc1cn(C)nc1OC,72339726_14585674
0.5833333333333334,NC[C@@H](CC(=O)Nc1nncc2ccccc12)C1CC1,20984652_78724768
0.52,COCCC[C@@H](N)C(=O)Nc1nncc2ccccc12,20984652_37753862
0.4864864864864865,CN(C)C[C@](C)(N)C(=O)Nc1nncc2ccccc12,20984652_45232193
0.325,COC(=O)[C@H](O)CC(=O)NCC/C=C/c1ccccc1,32005599_14585674
0.4594594594594595,Nc1ccsc1C(=O)Nc1nncc2ccccc12,20984652_1433084
0.31645569620253167,COC(=O)[C@H](O)CC(=O)N[C@H](C)c1ccc(F)cn1,59202790_14585674
0.3493975903614458,COC(=O)[C@H](O)CC(=O)Nc1nc(C)cc2ccnn12,953047394_14585674
0.3291139240506329,CCCc1nc(NC(=O)C[C@@H](O)C(=O)OC)no1,49584960_14585674
0.4931506849315068,CO[C@@H]1[C@@H](C(=O)Nc2nncc3ccccc23)C1(C)C,20984652_76576510
0.47297297297297297,Cc1coc(C(=O)Nc2nncc3ccccc23)n1,20984652_38530119
0.5,Nc1cc(CC(=O)Nc2nncc3ccccc23)n[nH]1,20984652_16696916
0.3918918918918919,COC(=O)[C@H](O)CC(=O)Nc1ccc(N(C)C)nc1,5698869_14585674
0.38666666666666666,CCCc1ccccc1NC(=O)C[C@@H](O)C(=O)OC,2039219_14585674
0.5633802816901409,CC[C@H](C)NCC(=O)Nc1nncc2ccccc12,20984652_2032938
0.38461538461538464,COC(=O)[C@H](O)CC(=O)Nc1nc2ccccc2n1C,163724_14585674
0.5507246376811594,CO[C@@H](C)[C@H](O)C(=O)Nc1nncc2ccccc12,20984652_1586415
0.4166666666666667,COC(=O)[C@H](O)CC(=O)Nc1ncc(F)cc1C,40448817_14585674
0.5205479452054794,O=C(Cc1cnc[nH]1)Nc1nncc2ccccc12,20984652_19735138
0.5205479452054794,O=C(CCn1cccc1)Nc1nncc2ccccc12,20984652_1673860
0.36,COC(=O)[C@H](O)CC(=O)Nc1cc(F)ccc1C,164438_14585674
0.3783783783783784,COC(=O)[C@H](O)CC(=O)Nc1ccc[nH]c1=O,8698104_14585674
0.43243243243243246,COC(=O)[C@H](O)CC(=O)Nc1nc(C)ncc1CO,895559_14585674
0.3466666666666667,COC(=O)[C@H](O)CC(=O)NCc1ccccc1F,161604_14585674
0.5131578947368421,NCCOCCCC(=O)Nc1nncc2ccccc12,20984652_74494310
0.5652173913043478,CC/C=C/CC(=O)Nc1nncc2ccccc12,20984652_1634093
0.3493975903614458,COC(=O)[C@H](O)CC(=O)Nc1cnc2onc(C)c2c1,12397068_14585674
0.28169014084507044,COCC(=S)NC(=O)C[C@@H](O)C(=O)OC,19479038_14585674
0.3561643835616438,COC(=O)[C@H](O)CC(=O)Nc1nc(OC)n[nH]1,17024988_14585674
0.40789473684210525,COC(=O)[C@H](O)CC(=O)Nc1ncc(C)nc1C#N,32170445_14585674
0.5135135135135135,O=C(Cc1cn[nH]n1)Nc1nncc2ccccc12,20984652_26507094
0.35802469135802467,COC(=O)[C@H](O)CC(=O)Nc1c[nH]c2c(C)cccc12,19772510_14585674
0.37662337662337664,COC(=O)[C@H](O)CC(=O)Nc1nccc(N(C)C)n1,39053775_14585674
0.36,COC(=O)[C@H](O)CC(=O)Nc1c(C)cncc1F,39116678_14585674
0.3333333333333333,COC(=O)[C@H](O)CC(=O)N[C@H](C)CCc1ccccc1,1665103_14585674
0.5,CCC[C@H](C(=O)Nc1nncc2ccccc12)C1CC1,20984652_23812905
0.5211267605633803,NC(=O)C[C@H](N)C(=O)Nc1nncc2ccccc12,20984652_1532556
0.3333333333333333,COC(=O)[C@H](O)CC(=O)N[C@@H](C)c1ccns1,73657686_14585674
0.4666666666666667,Cn1nnnc1C(=O)Nc1nncc2ccccc12,20984652_20446491
0.5277777777777778,CO[C@H](CC(C)C)C(=O)Nc1nncc2ccccc12,20984652_96585180
0.3625,COC(=O)[C@H](O)CC(=O)Nc1ncnc2[nH]cnc12,882_14585674
0.4230769230769231,COC(=O)[C@H](O)CC(=O)Nc1nccc2ccncc12,20984640_14585674
0.48717948717948717,C[C@H](OCC1CC1)C(=O)Nc1nncc2ccccc12,20984652_19870467
0.3625,COC(=O)[C@H](O)CC(=O)Nc1cccc2cc[nH]c12,2389399_14585674
0.6323529411764706,C[C@@H](CC(=O)Nc1nncc2ccccc12)C(C)(C)N,20984652_40544557
0.35,COC(=O)[C@H](O)CC(=O)NC1(Cc2ccccn2)CC1,54404919_14585674
0.4657534246575342,O=C(Nc1nncc2ccccc12)c1ncc(O)cn1,20984652_39052256
0.35802469135802467,COC(=O)[C@H](O)CC(=O)Nc1cccc2ccn(C)c12,82839930_14585674
0.33766233766233766,COC(=O)[C@H](O)CC(=O)NC(=O)c1ccc(F)nc1,1600208_14585674
0.4666666666666667,Cn1nccc1C(=O)Nc1nncc2ccccc12,20984652_1049740
0.375,COC(=O)[C@H](O)CC(=O)Nc1cncc2cc[nH]c12,89220883_14585674
0.4868421052631579,N#CCC[C@@H](N)C(=O)Nc1nncc2ccccc12,20984652_1530271
0.35802469135802467,COC(=O)[C@H](O)CC(=O)Nc1cn2c(C)cccc2n1,82839970_14585674
0.5416666666666666,CCC(C)(C)CCC(=O)Nc1nncc2ccccc12,20984652_2578824
0.3684210526315789,COC(=O)[C@H](O)CC(=O)Nc1ccnc(OC)n1,347124_14585674
0.35,C#C[C@H](NC(=O)C[C@@H](O)C(=O)OC)c1cccnc1,83945105_14585674
0.37333333333333335,COC(=O)[C@H](O)CC(=O)Nc1cccnc1C(C)C,82413772_14585674
0.5205479452054794,O=C(CC1(F)COC1)Nc1nncc2ccccc12,20984652_107115188
0.33766233766233766,COC(=O)[C@H](O)CC(=O)NCc1ccc(F)nc1,35570030_14585674
0.47368421052631576,O=C(Nc1nncc2ccccc12)[C@H](O)c1cnc[nH]1,20984652_34498510
0.5857142857142857,CC(C)C[C](N)CC(=O)Nc1nncc2ccccc12,20984652_1560407699
0.35365853658536583,COC(=O)[C@H](O)CC(=O)Nc1cccc2cc(C)oc12,4343586_14585674
0.5142857142857142,C[C@@](O)(CO)C(=O)Nc1nncc2ccccc12,20984652_12495998
0.37333333333333335,COC(=O)[C@H](O)CC(=O)Nc1c(C)ccnc1F,2526738_14585674
0.5142857142857142,C[C@@H](C#N)C(=O)Nc1nncc2ccccc12,20984652_1607210
0.3684210526315789,COC(=O)[C@H](O)CC(=O)Nc1cnc(C)c(Cl)n1,104633414_14585674
0.6,CSCC(=O)Nc1nncc2ccccc12,20984652_901663
0.41333333333333333,COC(=O)[C@H](O)CC(=O)Nc1cc2ccccc2[nH]1,2576352_14585674
0.40540540540540543,COC(=O)[C@H](O)CC(=O)Nc1nccc(Cl)c1C,88189850_14585674
0.33766233766233766,COC(=O)[C@H](O)CC(=O)NC(=N)[C@H](C)c1ccccc1,39269051_14585674
0.4189189189189189,COC(=O)[C@H](O)CC(=O)Nc1ncccc1[C@@H](C)O,21985758_14585674
0.3835616438356164,CCc1ccc(NC(=O)C[C@@H](O)C(=O)OC)nn1,43214521_14585674
0.4931506849315068,CC(C)[C@H]1C[C@H]1C(=O)Nc1nncc2ccccc12,20984652_51690478
0.5131578947368421,Cc1cc(CC(=O)Nc2nncc3ccccc23)n[nH]1,20984652_1295983
0.38666666666666666,COC(=O)[C@H](O)CC(=O)Nc1cnc(Cl)c(C)n1,72187442_14585674
0.38271604938271603,COC(=O)[C@H](O)CC(=O)Nc1cccc2cnn(C)c12,15444581_14585674
0.38571428571428573,COC(=O)[C@H](O)CC(=O)Nc1ccns1,39118051_14585674
0.4473684210526316,O=C(Nc1nncc2ccccc12)c1cncc(O)c1,20984652_332673
0.5142857142857142,N[C@@H](CF)C(=O)Nc1nncc2ccccc12,20984652_2008697
0.6231884057971014,CCN(C)[C@H](C)CC(=O)Nc1nncc2ccccc12,20984652_19092960
0.5135135135135135,CCC[C@@H](N)[C@@H](O)C(=O)Nc1nncc2ccccc12,20984652_35050458
0.37037037037037035,COC(=O)[C@H](O)CC(=O)Nc1ncnc2cn(C)cc12,96524200_14585674
0.3333333333333333,COC(=O)[C@H](O)CC(=O)N[C@@H](c1ccccc1)C1CC1,3739100_14585674
0.3614457831325301,COC(=O)[C@H](O)CC(=O)Nc1ccc2ncncc2c1,29483194_14585674
0.48,CO[C@](C)(C(=O)Nc1nncc2ccccc12)C1CC1,20984652_41922861
0.5131578947368421,Cn1ccnc1CC(=O)Nc1nncc2ccccc12,20984652_16677952
0.5211267605633803,CC[C@H](CN)C(=O)Nc1nncc2ccccc12,20984652_13507030
0.5285714285714286,C/C=C/[C@H](O)C(=O)Nc1nncc2ccccc12,20984652_34083798
0.5909090909090909,CCC(=O)CC(=O)Nc1nncc2ccccc12,20984652_901313
0.3048780487804878,COC(=O)[C@H](O)CC(=O)N[C@H](C)CCc1ccco1,3882375_14585674
0.5757575757575758,O=C(CC(F)(F)F)Nc1nncc2ccccc12,20984652_2526262
0.5131578947368421,Nc1ncn(CC(=O)Nc2nncc3ccccc23)n1,20984652_2537440
0.3125,COC(=O)[C@H](O)CC(=O)NC[C@@H](C)n1ccc(C)n1,20104076_14585674
0.4857142857142857,O=C(Nc1nncc2ccccc12)[c-]1cccc1,20984652_59064373
0.35,CCCc1nccc(NC(=O)C[C@@H](O)C(=O)OC)n1,44117039_14585674
0.5135135135135135,O=C(Cc1nnn[nH]1)Nc1nncc2ccccc12,20984652_5178980
0.4868421052631579,CCc1c[nH]cc1C(=O)Nc1nncc2ccccc12,20984652_77260213
0.3466666666666667,COC(=O)[C@H](O)CC(=O)NCc1nncn1C,19809501_14585674
0.547945205479452,COC[C@@](C)(N)CC(=O)Nc1nncc2ccccc12,20984652_82762630
0.35135135135135137,COC(=O)[C@H](O)CC(=O)N[C@@H](CO)c1ccccc1,6731691_14585674
0.4931506849315068,CO[C@H]1[C@H](C(=O)Nc2nncc3ccccc23)C1(C)C,20984652_76576507
0.35064935064935066,CCc1nc(C#N)c(NC(=O)C[C@@H](O)C(=O)OC)o1,1720398_14585674
0.4864864864864865,COC1(C(=O)Nc2nncc3ccccc23)CCCC1,20984652_41922843
0.5652173913043478,C=C(CCC)CC(=O)Nc1nncc2ccccc12,20984652_39410361
0.5135135135135135,NC(=O)OC[C@@H](N)C(=O)Nc1nncc2ccccc12,20984652_1716967
0.5441176470588235,C[C@@H](O)[C@H](N)C(=O)Nc1nncc2ccccc12,20984652_895103
0.46153846153846156,C[C@@H](C(=O)Nc1nncc2ccccc12)c1ccoc1,20984652_68978516
0.35365853658536583,COC(=O)[C@H](O)CC(=O)Nc1ccc2cn[nH]c2c1C,89197556_14585674
0.2839506172839506,COC[C@@H](NC(=O)C[C@@H](O)C(=O)OC)c1nnn[nH]1,95190634_14585674
0.5135135135135135,O=C(Cc1ccoc1)Nc1nncc2ccccc12,20984652_334130
0.5064935064935064,C[C@@]1(CC(=O)Nc2nncc3ccccc23)CCCN1,20984652_228975277
0.34615384615384615,COC(=O)[C@H](O)CC(=O)NC(=O)Nc1ccccn1,2540615_14585674
0.6056338028169014,CCCC[C@H](C)CC(=O)Nc1nncc2ccccc12,20984652_2526817
0.3048780487804878,COC(=O)[C@H](O)CC(=O)NCc1ccnc(OC)c1,12505591_14585674
0.5,NC(=O)CC[C@@H](N)C(=O)Nc1nncc2ccccc12,20984652_1532609
0.33766233766233766,COC(=O)[C@H](O)CC(=O)N[C@@H](C)c1ccccn1,801640_14585674
0.4666666666666667,Cc1[nH]ncc1C(=O)Nc1nncc2ccccc12,20984652_8700060
0.325,CCCn1cc(NC(=O)C[C@@H](O)C(=O)OC)c(C)n1,2537956_14585674
0.30434782608695654,COC(=O)[C@H](O)CC(=O)NC[C@H](C)C(=O)OC,35757368_14585674
0.34615384615384615,COC(=O)[C@H](O)CC(=O)N[C@@H](C)c1cccc(C)n1,42383836_14585674
0.6323529411764706,CCN[C@@H](C)CC(=O)Nc1nncc2ccccc12,20984652_35747440
0.5352112676056338,CC[C@](C)(O)[C@H](O)C(=O)Nc1nncc2ccccc12,20984652_901926
0.5352112676056338,CC[C@](C)(O)[C@@H](O)C(=O)Nc1nncc2ccccc12,20984652_901928
0.5857142857142857,CC(C)OCCC(=O)Nc1nncc2ccccc12,20984652_12481080
0.3,COC(=O)[C@H](O)CC(=O)NCc1cc(OC)n(C)n1,96509318_14585674
0.4794520547945205,O=C(Nc1nncc2ccccc12)c1ccc(F)o1,20984652_85395459
0.5,CC(C)C[C@@H]1C[C@H]1C(=O)Nc1nncc2ccccc12,20984652_52126747
0.39436619718309857,COC(=O)[C@H](O)CC(=O)Nc1nonc1OC,967422_14585674
0.3333333333333333,C/N=C(\Cc1ccccc1)NC(=O)C[C@@H](O)C(=O)OC,62994469_14585674
0.35802469135802467,COC(=O)[C@H](O)CC(=O)Nc1cnc2[nH]c(C)cc2c1,44137496_14585674
0.4794520547945205,O=C(Nc1nncc2ccccc12)c1ccc(F)s1,20984652_12394717
0.46153846153846156,CCn1ncc(C(=O)Nc2nncc3ccccc23)n1,20984652_218553550
0.35064935064935066,COC(=O)[C@H](O)CC(=O)Nc1cncnc1CO,98181189_14585674
0.3783783783783784,COC(=O)[C@H](O)CC(=O)Nc1ccccc1C(F)F,77032059_14585674
0.6231884057971014,C[C@H](CCN)CC(=O)Nc1nncc2ccccc12,20984652_78809022
0.3125,COC(=O)[C@H](O)CC(=O)NCCOc1ccncc1,38874888_14585674
0.35064935064935066,COC(=O)[C@H](O)CC(=O)Nc1cc(C)c(Cl)cn1,22009755_14585674
0.410958904109589,COC(=O)[C@H](O)CC(=O)Nc1nccc(C)c1F,21981826_14585674
0.36,COC(=O)[C@H](O)CC(=O)Nc1cc(C(C)(C)F)no1,44138203_14585674
0.35526315789473684,COCc1csc(NC(=O)C[C@@H](O)C(=O)OC)n1,31772050_14585674
0.36585365853658536,COC(=O)[C@H](O)CC(=O)Nc1cccc2ncc(C)n12,30677913_14585674
0.35526315789473684,COC(=O)[C@H](O)CC(=O)Nc1cccc(F)c1OC,403404_14585674
0.5909090909090909,CNC(=O)CCC(=O)Nc1nncc2ccccc12,20984652_409891
0.48,Cc1nccnc1C(=O)Nc1nncc2ccccc12,20984652_16124332
0.33766233766233766,CCC[C@@H](NC(=O)C[C@@H](O)C(=O)OC)c1ccccc1,3333291_14585674
0.4794520547945205,Cc1ccc(C(=O)Nc2nncc3ccccc23)s1,20984652_152267
0.5205479452054794,CCCC[C@@H](N)C(=O)Nc1nncc2ccccc12,20984652_2034415
0.37333333333333335,COC(=O)[C@H](O)CC(=O)Nc1cc(F)nc(F)c1F,34203641_14585674
0.35526315789473684,COC(=O)[C@H](O)CC(=O)Nc1cccc(Cl)c1C,157621_14585674
0.47297297297297297,Cn1nnc(C(=O)Nc2nncc3ccccc23)n1,20984652_1564369
0.31645569620253167,COC[C@H](NC(=O)C[C@@H](O)C(=O)OC)c1ccco1,70184753_14585674
0.3,CNC(=O)C[C@@H](C)NC(=O)C[C@@H](O)C(=O)OC,37475651_14585674
0.375,COC(=O)[C@H](O)CC(=O)Nc1nc(C)cs1,5438431_14585674
0.5066666666666667,CSCC[C@H](N)C(=O)Nc1nncc2ccccc12,20984652_1532529
0.37037037037037035,COC(=O)[C@H](O)CC(=O)Nc1nccn2c(C)nnc12,17107274_14585674
0.3333333333333333,COCCc1cc(NC(=O)C[C@@H](O)C(=O)OC)[nH]n1,36890039_14585674
0.39436619718309857,COC(=O)[C@H](O)CC(=O)Nc1ccc(F)nn1,30678112_14585674
0.5205479452054794,COC[C@H](C)[C@@H](C)C(=O)Nc1nncc2ccccc12,20984652_86338185
0.5352112676056338,CC(C)(CN)[C@H](O)C(=O)Nc1nncc2ccccc12,20984652_366415
0.35064935064935066,COC(=O)[C@H](O)CC(=O)Nc1cc(F)nc(OC)c1,220491740_14585674
0.5652173913043478,CC(C)(CN)CC(=O)Nc1nncc2ccccc12,20984652_4764394
0.4605263157894737,Cc1ncoc1C(=O)Nc1nncc2ccccc12,20984652_49585028
0.425,O=C(Nc1nncc2ccccc12)c1cccc2c1CC2,20984652_22016487
0.5303030303030303,CC(C)(N)C(=O)Nc1nncc2ccccc12,20984652_901801
0.2916666666666667,CCC[C@H](O)CNC(=O)C[C@@H](O)C(=O)OC,1555529_14585674
0.4533333333333333,O=C(Nc1nncc2ccccc12)c1cc(O)n[nH]1,20984652_5114057
0.2777777777777778,CC[C@H](NC(=O)C[C@@H](O)C(=O)OC)[C@@H](O)C(=O)OC,78725164_14585674
0.4225352112676056,COC(=O)[C@H](O)CC(=O)Nc1cnnc(C)c1,40546730_14585674
0.375,COC(=O)[C@H](O)CC(=O)Nc1cn(C)nn1,19089902_14585674
0.3291139240506329,COC(=O)[C@H](O)CC(=O)NCc1ccc(CO)nc1,57354537_14585674
0.37662337662337664,COC(=O)[C@H](O)CC(=O)Nc1n[nH]cc1C1CC1,26897708_14585674
0.33766233766233766,COC(=O)c1nc(NC(=O)C[C@@H](O)C(=O)OC)n[nH]1,2584075_14585674
0.35802469135802467,COC(=O)[C@H](O)CC(=O)Nc1nncn1CC1CC1,19136712_14585674
0.5507246376811594,C#CCCC(=O)Nc1nncc2ccccc12,20984652_2034206
0.5652173913043478,CC(C)(CO)CC(=O)Nc1nncc2ccccc12,20984652_95533144
0.45454545454545453,Cc1ccncc1C(=O)Nc1nncc2ccccc12,20984652_2582042
0.3780487804878049,COC(=O)[C@H](O)CC(=O)Nc1nccc2[nH]c(C)nc12,82408748_14585674
0.5555555555555556,CC[C@H](N)CCC(=O)Nc1nncc2ccccc12,20984652_1712883
0.4358974358974359,Nc1ncncc1C(=O)Nc1nncc2ccccc12,20984652_967326
0.32894736842105265,COC(=O)[C@H](O)CC(=O)NCc1nc(C)co1,82522221_14585674
0.3037974683544304,COC(=O)[C@H](O)CC(=O)NC(=S)n1ccc(C)n1,394946_14585674
0.5352112676056338,CC[C@@](C)(O)[C@@H](O)C(=O)Nc1nncc2ccccc12,20984652_895982
0.5131578947368421,C[C@H]1C[C@@H](CC(=O)Nc2nncc3ccccc23)CN1,20984652_220040266
0.4305555555555556,COC(=O)[C@H](O)CC(=O)Nc1nc(C)cnc1C,39436852_14585674
0.3291139240506329,COC(=O)[C@H](O)CC(=O)NC(=O)Cc1cccnc1,12359076_14585674
0.5066666666666667,Nc1nonc1CC(=O)Nc1nncc2ccccc12,20984652_2258900
0.3088235294117647,COC(=O)[C@H](O)CC(=O)N[C@@H](CO)C(=O)OC,19230192_14585674
0.5135135135135135,C[C@H](OCCO)C(=O)Nc1nncc2ccccc12,20984652_19870478
0.5,Nc1ccn(CC(=O)Nc2nncc3ccccc23)n1,20984652_2537410
0.5135135135135135,O=C(Cn1cnnn1)Nc1nncc2ccccc12,20984652_967442
0.3466666666666667,COC(=O)[C@H](O)CC(=O)Nc1nc(C)nc(OC)n1,193078_14585674
0.3333333333333333,COC(=O)[C@H](O)CC(=O)NC(=N)CCc1ccccc1,1664249_14585674
0.4794520547945205,Cc1cnc(C(=O)Nc2nncc3ccccc23)o1,20984652_38530122
0.30864197530864196,COC(=O)[C@H](O)CC(=O)N[C@@H](C)c1nc(=O)cc[nH]1,71024797_14585674
0.582089552238806,C/C=C/CC(=O)Nc1nncc2ccccc12,20984652_2037375
0.3466666666666667,COC(=O)[C@H](O)CC(=O)NCc1ccccc1C,967194_14585674
0.5352112676056338,CCC[C@H](N)C(=O)Nc1nncc2ccccc12,20984652_391821
0.325,CC[C@@H](NC(=O)C[C@@H](O)C(=O)OC)c1cccnc1,19091638_14585674
0.3924050632911392,COC(=O)[C@H](O)CC(=O)Nc1ncnc2[nH]ncc12,13542589_14585674
0.35365853658536583,COC(=O)[C@H](O)CC(=O)Nc1nc2c(C)cccc2[nH]1,34410850_14585674
0.4935064935064935,CCNCC[C@@H](N)C(=O)Nc1nncc2ccccc12,20984652_28212094
0.4230769230769231,COC(=O)[C@H](O)CC(=O)Nc1nc(C)nc2[nH]ncc12,4353371_14585674
0.3253012048192771,COC(=O)[C@H](O)CC(=O)Nc1cnn(CC2CC2)c1,36765347_14585674
0.5138888888888888,C[C@@H](N)[C@@H](O)[C@@H](C)C(=O)Nc1nncc2ccccc12,20984652_5572854
0.33766233766233766,COC(=O)[C@H](O)CC(=O)NC(=N)[C@@H](C)c1ccccc1,39269050_14585674
0.582089552238806,CSCCC(=O)Nc1nncc2ccccc12,20984652_1531044
0.5405405405405406,CC1(OCC(=O)Nc2nncc3ccccc23)CCC1,20984652_82160284
0.5068493150684932,NCCC[C@H](N)C(=O)Nc1nncc2ccccc12,20984652_1532530
0.2857142857142857,COC(=O)[C@H](O)CC(=O)N[C@@H](C(=O)OC)C(C)(C)C,55345588_14585674
0.4027777777777778,COC(=O)[C@H](O)CC(=O)Nc1ccc(F)nc1F,39051942_14585674
0.4935064935064935,O=C(CCc1ccno1)Nc1nncc2ccccc12,20984652_4997825
0.5,C[C@@H](NC(=N)N)C(=O)Nc1nncc2ccccc12,20984652_2044403
0.4666666666666667,Cc1nocc1C(=O)Nc1nncc2ccccc12,20984652_2244220
0.3373493975903614,COC(=O)[C@H](O)CC(=O)Nc1ccc2c(c1)C[C@@H](C)O2,15635653_14585674
0.5285714285714286,CC(C)[C@@H](CO)C(=O)Nc1nncc2ccccc12,20984652_59190320
0.425,N#Cc1cccc(C(=O)Nc2nncc3ccccc23)n1,20984652_14982555
0.5633802816901409,COCC(=O)NCC(=O)Nc1nncc2ccccc12,20984652_20205651
0.410958904109589,COC(=O)[C@H](O)CC(=O)Nc1ncc(O)cc1F,238695364_14585674
0.3373493975903614,COC(=O)[C@H](O)CC(=O)NCc1nc2ccccc2o1,5771233_14585674
0.5066666666666667,CN(C)CC[C@H](N)C(=O)Nc1nncc2ccccc12,20984652_19430014
0.4605263157894737,Cc1nc(C(=O)Nc2nncc3ccccc23)cn1C,20984652_71493997
0.5352112676056338,CCO[C@@H](C)C(=O)Nc1nncc2ccccc12,20984652_19483795
0.4605263157894737,Cc1cnc(C(=O)Nc2nncc3ccccc23)n1C,20984652_82837824
0.5066666666666667,C[C@H](OCCN)C(=O)Nc1nncc2ccccc12,20984652_74494188
0.36363636363636365,COC(=O)[C@H](O)CC(=O)Nc1cccnc1C(=O)O,330903_14585674
0.5606060606060606,C[C@@H](O)[C@H](O)C(=O)Nc1nncc2ccccc12,20984652_1695855
0.3048780487804878,CCn1cnnc1[C@@H](C)NC(=O)C[C@@H](O)C(=O)OC,12413869_14585674
0.3333333333333333,COC(=O)[C@H](O)CC(=O)N[C@@H]1[C@@H](C)[C@H]1c1ccccc1,104637054_14585674
0.5277777777777778,CCC(=O)N[C@@H](C)C(=O)Nc1nncc2ccccc12,20984652_1560908
0.4605263157894737,O=C(Nc1nncc2ccccc12)c1cc(F)c[nH]1,20984652_95740519
0.4594594594594595,O=C(Nc1nncc2ccccc12)c1cnon1,20984652_1295964
0.37333333333333335,CCC(=O)c1ccccc1NC(=O)C[C@@H](O)C(=O)OC,1635722_14585674
0.34523809523809523,COC(=O)[C@H](O)CC(=O)Nc1cnn2ccc(C)cc12,238541234_14585674
0.3888888888888889,CCNc1ccccc1NC(=O)C[C@@H](O)C(=O)OC,5139781_14585674
0.379746835443038,COC(=O)[C@H](O)CC(=O)Nc1nccc(OC)c1C#N,168320_14585674
0.3176470588235294,COC(=O)[C@H](O)CC(=O)Nc1ccc2c(c1)COC2=O,122281_14585674
0.44871794871794873,Cc1cncnc1C(=O)Nc1nncc2ccccc12,20984652_71624795
0.5142857142857142,CC(C)[C@@H](C(=O)Nc1nncc2ccccc12)[C@H](C)N,20984652_113966812
0.40540540540540543,COC(=O)[C@H](O)CC(=O)Nc1ncc(OC)cc1C,95642677_14585674
0.45,CCC1=N[C@@H](C(=O)Nc2nncc3ccccc23)CC1,20984652_201265779
0.5277777777777778,CCC(=O)N[C@H](C)C(=O)Nc1nncc2ccccc12,20984652_2030276
0.36619718309859156,COC(=O)[C@H](O)CC(=O)Nc1ccc([C@H](C)O)cc1,404058_14585674
0.43661971830985913,COC(=O)[C@H](O)CC(=O)Nc1ncccc1C,402702_14585674
0.3,COC(=O)[C@H](O)CC(=O)NCCc1cnn(C)c1,20074844_14585674
0.5857142857142857,CC[C@@H](C)OCC(=O)Nc1nncc2ccccc12,20984652_34306552
0.3466666666666667,COC(=O)[C@H](O)CC(=O)N[C@@H](C)C(=O)c1ccccc1,53165481_14585674
0.5616438356164384,CC(C)COCCC(=O)Nc1nncc2ccccc12,20984652_19518202
0.3625,COC(=O)[C@H](O)CC(=O)Nc1nn(C)c2c1CCC2,23118922_14585674
0.5066666666666667,CCC[C@@H](O)[C@H](N)C(=O)Nc1nncc2ccccc12,20984652_1742240
0.3103448275862069,COC(=O)[C@H](O)CC(=O)NCc1cnc2[nH]ccc2c1,6643330_14585674
0.32941176470588235,COC(=O)[C@H](O)CC(=O)Nc1cnn2c1OCCC2,26047064_14585674
0.5416666666666666,CC1CC(CC(=O)Nc2nncc3ccccc23)C1,20984652_104723439
0.38271604938271603,COC(=O)[C@H](O)CC(=O)Nc1ncnc2c1cnn2C,487725_14585674
0.36585365853658536,COC(=O)[C@H](O)CC(=O)Nc1ncn2c1CCCC2,26046794_14585674
0.33766233766233766,COC(=O)[C@H](O)CC(=O)NCCC(=O)c1ccccc1,337836_14585674
0.6615384615384615,C[C@H](CO)CC(=O)Nc1nncc2ccccc12,20984652_6020365
0.325,COC(=O)[C@H](O)CC(=O)N[C@@H]1C[C@]1(C)c1ccccc1,52126358_14585674
0.3333333333333333,COC(=O)[C@H](O)CC(=O)N[C@H]1[C@@H](C)[C@H]1c1ccccc1,227697706_14585674
0.4358974358974359,Nc1ncccc1C(=O)Nc1nncc2ccccc12,20984652_331646
0.3048780487804878,COC(=O)[C@H](O)CC(=O)NCCc1nccc(O)n1,71024800_14585674
0.5555555555555556,C[C@@](CN)(CO)CC(=O)Nc1nncc2ccccc12,20984652_95533154
0.5735294117647058,O=C(COC(F)(F)F)Nc1nncc2ccccc12,20984652_32629452
0.46153846153846156,CC[C@@H]1CCC[C@@H]1C(=O)Nc1nncc2ccccc12,20984652_34286093
0.3,CCn1nnc(CNC(=O)C[C@@H](O)C(=O)OC)n1,77260060_14585674
0.4666666666666667,Cc1nc(C(=O)Nc2nncc3ccccc23)co1,20984652_49538689
0.3918918918918919,COC(=O)[C@H](O)CC(=O)Nc1ccc(Cl)c(F)n1,71256951_14585674
0.4675324675324675,Cn1cc(F)c(C(=O)Nc2nncc3ccccc23)n1,20984652_88189721
0.35064935064935066,COC(=O)[C@H](O)CC(=O)Nc1cnc(C)cc1Cl,26506757_14585674
0.3246753246753247,COC(=O)[C@H](O)CC(=O)N[C@H](C)c1ccccc1F,2598067_14585674
0.34146341463414637,CCc1nc(NC(=O)C[C@@H](O)C(=O)OC)ncc1C#N,146061313_14585674
0.5652173913043478,C/C=C/CCC(=O)Nc1nncc2ccccc12,20984652_5132839
0.35135135135135137,COC(=O)[C@H](O)CC(=O)NCC(=O)c1ccccc1,53194795_14585674
0.5882352941176471,CC[S@](=O)CC(=O)Nc1nncc2ccccc12,20984652_19092572
0.59375,NCCC(=O)Nc1nncc2ccccc12,20984652_4658555
0.34615384615384615,COC(=O)[C@H](O)CC(=O)Nc1cc(C)cnc1OC,39051109_14585674
0.34615384615384615,COC(=O)[C@H](O)CC(=O)Nc1nc(=S)cc(C)[nH]1,20353229_14585674
0.5833333333333334,NC[C@H](CC(=O)Nc1nncc2ccccc12)C1CC1,20984652_78724766
0.375,COC(=O)[C@H](O)CC(=O)Nc1cccc2ncccc12,404292_14585674
0.3466666666666667,COC(=O)[C@H](O)CC(=O)NC(=O)[C@H](C)c1ccccc1,2044229_14585674
0.3333333333333333,COC(=O)[C@H](O)CC(=O)NCC[C@@H](C)c1ccccc1,11629489_14585674
0.32051282051282054,COC(=O)[C@H](O)CC(=O)NCc1cccc(F)c1,152271_14585674
0.3815789473684211,COC(=O)[C@H](O)CC(=O)NC1=NC(=O)c2ccccc21,4528689_14585674
0.45454545454545453,O=C(Nc1nncc2ccccc12)c1cnccc1F,20984652_2599080
0.527027027027027,O=C(COC1COC1)Nc1nncc2ccccc12,20984652_98057384
0.3611111111111111,CCNc1ccc(NC(=O)C[C@@H](O)C(=O)OC)cc1,20381718_14585674
0.3698630136986301,COC(=O)[C@H](O)CC(=O)Nc1[nH]ncc1Cl,4244022_14585674
0.45454545454545453,O=C(Nc1nncc2ccccc12)c1ccc(CO)o1,20984652_327584
0.3924050632911392,CCc1ncc(C#N)c(NC(=O)C[C@@H](O)C(=O)OC)n1,39052878_14585674
0.34210526315789475,COC(=O)[C@H](O)CC(=O)Nc1ccc(OC)c(O)c1,409187_14585674
0.3333333333333333,COC(=O)[C@H](O)CC(=O)NC1(c2ccccc2)COC1,67802745_14585674
0.32894736842105265,COC(=O)[C@H](O)CC(=O)NC(=O)c1ccccc1F,39562_14585674
0.45454545454545453,O=C(Nc1nncc2ccccc12)c1ccn(CO)n1,20984652_2537616
0.44871794871794873,O=C(Nc1nncc2ccccc12)c1ncncc1F,20984652_230539904
0.45454545454545453,Cc1cnccc1C(=O)Nc1nncc2ccccc12,20984652_1420691
0.36,COC(=O)[C@H](O)CC(=O)Nc1ccnn1C(C)C,809977_14585674
0.4027777777777778,CCc1nonc1NC(=O)C[C@@H](O)C(=O)OC,16752464_14585674
0.36363636363636365,CCCc1ccc(NC(=O)C[C@@H](O)C(=O)OC)cn1,34171711_14585674
0.37037037037037035,COC(=O)[C@H](O)CC(=O)Nc1c(C)nc2ccccn12,20357620_14585674
0.5135135135135135,O=C(Cn1cccn1)Nc1nncc2ccccc12,20984652_3132236
0.5806451612903226,O=C(Nc1nncc2ccccc12)C(O)O,20984652_6660936
0.4605263157894737,O=C(Nc1nncc2ccccc12)c1[nH]cc(F)c1F,20984652_45795825
0.3972602739726027,COC(=O)[C@H](O)CC(=O)Nc1ccc(C)nc1F,2384073_14585674
0.5,O=C(Cn1cnc(O)n1)Nc1nncc2ccccc12,20984652_217043264
0.45569620253164556,CCn1cncc1C(=O)Nc1nncc2ccccc12,20984652_13483637
0.3176470588235294,COC(=O)[C@H](O)CC(=O)NCc1cc2cccnc2[nH]1,82631720_14585674
0.5735294117647058,CNC(=O)CCCC(=O)Nc1nncc2ccccc12,20984652_35721147
0.5068493150684932,N[C@H](CCCO)C(=O)Nc1nncc2ccccc12,20984652_2035153
0.325,C#C[C@@H](NC(=O)C[C@@H](O)C(=O)OC)c1ccccc1C,38972936_14585674
0.45569620253164556,CCc1oncc1C(=O)Nc1nncc2ccccc12,20984652_8700121
0.34146341463414637,COC(=O)[C@H](O)CC(=O)Nc1ncc2cc(C)[nH]c2n1,230570210_14585674
0.3698630136986301,COC(=O)[C@H](O)CC(=O)NC[C@H](O)c1ccccc1,403284_14585674
0.4675324675324675,Cc1n[nH]c(C(=O)Nc2nncc3ccccc23)c1F,20984652_28824280
0.48717948717948717,O=C(C[C@H]1COC(=O)C1)Nc1nncc2ccccc12,20984652_14724381
0.325,C#C[C@H](NC(=O)C[C@@H](O)C(=O)OC)c1ccccc1C,38972937_14585674
0.5135135135135135,O=C(Cc1cc[nH]c1)Nc1nncc2ccccc12,20984652_1646567
0.37662337662337664,COC(=O)[C@H](O)CC(=O)Nc1nccn2ccnc12,26995176_14585674
0.37037037037037035,COC(=O)[C@H](O)CC(=O)Nc1c[nH]c2ncccc12,14984902_14585674
0.35365853658536583,COC(=O)[C@H](O)CC(=O)Nc1cnn2cnnc2c1,1730469_14585674
0.5205479452054794,C[C@@H](NC(=O)CN)C(=O)Nc1nncc2ccccc12,20984652_1605215
0.34615384615384615,COC(=O)[C@H](O)CC(=O)Nc1cc(C)[nH]c(=S)n1,9028115_14585674
0.5205479452054794,N=C(N)NCCC(=O)Nc1nncc2ccccc12,20984652_901626
0.44871794871794873,O=C(Nc1nncc2ccccc12)c1cc(F)ccn1,20984652_21304417
0.36,COC(=O)[C@H](O)CC(=O)Nc1c[nH]c(=O)cn1,44117791_14585674
0.358974358974359,COC(=O)[C@H](O)CC(=O)Nc1cccnc1CF,256050167_14585674
0.3835616438356164,COC(=O)[C@H](O)CC(=O)Nc1cnc(C)c(C)n1,1700080_14585674
0.5205479452054794,CC(C)C[C@](C)(N)C(=O)Nc1nncc2ccccc12,20984652_403039
0.35064935064935066,COC(=O)[C@H](O)CC(=O)NC[C@H](C)Cc1ccccc1,11974902_14585674
0.43037974683544306,N#Cc1ccc(C(=O)Nc2nncc3ccccc23)cn1,20984652_1495010
0.35064935064935066,COC(=O)[C@H](O)CC(=O)Nc1cc(C)nc(OC)n1,25491744_14585674
0.5,CC(C)[C@H](CCN)C(=O)Nc1nncc2ccccc12,20984652_96029362
0.547945205479452,NCCCOCC(=O)Nc1nncc2ccccc12,20984652_1618814
0.5652173913043478,C/C=C\CCC(=O)Nc1nncc2ccccc12,20984652_5540874
0.3170731707317073,CCCn1cnnc1CNC(=O)C[C@@H](O)C(=O)OC,19090036_14585674
0.3375,COC(=O)[C@H](O)CC(=O)Nc1nc(CF)cc(=O)[nH]1,17289384_14585674
0.358974358974359,COC(=O)[C@H](O)CC(=O)Nc1cccnc1N(C)C,20317402_14585674
0.5652173913043478,C[C@@H]1C[C@H]1CC(=O)Nc1nncc2ccccc12,20984652_26638525
0.45569620253164556,C[C@@H](C(=O)Nc1nncc2ccccc12)c1ncc[nH]1,20984652_82410341
0.6515151515151515,C[C@H](CC(=O)Nc1nncc2ccccc12)[C@@H](C)N,20984652_72208145
0.5362318840579711,O=C(Nc1nncc2ccccc12)[C@@H](O)[C@@H](O)CO,20984652_901058
0.4861111111111111,Cc1ncc(C(=O)Nc2nncc3ccccc23)cn1,20984652_14593173
0.34210526315789475,COC(=O)[C@H](O)CC(=O)Nc1ccc(=O)[nH]c1C,14985745_14585674
0.4931506849315068,CNC(=O)[C@H]1C[C@@H]1C(=O)Nc1nncc2ccccc12,20984652_37652745
0.3717948717948718,COC(=O)[C@H](O)CC(=O)Nc1cccc(CCO)n1,38845527_14585674
0.5833333333333334,NCCC[C@@H](N)CC(=O)Nc1nncc2ccccc12,20984652_3869559
0.3684210526315789,COC(=O)[C@H](O)CC(=O)Nc1ccc(C)nc1OC,8698258_14585674
0.5633802816901409,CCOC(=O)[C@H](C)C(=O)Nc1nncc2ccccc12,20984652_2564880
0.36619718309859156,COC(=O)[C@H](O)CC(=O)Nc1ccc([C@@H](C)O)cc1,404059_14585674
0.5352112676056338,CCC[C@@H](N)C(=O)Nc1nncc2ccccc12,20984652_391822
0.6,CC(C)(C)CC(=O)Nc1nncc2ccccc12,20984652_388597
0.4794520547945205,O=C(Nc1nncc2ccccc12)c1ncc(F)cn1,20984652_85219504
0.4533333333333333,O=C(Nc1nncc2ccccc12)c1ncon1,20984652_20357828
0.3684210526315789,COC(=O)[C@H](O)CC(=O)Nc1cnccc1OC,4344107_14585674
0.5352112676056338,C[C@H](CC(C)(C)C)C(=O)Nc1nncc2ccccc12,20984652_6036131
0.3048780487804878,COC(=O)[C@H](O)CC(=O)NCC#Cc1ccccc1F,52887731_14585674
0.5135135135135135,CCOC[C@@H](C)C(=O)Nc1nncc2ccccc12,20984652_10715411
0.47368421052631576,COc1ccc(C(=O)Nc2nncc3ccccc23)o1,20984652_253676
0.3333333333333333,COC(=O)[C@H](O)CC(=O)N[C@@H](C)c1cccnc1,801642_14585674
0.5416666666666666,C#CCOCC(=O)Nc1nncc2ccccc12,20984652_34199943
0.4246575342465753,COC(=O)[C@H](O)CC(=O)Nc1nncnc1C(=O)O,39083028_14585674
0.3291139240506329,COC(=O)[C@H](O)CC(=O)N[C@H](C)c1ccncc1C,83267502_14585674
0.5205479452054794,C[C@H](CC(C)(C)N)C(=O)Nc1nncc2ccccc12,20984652_40544555
0.5211267605633803,N[C@@H](CCO)C(=O)Nc1nncc2ccccc12,20984652_895146
0.3815789473684211,COC(=O)[C@H](O)CC(=O)Nc1cccc(C(F)F)n1,211794520_14585674
0.5,C[C@H](NC(=N)N)C(=O)Nc1nncc2ccccc12,20984652_1688252
0.36,COC(=O)[C@H](O)CC(=O)Nc1cnn(CF)c1,256053531_14585674
0.5352112676056338,CC(C)(CN)[C@@H](O)C(=O)Nc1nncc2ccccc12,20984652_366418
0.28169014084507044,COC(=O)[C@H](O)CC(=O)N[C@H](C(=O)OC)[C@@H](C)F,39254740_14585674
0.3333333333333333,COC(=O)[C@H](O)CC(=O)N[C@@H]1CC[C@H]1c1ccccc1,68575781_14585674
0.36585365853658536,COC(=O)[C@H](O)CC(=O)Nc1nc(C)c2ccccn12,75843679_14585674
0.35802469135802467,COC(=O)[C@H](O)CC(=O)Nc1ncnn2ccnc12,82410914_14585674
0.36486486486486486,COC(=O)[C@H](O)CC(=O)Nc1ncc(OC)s1,59849152_14585674
0.5,CCCCO[C@H](C)C(=O)Nc1nncc2ccccc12,20984652_34120407
0.5131578947368421,CCOCC[C@@H](N)C(=O)Nc1nncc2ccccc12,20984652_13352843
0.3333333333333333,COC(=O)[C@H](O)CC(=O)Nc1cn2ncsc2n1,39118503_14585674
0.48717948717948717,O=C(CCn1cncn1)Nc1nncc2ccccc12,20984652_128315
0.5,C[C@H](CCF)[C@@H](N)C(=O)Nc1nncc2ccccc12,20984652_1743354
0.4605263157894737,Cn1nnc(C(=O)Nc2nncc3ccccc23)c1N,20984652_95761717
0.5735294117647058,CCN(CC)CC(=O)Nc1nncc2ccccc12,20984652_1596841
0.3611111111111111,COC(=O)[C@H](O)CC(=O)Nc1nnn(C)n1,16954943_14585674
0.34615384615384615,COC(=O)[C@H](O)CC(=O)Nc1cc(F)cnc1OC,82046593_14585674
0.5362318840579711,CO[C@H](C(=O)Nc1nncc2ccccc12)C(C)C,20984652_19513078
0.41975308641975306,N#Cc1cccnc1C(=O)Nc1nncc2ccccc12,20984652_13542302
0.34177215189873417,COC(=O)[C@H](O)CC(=O)NCCc1cccnn1,26461182_14585674
0.5555555555555556,C[C@H](N)CCCC(=O)Nc1nncc2ccccc12,20984652_5734951
0.38461538461538464,COC(=O)[C@H](O)CC(=O)Nc1ncc(C#N)cc1C#N,20436862_14585674
0.3493975903614458,COC(=O)[C@H](O)CC(=O)Nc1c[nH]c2cccnc12,26059938_14585674
0.46153846153846156,C[C@@H](C(=O)Nc1nncc2ccccc12)n1ccnc1,20984652_19735553
0.47297297297297297,Cc1onnc1C(=O)Nc1nncc2ccccc12,20984652_16124623
0.5616438356164384,COC[C@H](C)NCC(=O)Nc1nncc2ccccc12,20984652_20376351
0.36,COC(=O)[C@H](O)CC(=O)Nc1cccc(O)c1F,66309395_14585674
0.4675324675324675,Cn1cc(C(=O)Nc2nncc3ccccc23)c(N)n1,20984652_35937644
0.5606060606060606,CC(C)[C@@H](O)C(=O)Nc1nncc2ccccc12,20984652_389854
0.4868421052631579,CCO[C@H]1C[C@H]1C(=O)Nc1nncc2ccccc12,20984652_32629450
0.4533333333333333,O=C(Nc1nncc2ccccc12)c1cn[nH]c1O,20984652_26189195
0.2777777777777778,COC(=O)[C@H](O)CC(=O)N[C@@H](CC(=O)O)[C@@H](C)O,2504858_14585674
0.4675324675324675,CCc1nc(C(=O)Nc2nncc3ccccc23)c[nH]1,20984652_26895975
0.5138888888888888,CO[C@@H](C)[C@H](N)C(=O)Nc1nncc2ccccc12,20984652_1700275
0.34615384615384615,CCOc1ccnc(NC(=O)C[C@@H](O)C(=O)OC)c1,332011_14585674
0.3684210526315789,COC(=O)[C@H](O)CC(=O)Nc1nc(O)cc(=O)[nH]1,17780109_14585674
0.4722222222222222,O=C(Nc1nncc2ccccc12)c1cncnc1,20984652_1494997
0.4084507042253521,COC(=O)[C@H](O)CC(=O)Nc1nccnc1CO,26461383_14585674
0.4931506849315068,O=C(Nc1nncc2ccccc12)[C@H](O)C1CCC1,20984652_82707843
0.42028985507246375,COC(=O)[C@H](O)CC(=O)Nc1nc(C)c(C)nc1C,62208513_14585674
0.32,COC(=O)[C@H](O)CC(=O)NCc1cc[n+](C)cc1,44249405_14585674
0.325,COC(=O)[C@H](O)CC(=O)N[C@H](C)c1cccnc1F,83591337_14585674
0.5138888888888888,C[C@@H](N)[C@H](O)[C@@H](C)C(=O)Nc1nncc2ccccc12,20984652_5572856
0.2898550724637681,COC(=O)[C@H](O)CC(=O)N[C@H](C(=O)OC)[C@@H](C)O,34924609_14585674
0.5205479452054794,C=C(C)C[C@@H](N)C(=O)Nc1nncc2ccccc12,20984652_1584112
0.35064935064935066,COC(=O)[C@H](O)CC(=O)Nc1cnn(C)c(=O)c1,39017098_14585674
0.391304347826087,COC(=O)[C@H](O)CC(=O)Nc1ccco1,6093512_14585674
0.5205479452054794,CO[C@@H](CCN)C(=O)Nc1nncc2ccccc12,20984652_82776002
0.5068493150684932,NCCC[C@@H](N)C(=O)Nc1nncc2ccccc12,20984652_1532678
0.5070422535211268,NCCC(CCN)C(=O)Nc1nncc2ccccc12,20984652_75612198
0.4794520547945205,Cc1ccc(C(=O)Nc2nncc3ccccc23)o1,20984652_62699
0.3,CC[C@@H](CNC(=O)C[C@@H](O)C(=O)OC)C(=O)OC,78724895_14585674
0.5428571428571428,NCC(=O)CCC(=O)Nc1nncc2ccccc12,20984652_3782550
0.4666666666666667,O=C(Nc1nncc2ccccc12)c1coc(F)n1,20984652_44184990
0.3333333333333333,COC(=O)[C@H](O)CC(=O)N[C@@H](CC#N)c1ccccc1,34550001_14585674
0.425,O=C(Nc1nncc2ccccc12)[C@@H]1Cc2ccccc21,20984652_389501
0.4666666666666667,Cc1[nH]ccc1C(=O)Nc1nncc2ccccc12,20984652_1574411
0.5416666666666666,CCC/C=C/CC(=O)Nc1nncc2ccccc12,20984652_2011316
0.46153846153846156,CCc1cc[nH]c1C(=O)Nc1nncc2ccccc12,20984652_82410576
0.4305555555555556,COC(=O)[C@H](O)CC(=O)Nc1ncnc(F)c1C,39053527_14585674
0.5616438356164384,COC[C@@H](C)NCC(=O)Nc1nncc2ccccc12,20984652_20376348
0.4868421052631579,CCO[C@H]1C[C@@H]1C(=O)Nc1nncc2ccccc12,20984652_32629446
0.5555555555555556,C[C@H](N)C(=O)NCC(=O)Nc1nncc2ccccc12,20984652_1888744
0.5131578947368421,Cc1ncoc1CC(=O)Nc1nncc2ccccc12,20984652_58517527
0.3783783783783784,COC(=O)[C@H](O)CC(=O)Nc1ccc(C(C)C)cn1,39050142_14585674
0.44871794871794873,Cn1oc(C(=O)Nc2nncc3ccccc23)cc1=O,20984652_84230582
0.35526315789473684,COC(=O)[C@H](O)CC(=O)Nc1ccc(F)cc1CO,20446529_14585674
0.5131578947368421,CC#CCCCCC(=O)Nc1nncc2ccccc12,20984652_1599859
0.5735294117647058,CCNC(=O)CC(=O)Nc1nncc2ccccc12,20984652_20205189
0.3333333333333333,COC(=O)[C@H](O)CC(=O)NC[C@@H](C)c1cccs1,2575601_14585674
0.4666666666666667,Cc1ncc(C(=O)Nc2nncc3ccccc23)nn1,20984652_82410587
0.5555555555555556,CC(C)CCCCC(=O)Nc1nncc2ccccc12,20984652_2584579
0.3291139240506329,CCOc1nc(NC(=O)C[C@@H](O)C(=O)OC)n[nH]1,39378538_14585674
0.4358974358974359,Nc1ccncc1C(=O)Nc1nncc2ccccc12,20984652_333065
0.4375,NCc1ccoc1C(=O)Nc1nncc2ccccc12,20984652_111452
0.35365853658536583,COC(=O)[C@H](O)CC(=O)Nc1cc(C)c2cc[nH]c2n1,238456733_14585674
0.35135135135135137,COC(=O)[C@H](O)CC(=O)Nc1cc(C(C)=O)no1,107217191_14585674
0.40789473684210525,COC(=O)[C@H](O)CC(=O)Nc1nccc2ccoc12,95642504_14585674
0.5352112676056338,CC(C)C[C@@](C)(O)C(=O)Nc1nncc2ccccc12,20984652_34454412
0.547945205479452,C[C@H](C#N)CCC(=O)Nc1nncc2ccccc12,20984652_34016751
0.5,C[C@@H](C(=O)Nc1nncc2ccccc12)n1cccc1,20984652_106408
0.3333333333333333,COCCn1cnc(NC(=O)C[C@@H](O)C(=O)OC)c1,98214008_14585674
0.46153846153846156,CO[C@@H]1CC[C@@H](C(=O)Nc2nncc3ccccc23)C1,20984652_107157118
0.5909090909090909,CC(=O)CCC(=O)Nc1nncc2ccccc12,20984652_586584
0.35443037974683544,COC(=O)[C@H](O)CC(=O)Nc1cn(CCF)nn1,87779111_14585674
0.4189189189189189,COC(=O)[C@H](O)CC(=O)Nc1ncccc1SC,39051061_14585674
0.36363636363636365,CCCc1ccc(NC(=O)C[C@@H](O)C(=O)OC)nc1,44121357_14585674
0.4594594594594595,O=C(Nc1nncc2ccccc12)c1ccc(Cl)[nH]1,20984652_104713628
0.4473684210526316,Nc1[nH]ncc1C(=O)Nc1nncc2ccccc12,20984652_5116952
0.5492957746478874,CCCSCC(=O)Nc1nncc2ccccc12,20984652_2017826
0.52,Cc1nocc1CC(=O)Nc1nncc2ccccc12,20984652_82410125
0.5064935064935064,C[C@H]1CC[C@@H](CC(=O)Nc2nncc3ccccc23)O1,20984652_96585175
0.4,COC(=O)[C@H](O)CC(=O)Nc1n[nH]c2cnccc12,25924163_14585674
0.3561643835616438,COC(=O)[C@H](O)CC(=O)Nc1nc(C)c(F)s1,39134464_14585674
0.5277777777777778,NCCSCC(=O)Nc1nncc2ccccc12,20984652_6360463
0.325,COC(=O)[C@H](O)CC(=O)NCc1cccn(C)c1=O,62171180_14585674
0.3684210526315789,COC(=N)c1nonc1NC(=O)C[C@@H](O)C(=O)OC,5248327_14585674
0.4473684210526316,O=C(Nc1nncc2ccccc12)c1n[nH]c(Cl)n1,20984652_9142781
0.5138888888888888,CC[C@@H](NC(C)C)C(=O)Nc1nncc2ccccc12,20984652_37183263
0.2926829268292683,CCc1cccc(CCNC(=O)C[C@@H](O)C(=O)OC)c1,44372236_14585674
0.4594594594594595,O=C(Nc1nncc2ccccc12)c1ccc(O)cn1,20984652_334926
0.35802469135802467,COC(=O)[C@H](O)CC(=O)Nc1c[nH]c2nc(C)ccc12,16678063_14585674
0.38271604938271603,COC(=O)[C@H](O)CC(=O)Nc1noc2ccc(C)cc12,60051160_14585674
0.5522388059701493,CC(C)(C)[C@H](O)C(=O)Nc1nncc2ccccc12,20984652_4975727
0.2962962962962963,COC(=O)[C@H](O)CC(=O)NCc1cc(OC)nn1C,107249469_14585674
0.3888888888888889,CCc1ccccc1NC(=O)C[C@@H](O)C(=O)OC,1690957_14585674
0.31645569620253167,CCc1cccc(CNC(=O)C[C@@H](O)C(=O)OC)c1,44249415_14585674
0.5068493150684932,CO[C@@H](NC(N)=O)C(=O)Nc1nncc2ccccc12,20984652_2025419
0.36363636363636365,COC(=O)[C@H](O)CC(=O)Nc1ccncc1C(=O)O,333065_14585674
0.5285714285714286,CC(C)[C@H](CO)C(=O)Nc1nncc2ccccc12,20984652_59190321
0.5277777777777778,CC(C)(C)C[C@H](N)C(=O)Nc1nncc2ccccc12,20984652_391810
0.4533333333333333,O=C(Nc1nncc2ccccc12)c1ccc(O)nc1,20984652_8576188
0.5416666666666666,CCC(=O)N(C)CC(=O)Nc1nncc2ccccc12,20984652_20282095
0.38571428571428573,CCc1cccc(CC)c1NC(=O)C[C@@H](O)C(=O)OC,967715_14585674
0.35365853658536583,COC(=O)[C@H](O)CC(=O)Nc1nc2ncccc2n1C,39048302_14585674
0.2926829268292683,COC(=O)[C@H](O)CC(=O)NCc1cc(OC)ccn1,39050929_14585674
0.38271604938271603,COC(=O)[C@H](O)CC(=O)Nc1nccc2c1ccn2C,34099541_14585674
0.2857142857142857,COC(=O)[C@H](O)CC(=O)N[C@@H](CF)C(=O)OC,34326190_14585674
0.5571428571428572,NC(=O)COCC(=O)Nc1nncc2ccccc12,20984652_2555912
0.2702702702702703,COC(=O)[C@H](O)CC(=O)N[C@H](C(=O)OC)C1(C)CC1,642829083_14585674
0.5068493150684932,CN(C)C[C@@H](N)C(=O)Nc1nncc2ccccc12,20984652_35024242
0.39436619718309857,COC(=O)[C@H](O)CC(=O)Nc1cnncc1C,82411864_14585674
0.44155844155844154,Nc1cncc(C(=O)Nc2nncc3ccccc23)n1,20984652_39083038
0.4931506849315068,C[C@H](C(=O)Nc1nncc2ccccc12)N1CCC1,20984652_140704042
0.4375,C[C@@H]1OCC[C@@]1(C)C(=O)Nc1nncc2ccccc12,20984652_84249294
0.3835616438356164,COC(=O)[C@H](O)CC(=O)Nc1ccc(C)c(C)n1,1621612_14585674
0.5285714285714286,CC(C)O[C@@H](C)C(=O)Nc1nncc2ccccc12,20984652_12137162
0.4868421052631579,C[C@@H](CC#N)[C@H](N)C(=O)Nc1nncc2ccccc12,20984652_207030456
0.5633802816901409,CC(=O)[C@@H](C)CCC(=O)Nc1nncc2ccccc12,20984652_301188
0.32098765432098764,COC(=O)[C@H](O)CC(=O)NCCNc1ccccn1,1646629_14585674
0.4533333333333333,O=C(Nc1nncc2ccccc12)c1[nH]ccc1Cl,20984652_43199174
0.32926829268292684,COC(=O)[C@H](O)CC(=O)Nc1ccn(CCCF)n1,88025216_14585674
0.5066666666666667,O=C(Cc1n[nH]c(=O)[nH]1)Nc1nncc2ccccc12,20984652_19089113
0.4657534246575342,O=C(Nc1nncc2ccccc12)c1nn[nH]n1,20984652_6505186
0.3684210526315789,COC(=O)[C@H](O)CC(=O)Nc1ccc(C)nc1CO,104638161_14585674
0.3780487804878049,COC(=O)[C@H](O)CC(=O)Nc1cncc2cccnc12,24602517_14585674
0.47368421052631576,N[C@H](CC1CC1)C(=O)Nc1nncc2ccccc12,20984652_8076534
0.4027777777777778,COC(=O)[C@H](O)CC(=O)Nc1nn(C)cc1Cl,2537812_14585674
0.5,COC(=O)C1(C(=O)Nc2nncc3ccccc23)CC1,20984652_12359095
0.36363636363636365,COC(=O)[C@H](O)CC(=O)Nc1nccc(CO)n1,3640326_14585674
0.4358974358974359,C#Cc1ccc(C(=O)Nc2nncc3ccccc23)cn1,20984652_39049643
0.3684210526315789,COC(=O)[C@H](O)CC(=O)Nc1c(C)cccc1CO,389567_14585674
0.547945205479452,COCCCCCC(=O)Nc1nncc2ccccc12,20984652_19091104
0.3466666666666667,CNc1nc(NC(=O)C[C@@H](O)C(=O)OC)ns1,4800524_14585674
0.527027027027027,CN(C)CCNCC(=O)Nc1nncc2ccccc12,20984652_20376733
0.46153846153846156,C[C@H](C(=O)Nc1nncc2ccccc12)n1cncn1,20984652_13479948
0.5285714285714286,NC[C@@H](O)[C@@H](O)C(=O)Nc1nncc2ccccc12,20984652_13351079
0.36363636363636365,COC(=O)[C@H](O)CC(=O)Nc1cccnc1C#N,1433329_14585674
0.6231884057971014,CC(C)C[C@H](N)CC(=O)Nc1nncc2ccccc12,20984652_170350
0.30120481927710846,COC(=O)[C@H](O)CC(=O)N[C@H]1C[C@@H]1c1ccccc1C,32005569_14585674
0.5285714285714286,CC[C@@H](NC)C(=O)Nc1nncc2ccccc12,20984652_13346979
0.5,C[C@@H](CC1CC1)C(=O)Nc1nncc2ccccc12,20984652_59534610
0.4473684210526316,Nc1cn[nH]c1C(=O)Nc1nncc2ccccc12,20984652_26895189
0.35526315789473684,COC(=O)[C@H](O)CC(=O)Nc1cc(C(C)C)ccc1C,1672953_14585674
0.6142857142857143,CC[C@@H](C)[C@H](N)CC(=O)Nc1nncc2ccccc12,20984652_170366
0.34177215189873417,COC(=O)[C@H](O)CC(=O)Nc1cnn(CC(F)F)c1,12397692_14585674
0.5064935064935064,C[n+]1ccn(CC(=O)Nc2nncc3ccccc23)c1,20984652_8299396
0.5571428571428572,O=C(COCCO)Nc1nncc2ccccc12,20984652_2019674
0.3684210526315789,COC(=O)[C@H](O)CC(=O)Nc1cccnc1CO,21985292_14585674
0.3068181818181818,COC(=O)[C@H](O)CC(=O)NCc1cc2ccoc2cn1,82408785_14585674
0.5066666666666667,O=C(Cc1cocn1)Nc1nncc2ccccc12,20984652_20417411
0.5633802816901409,CC(C)N(C)CCC(=O)Nc1nncc2ccccc12,20984652_19092838
0.5135135135135135,O=C(Cc1ccsc1)Nc1nncc2ccccc12,20984652_334136
0.4142857142857143,CNc1nccnc1NC(=O)C[C@@H](O)C(=O)OC,22115548_14585674
0.5135135135135135,CCCC[C@H](OC)C(=O)Nc1nncc2ccccc12,20984652_96585170
0.375,COC(=O)[C@H](O)CC(=O)Nc1cnc(C)s1,39134983_14585674
0.2804878048780488,COC(=O)[C@H](O)CC(=O)NCCc1ccc(C#N)cc1,16697687_14585674
0.547945205479452,COC1(CC(=O)Nc2nncc3ccccc23)COC1,20984652_258620179
0.37333333333333335,COC(=O)[C@H](O)CC(=O)Nc1ccc(N(C)C)cn1,19868559_14585674
0.5352112676056338,N[C@@H](CCF)C(=O)Nc1nncc2ccccc12,20984652_38948561
0.5882352941176471,CC(C)SCC(=O)Nc1nncc2ccccc12,20984652_5010919
0.38028169014084506,COC(=O)[C@H](O)CC(=O)Nc1cnc(OC)nc1,1607268_14585674
0.2857142857142857,COCc1nc(CNC(=O)C[C@@H](O)C(=O)OC)c[nH]1,39132601_14585674
0.4935064935064935,O=C(CNc1ccn[nH]1)Nc1nncc2ccccc12,20984652_16957694
0.34146341463414637,C=C(CC)c1ncccc1NC(=O)C[C@@H](O)C(=O)OC,642882648_14585674
0.48,Cc1c(C(=O)Nc2nncc3ccccc23)ncn1C,20984652_66354495
0.3783783783783784,COC(=O)[C@H](O)CC(=O)Nc1nonc1C#N,1063089_14585674
0.3333333333333333,COCc1noc(NC(=O)C[C@@H](O)C(=O)OC)n1,52708835_14585674
0.3783783783783784,COC(=O)[C@H](O)CC(=O)Nc1cncc(C)c1C,95764091_14585674
0.35365853658536583,COC(=O)[C@H](O)CC(=O)Nc1ncc2ccn(C)c2n1,82408761_14585674
0.5416666666666666,CC1(CCC(=O)Nc2nncc3ccccc23)CC1,20984652_12384403
0.5205479452054794,O=C(Nc1nncc2ccccc12)[C@H](O)CC1CC1,20984652_91692723
0.5,CC1(C)C=C(C(=O)Nc2nncc3ccccc23)C1,20984652_39117897
0.4788732394366197,O=C(Nc1nncc2ccccc12)c1ncccn1,20984652_2570791
0.3246753246753247,COC(=O)[C@H](O)CC(=O)NCc1ccc(OC)nn1,51523636_14585674
0.32098765432098764,COC(=O)[C@H](O)CC(=O)NCc1ncccc1CO,14984852_14585674
0.5205479452054794,N#CCSCC(=O)Nc1nncc2ccccc12,20984652_19268305
0.5285714285714286,C[C@@H](O)C(F)(F)C(=O)Nc1nncc2ccccc12,20984652_52266223
0.36585365853658536,COC(=O)[C@H](O)CC(=O)Nc1nccc2c1CCCC2,14982161_14585674
0.38666666666666666,CCCc1nonc1NC(=O)C[C@@H](O)C(=O)OC,20370976_14585674
0.4675324675324675,C[C@@H](C(=O)Nc1nncc2ccccc12)n1cccn1,20984652_12396105
0.4057971014492754,COC(=O)[C@H](O)CC(=O)Nc1ncc(C)cn1,39053208_14585674
0.4358974358974359,Nc1cccnc1C(=O)Nc1nncc2ccccc12,20984652_330903
0.5070422535211268,O=C(Nc1nncc2ccccc12)[C@@H](O)C1CC1,20984652_41047747
0.6515151515151515,CC(=O)[C@@H](N)CC(=O)Nc1nncc2ccccc12,20984652_5434383
0.3611111111111111,COC(=O)[C@H](O)CC(=O)Nc1c[nH]nc1C,4244016_14585674
0.46153846153846156,CO[C@@H]1CCC[C@H]1C(=O)Nc1nncc2ccccc12,20984652_62759123
0.5633802816901409,COCC(C)(C)CC(=O)Nc1nncc2ccccc12,20984652_87924318
0.5277777777777778,O=C(C[C@@H]1CCN1)Nc1nncc2ccccc12,20984652_49853525
0.4666666666666667,O=C(Nc1nncc2ccccc12)c1cnc(F)cn1,20984652_137877734
0.44871794871794873,Cn1nc(N)cc1C(=O)Nc1nncc2ccccc12,20984652_12357796
0.3375,COC(=O)[C@H](O)CC(=O)Nc1cnn(C2CC2)c1C,606244866_14585674
0.35365853658536583,COC(=O)[C@H](O)CC(=O)Nc1c(C)ccc2cn[nH]c12,13571656_14585674
0.34210526315789475,COC(=O)[C@H](O)CC(=O)N[C@H](C)c1ccccc1C,3411323_14585674
0.5507246376811594,O=C(CO)NCC(=O)Nc1nncc2ccccc12,20984652_38391885
0.4931506849315068,COC1(C(=O)Nc2nncc3ccccc23)CNC1,20984652_95743466
0.527027027027027,CCCCC[C@@H](O)C(=O)Nc1nncc2ccccc12,20984652_3846439
0.3375,COCc1cc(NC(=O)C[C@@H](O)C(=O)OC)ccn1,86134856_14585674
0.5714285714285714,CCOCCC(=O)Nc1nncc2ccccc12,20984652_1586414
0.2916666666666667,COC(=O)C[C@@H](O)CNC(=O)C[C@@H](O)C(=O)OC,34406484_14585674
0.2777777777777778,COC(=O)[C@H](O)CC(=O)NC(=O)[C@H](O)[C@H](O)C(=O)O,95532190_14585674
0.4,COC(=O)[C@H](O)CC(=O)Nc1noc2nc(C)ccc12,19779146_14585674
0.39436619718309857,COC(=O)[C@H](O)CC(=O)Nc1ccc(C)nn1,153000_14585674
0.5571428571428572,CC(=O)CSCC(=O)Nc1nncc2ccccc12,20984652_36436786
0.6515151515151515,CC[C@@H](N)CC(=O)Nc1nncc2ccccc12,20984652_12648171
0.5507246376811594,CO[C@H](CN)C(=O)Nc1nncc2ccccc12,20984652_78684455
0.5352112676056338,C[C@@H](CC(C)(C)C)C(=O)Nc1nncc2ccccc12,20984652_1587708
0.46153846153846156,COc1c[nH]c(C(=O)Nc2nncc3ccccc23)c1,20984652_1721179
0.5507246376811594,CC[C@H](OC)C(=O)Nc1nncc2ccccc12,20984652_19091090
0.2962962962962963,COC(=O)[C@H](O)CC(=O)NCc1cc(F)ccn1,44831826_14585674
0.4461538461538462,COC(=O)[C@H](O)CC(=O)Nc1ccccc1,17886255_14585674
0.36619718309859156,COC(=O)[C@H](O)CC(=O)Nc1ccc(C(C)C)cc1,1683362_14585674
0.45454545454545453,Cn1ncc(N)c1C(=O)Nc1nncc2ccccc12,20984652_2534273
0.5277777777777778,O=C(Nc1nncc2ccccc12)[C@H](O)CCCO,20984652_13539232
0.33766233766233766,CCCCc1ccc(NC(=O)C[C@@H](O)C(=O)OC)cc1,2041138_14585674
0.5652173913043478,C[C@H]1C[C@@H]1CC(=O)Nc1nncc2ccccc12,20984652_26638519
0.33766233766233766,COC(=O)[C@H](O)CC(=O)Nc1nc(C)[nH]c(=S)n1,2034672_14585674
0.4931506849315068,COC(=O)[C@H]1C[C@@H]1C(=O)Nc1nncc2ccccc12,20984652_39240025
0.5492957746478874,C[C@@](O)(CCO)CC(=O)Nc1nncc2ccccc12,20984652_895221
0.5352112676056338,CC[C@@H](O)[C@@H](C)C(=O)Nc1nncc2ccccc12,20984652_5925861
0.5064935064935064,CC1=NN(CC(=O)Nc2nncc3ccccc23)CC1,20984652_34925271
0.44871794871794873,N[C@@H](C(=O)Nc1nncc2ccccc12)c1ccc[nH]1,20984652_59743626
0.4444444444444444,COC(=O)[C@H](O)CC(=O)Nc1ncccc1CO,19735472_14585674
0.3815789473684211,COC(=O)[C@H](O)CC(=O)Nc1cccc(N(C)C)n1,82707686_14585674
0.5285714285714286,CC[C@H](C(=O)Nc1nncc2ccccc12)C(C)C,20984652_2578869
0.3076923076923077,COC(=O)[C@H](O)CC(=O)NC[C@@H](O)c1ccc(C)o1,21949781_14585674
0.5652173913043478,CC(=O)C(C)(C)CC(=O)Nc1nncc2ccccc12,20984652_369077
0.3291139240506329,C#CC[C@@H](NC(=O)C[C@@H](O)C(=O)OC)c1ccccc1,12336865_14585674
0.3670886075949367,COC(=O)[C@H](O)CC(=O)Nc1cc(C#N)cnc1F,71255848_14585674
0.38666666666666666,C#Cc1ccc(NC(=O)C[C@@H](O)C(=O)OC)cn1,209820944_14585674
0.5,O=C(CCCCC1CC1)Nc1nncc2ccccc12,20984652_104698673
0.5068493150684932,CN[C@@H](CC(C)C)C(=O)Nc1nncc2ccccc12,20984652_160405
0.5138888888888888,N[C@@H](C(=O)Nc1nncc2ccccc12)[C@H](O)CO,20984652_5502281
0.5970149253731343,O=C(COC(F)F)Nc1nncc2ccccc12,20984652_5112772
0.34615384615384615,COC(=O)[C@H](O)CC(=O)Nc1c(C)cc(C)nc1C#N,26438387_14585674
0.375,COC(=O)[C@H](O)CC(=O)Nc1ccc2cccnc2n1,5394946_14585674
0.5070422535211268,C[C@@H](C(=O)Nc1nncc2ccccc12)C1CC1,20984652_19726500
0.5342465753424658,CC1(C)CN(CC(=O)Nc2nncc3ccccc23)C1,20984652_86683018
0.46153846153846156,CCc1cc(C(=O)Nc2nncc3ccccc23)on1,20984652_4384485
0.3888888888888889,COC(=O)[C@H](O)CC(=O)Nc1cnncc1Cl,39367810_14585674
0.35135135135135137,COC(=O)[C@H](O)CC(=O)NC1(c2ccccc2)CC1,967234_14585674
0.29545454545454547,COC(=O)[C@H](O)CC(=O)NC[C@@H]1C[C@@H]1c1cccnc1,41167085_14585674
0.48717948717948717,O=C(CCc1ncn[nH]1)Nc1nncc2ccccc12,20984652_42041189
0.5285714285714286,CN[C@@H](C(=O)Nc1nncc2ccccc12)[C@H](C)O,20984652_13352724
0.44871794871794873,O=C(Nc1nncc2ccccc12)c1ccnc(F)c1,20984652_1595319
0.35064935064935066,COC(=O)[C@H](O)CC(=O)Nc1cc(Cl)nc(=O)[nH]1,1750762_14585674
0.5,NC(=O)CC[C@H](N)C(=O)Nc1nncc2ccccc12,20984652_1532526
0.38028169014084506,COC(=O)[C@H](O)CC(=O)N[C](C)c1ccccc1,1560406604_14585674
0.29850746268656714,COCC(=O)NC(=O)C[C@@H](O)C(=O)OC,1592381_14585674
0.5428571428571428,CC[C@H](C)[C@H](O)C(=O)Nc1nncc2ccccc12,20984652_402951
0.30120481927710846,COC(=O)[C@H](O)CC(=O)N[C@H]1C[C@H]1c1cccn1C,19116466_14585674
0.35526315789473684,COC(=O)[C@H](O)CC(=O)Nc1cccc(F)c1Cl,2513560_14585674
0.5205479452054794,O=C(Cc1cncs1)Nc1nncc2ccccc12,20984652_6499760
0.34615384615384615,COCc1cccc(NC(=O)C[C@@H](O)C(=O)OC)c1,19398609_14585674
0.5068493150684932,COC[C@@](C)(OC)C(=O)Nc1nncc2ccccc12,20984652_53198654
0.3,COC(=O)[C@H](O)CC(=O)N[C@H](C)Cc1ccco1,3882588_14585674
0.4868421052631579,NC[C@H](CC1CC1)C(=O)Nc1nncc2ccccc12,20984652_44196601
0.34177215189873417,COC(=O)[C@H](O)CC(=O)Nc1ccnn1CCO,1559503_14585674
0.35443037974683544,COC(=O)[C@H](O)CC(=O)Nc1ccn(CCF)n1,87775426_14585674
0.35526315789473684,COC(=O)[C@H](O)CC(=O)Nc1c(F)cccc1OC,2510742_14585674
0.34615384615384615,COC(=O)[C@H](O)CC(=O)NC[C@@H](C)c1ccccc1C,37245704_14585674
0.3875,COC(=O)[C@H](O)CC(=O)Nc1ncnn2cccc12,8764136_14585674
0.4605263157894737,CC1=N[C@@H](C(=O)Nc2nncc3ccccc23)CC1,20984652_5964646
0.5211267605633803,CC[C@@](C)(OC)C(=O)Nc1nncc2ccccc12,20984652_14488948
0.37333333333333335,COC(=O)[C@H](O)CC(=O)Nc1ccccc1C#N,157544_14585674
0.2898550724637681,CC[C@H](NC(=O)C[C@@H](O)C(=O)OC)C(=O)OC,35186321_14585674
0.43037974683544306,O=C(Nc1nncc2ccccc12)c1cnc[nH]c1=O,20984652_16857698
0.5606060606060606,C[C@H](O)[C@H](O)C(=O)Nc1nncc2ccccc12,20984652_1695854
0.29411764705882354,COC(=O)[C@H](O)CC(=O)NC[C@@H]1CNc2ccccc21,24319170_14585674
0.43209876543209874,N#Cc1nc[nH]c1C(=O)Nc1nncc2ccccc12,20984652_36436748
0.3333333333333333,COC(=O)[C@H](O)CC(=O)NCc1cn[nH]c1,12351305_14585674
0.45454545454545453,Cn1cc(C(=O)Nc2nncc3ccccc23)[nH]c1=O,20984652_20439268
0.5066666666666667,CCC[C@@H](OCC)C(=O)Nc1nncc2ccccc12,20984652_5840868
0.5277777777777778,CCC[C@H](OC)C(=O)Nc1nncc2ccccc12,20984652_22122715
0.5373134328358209,CC(C)[C@H](C)C(=O)Nc1nncc2ccccc12,20984652_2019249
0.5285714285714286,C/C=C/[C@@H](O)C(=O)Nc1nncc2ccccc12,20984652_34083801
0.4,COC(=O)[C@H](O)CC(=O)Nc1ncc(F)cc1OC,98181123_14585674
0.34210526315789475,COC(=O)[C@H](O)CC(=O)Nc1ccsc1C(C)=O,159898_14585674
0.2777777777777778,CC[C@@H](NC(=O)C[C@@H](O)C(=O)OC)[C@H](O)C(=O)OC,78725161_14585674
0.36,COC(=O)[C@H](O)CC(=O)Nc1cc(C(C)(C)C)no1,2633232_14585674
0.33766233766233766,COC(=O)[C@H](O)CC(=O)N[C@@H](C)c1ccnnc1,83591679_14585674
0.375,COC(=O)[C@H](O)CC(=O)Nc1cnc(C(C)C)nc1,36895495_14585674
0.36585365853658536,COC(=O)[C@H](O)CC(=O)Nc1ccc2cccnc2c1,15884429_14585674
0.4473684210526316,Nc1sccc1C(=O)Nc1nncc2ccccc12,20984652_6062887
0.35526315789473684,COC(=O)[C@H](O)CC(=O)Nc1cccc(C)c1OC,39216221_14585674
0.38666666666666666,COC(=O)[C@H](O)CC(=O)Nc1cnccc1CO,4352659_14585674
0.5285714285714286,CC(C)[C@H](N)[C@@H](O)C(=O)Nc1nncc2ccccc12,20984652_34306968
0.2597402597402597,COC[C@@H](CCNC(=O)C[C@@H](O)C(=O)OC)OC,79977912_14585674
0.33766233766233766,COC(=O)[C@H](O)CC(=O)N[C@H](C(=O)O)c1ccc[nH]1,59743623_14585674
0.5211267605633803,CCC[C@@H](C)C(=O)Nc1nncc2ccccc12,20984652_388070
0.5064935064935064,O=C(CCOCC1CC1)Nc1nncc2ccccc12,20984652_19870468
0.4230769230769231,COC(=O)[C@H](O)CC(=O)Nc1n[nH]c2ncccc12,168464_14585674
0.38666666666666666,COC(=O)[C@H](O)CC(=O)Nc1ccc(CO)c(C)n1,72224118_14585674
0.46153846153846156,CO[C@@H]1CC[C@H](C(=O)Nc2nncc3ccccc23)C1,20984652_107157114
0.52,CCCC/C=C/CC(=O)Nc1nncc2ccccc12,20984652_2037383
0.34615384615384615,COC(=O)[C@H](O)CC(=O)Nc1[nH]ncc1C#N,18217608_14585674
0.35365853658536583,COC(=O)[C@H](O)CC(=O)Nc1ccc2cnn(C)c2c1,369515_14585674
0.34210526315789475,COC(=O)[C@H](O)CC(=O)Nc1ccc(O)c(OC)c1,335866_14585674
0.5571428571428572,CC(=O)CCCCC(=O)Nc1nncc2ccccc12,20984652_1664508
0.5652173913043478,CCC(C)(C)CC(=O)Nc1nncc2ccccc12,20984652_2578838
0.5735294117647058,CC(C)(C)NCC(=O)Nc1nncc2ccccc12,20984652_1687622
0.48717948717948717,C#CCO[C@H](CC)C(=O)Nc1nncc2ccccc12,20984652_37912056
0.27586206896551724,COC(=O)[C@H](O)CC(=O)N[C@@H]1CCCn2ncnc21,34451073_14585674
0.527027027027027,C[C@H]1CCC[C@@H]1CC(=O)Nc1nncc2ccccc12,20984652_1442750
0.35526315789473684,COC(=O)[C@H](O)CC(=O)Nc1[nH]ncc1C(C)C,40435143_14585674
0.36486486486486486,COCc1ncc(NC(=O)C[C@@H](O)C(=O)OC)cn1,49672142_14585674
0.313953488372093,COC(=O)[C@H](O)CC(=O)NCc1ncc2ccoc2n1,82408691_14585674
0.35802469135802467,COC(=O)[C@H](O)CC(=O)Nc1ncc2nccnc2n1,489612_14585674
0.5652173913043478,CC/C=C\CC(=O)Nc1nncc2ccccc12,20984652_4538481
0.3493975903614458,COC(=O)[C@H](O)CC(=O)Nc1ccc2cncnc2c1,29544518_14585674
0.5142857142857142,CC(C)(C(=O)Nc1nncc2ccccc12)C(F)F,20984652_98209698
0.3333333333333333,COC(=O)[C@H](O)CC(=O)NCc1ccccc1C1CC1,17938966_14585674
0.5492957746478874,CN(C)CCCC(=O)Nc1nncc2ccccc12,20984652_157327
0.35135135135135137,COC(=O)[C@H](O)CC(=O)N/C=C/c1ccccc1,6095623_14585674
0.48,C[C@@H](C(=O)Nc1nncc2ccccc12)C1COC1,20984652_82836642
0.5342465753424658,CN1CC(CC(=O)Nc2nncc3ccccc23)C1,20984652_81743318
0.2976190476190476,COC(=O)[C@H](O)CC(=O)N[C@@H]1[C](O)Cc2ccccc21,1560410122_14585674
0.3614457831325301,COC(=O)[C@H](O)CC(=O)Nc1cccc2c1O[C@@H](C)C2,34083037_14585674
0.45454545454545453,Cn1nc(C(=O)Nc2nncc3ccccc23)cc1O,20984652_15022089
0.5070422535211268,CC(C)[C@@H](C(=O)Nc1nncc2ccccc12)N(C)C,20984652_402067
0.4935064935064935,O=C(C[C@@H]1CCNC1)Nc1nncc2ccccc12,20984652_4202508
0.35443037974683544,CCNc1cnccc1NC(=O)C[C@@H](O)C(=O)OC,35784042_14585674
0.32051282051282054,COC(=O)[C@H](O)CC(=O)Nc1c(OC)nn(C)c1C,42384049_14585674
0.4794520547945205,O=C(Nc1nncc2ccccc12)c1cnsn1,20984652_1270256
0.29577464788732394,COC(=O)[C@H](O)CC(=O)NC(=O)OC[C@H](C)O,2046113_14585674
0.3611111111111111,COC(=O)[C@H](O)CC(=O)Nc1ccn(C)c1,71495165_14585674
0.59375,O=C(CCO)Nc1nncc2ccccc12,20984652_895452
0.3170731707317073,COC(=O)[C@H](O)CC(=O)NC[C@@H]1Cc2ccccc21,24153452_14585674
0.5373134328358209,O=C(Nc1nncc2ccccc12)[C@@H](O)C(F)F,20984652_34016748
0.4594594594594595,O=C(Nc1nncc2ccccc12)c1cnoc1,20984652_13483537
0.3972602739726027,COC(=O)[C@H](O)CC(=O)Nc1nnn(C)c1C(=O)O,104643604_14585674
0.5070422535211268,CC(C)C1(C(=O)Nc2nncc3ccccc23)CC1,20984652_34129805
0.38028169014084506,COC(=O)[C@H](O)CC(=O)Nc1cnoc1,26510219_14585674
0.3125,COC(=O)[C@H](O)CC(=O)N[C@@H](C)Cc1ccccc1C,6071881_14585674
0.6060606060606061,CC(C)NCC(=O)Nc1nncc2ccccc12,20984652_1687617
0.39436619718309857,COC(=O)[C@H](O)CC(=O)Nc1ccc(O)cn1,51951624_14585674
0.5428571428571428,NCC[C@@H](O)C(=O)Nc1nncc2ccccc12,20984652_2019612
0.5797101449275363,CC(C)C(=O)CCC(=O)Nc1nncc2ccccc12,20984652_1575049
0.5,N[C@H](CCCCO)C(=O)Nc1nncc2ccccc12,20984652_2035148
0.46153846153846156,COc1cc(C(=O)Nc2nncc3ccccc23)n[nH]1,20984652_72190642
0.26666666666666666,CCOC(=O)C[C@H](C)NC(=O)C[C@@H](O)C(=O)OC,5020034_14585674
0.3253012048192771,COC(=O)[C@H](O)CC(=O)Nc1cc(C2COC2)[nH]n1,215840420_14585674
0.410958904109589,COC(=O)[C@H](O)CC(=O)Nc1ncc(C)cc1F,80052631_14585674
0.5285714285714286,CC(C)[C@H](N)[C@H](O)C(=O)Nc1nncc2ccccc12,20984652_34306966
0.4027777777777778,CCc1nccnc1NC(=O)C[C@@H](O)C(=O)OC,60203014_14585674
0.375,COC(=O)[C@H](O)CC(=O)Nc1cn2ccccc2n1,57791423_14585674
0.44871794871794873,Cc1ncncc1C(=O)Nc1nncc2ccccc12,20984652_13561578
0.5882352941176471,CC(C)(C)SCC(=O)Nc1nncc2ccccc12,20984652_1718825
0.45,CCc1ocnc1C(=O)Nc1nncc2ccccc12,20984652_19090363
0.47435897435897434,CCc1conc1C(=O)Nc1nncc2ccccc12,20984652_71614234
0.5714285714285714,CC(C)/C=C/CC(=O)Nc1nncc2ccccc12,20984652_3848408
0.5285714285714286,CN[C@@H](C(=O)Nc1nncc2ccccc12)[C@@H](C)O,20984652_13352728
0.4594594594594595,O=C(Nc1nncc2ccccc12)c1cnco1,20984652_49632635
0.5131578947368421,Cc1nc[nH]c1CC(=O)Nc1nncc2ccccc12,20984652_20438965
0.4473684210526316,O=C(Nc1nncc2ccccc12)c1cnc(Cl)[nH]1,20984652_81112905
0.48,O=C(Nc1nncc2ccccc12)[C@@H](O)C1CCCC1,20984652_50273039
0.5352112676056338,CC[C@H](O)[C@@H](C)C(=O)Nc1nncc2ccccc12,20984652_5923127
0.3037974683544304,CC[C@H](NC(=O)C[C@@H](O)C(=O)OC)c1cccs1,1577503_14585674
0.5135135135135135,O=C(Cc1nccs1)Nc1nncc2ccccc12,20984652_2389519
0.5633802816901409,CCCOCCC(=O)Nc1nncc2ccccc12,20984652_34439187
0.3333333333333333,COC(=O)[C@H](O)CC(=O)Nc1cnoc1C1CCC1,23909519_14585674
0.31645569620253167,COC(=O)[C@H](O)CC(=O)NC[C@@H](O)c1cccn1C,21949090_14585674
0.3291139240506329,COC(=O)[C@H](O)CC(=O)NCc1cnc(F)c(F)c1,95631134_14585674
0.4358974358974359,O=C(Nc1nncc2ccccc12)c1c[nH]c(=O)cn1,20984652_2556462
0.27631578947368424,CCOC(=O)C[C@H](O)CNC(=O)C[C@@H](O)C(=O)OC,6385676_14585674
0.2876712328767123,COC(=O)[C@H](O)CC(=O)N[C@@H](C)CC(C)(C)OC,20524127_14585674
0.52,Cc1occc1CC(=O)Nc1nncc2ccccc12,20984652_39648491
0.35,COC(=O)[C@H](O)CC(=O)Nc1ccnc(CCO)c1,306203315_14585674
0.4605263157894737,Cn1ncc(C(=O)Nc2nncc3ccccc23)c1O,20984652_71495314
0.5492957746478874,O=C(CCOCCO)Nc1nncc2ccccc12,20984652_19870479
0.38571428571428573,COC(=O)[C@H](O)CC(=O)Nc1c(F)cncc1F,2386531_14585674
0.3888888888888889,COC(=O)[C@H](O)CC(=O)Nc1ccc(F)nc1,335086_14585674
0.5492957746478874,CCO[C@@H](CC)C(=O)Nc1nncc2ccccc12,20984652_37373706
0.35526315789473684,COC(=O)[C@H](O)CC(=O)Nc1ccn(C(C)(C)C)n1,19972445_14585674
0.3835616438356164,COC(=O)c1nonc1NC(=O)C[C@@H](O)C(=O)OC,2473576_14585674
0.3924050632911392,COC(=O)[C@H](O)CC(=O)Nc1cccc2nonc12,158119_14585674
0.36486486486486486,CCOc1cnc(NC(=O)C[C@@H](O)C(=O)OC)nc1,39053265_14585674
0.4675324675324675,C[C@H](C(=O)Nc1nncc2ccccc12)n1cnnn1,20984652_82655458
0.3,COC(=O)[C@H](O)CC(=O)NC[C@@H](O)c1nnn(C)n1,1225225_14585674
0.5277777777777778,CC[C@H](O)[C@H](N)C(=O)Nc1nncc2ccccc12,20984652_2020208
0.3,CCc1nc(CNC(=O)C[C@@H](O)C(=O)OC)cs1,19089816_14585674
0.3333333333333333,COC(=O)[C@H](O)CC(=O)NCc1nncs1,2548452_14585674
0.5428571428571428,O=C(CN1CCC1)Nc1nncc2ccccc12,20984652_83255076
0.547945205479452,CCC[C@H](C)CCC(=O)Nc1nncc2ccccc12,20984652_14983198
0.4868421052631579,COCC1CC(C(=O)Nc2nncc3ccccc23)C1,20984652_104690945
0.4605263157894737,Cc1ncc(C(=O)Nc2nncc3ccccc23)n1C,20984652_40448696
0.36,COC(=O)[C@H](O)CC(=O)Nc1cc(C)nnc1C,1674210_14585674
0.5205479452054794,C[C@@H](CC(C)(C)N)C(=O)Nc1nncc2ccccc12,20984652_40544553
0.5068493150684932,CC(=O)N[C@@H](CO)C(=O)Nc1nncc2ccccc12,20984652_158173
0.30864197530864196,COC(=O)[C@H](O)CC(=O)N[C@@H](C)c1cnccc1O,238435951_14585674
0.5285714285714286,CC(C)O[C@H](C)C(=O)Nc1nncc2ccccc12,20984652_12137163
0.36,COC(=O)[C@H](O)CC(=O)Nc1cn[nH]c1OC,211598544_14585674
0.4358974358974359,O=C(Nc1nncc2ccccc12)c1cncc(=O)[nH]1,20984652_22000491
0.5,NCC(=O)C[C@@H](N)C(=O)Nc1nncc2ccccc12,20984652_79124483
0.37333333333333335,COC(=O)[C@H](O)CC(=O)Nc1cc(C)ccc1C(C)=O,34190886_14585674
0.37333333333333335,CCc1cnn(C)c1NC(=O)C[C@@H](O)C(=O)OC,42413659_14585674
0.4868421052631579,CCO[C@@H]1C[C@H]1C(=O)Nc1nncc2ccccc12,20984652_32629448
0.5,O=C(CC1=COCC1)Nc1nncc2ccccc12,20984652_85397165
0.5571428571428572,C=C(C)CCCC(=O)Nc1nncc2ccccc12,20984652_2579547
0.4473684210526316,N#Cc1ccc(C(=O)Nc2nncc3ccccc23)cc1,20984652_331775
0.3493975903614458,COC(=O)[C@H](O)CC(=O)Nc1cc2cc[nH]c2cn1,18551745_14585674
0.5555555555555556,COCCNCC(=O)Nc1nncc2ccccc12,20984652_20376246
0.5555555555555556,CS[C@H](C)CCC(=O)Nc1nncc2ccccc12,20984652_50955991
0.3253012048192771,COC(=O)[C@H](O)CC(=O)Nc1cncc2c1CCC2,107454653_14585674
0.6231884057971014,C[C@@H](N)C[C@@H](N)CC(=O)Nc1nncc2ccccc12,20984652_1703904
0.4,COC(=O)[C@H](O)CC(=O)Nc1nncs1,17744119_14585674
0.5285714285714286,C[C@@H](O)[C@@](C)(O)C(=O)Nc1nncc2ccccc12,20984652_1731112
0.34177215189873417,COC(=O)[C@H](O)CC(=O)NC(=N)c1cccc(C)n1,34257769_14585674
0.527027027027027,CCCCC[C@H](O)C(=O)Nc1nncc2ccccc12,20984652_3846438
0.43037974683544306,N#Cc1cnc(C(=O)Nc2nncc3ccccc23)cn1,20984652_82408714
0.325,COC(=O)[C@H](O)CC(=O)NC[C@@H](C)c1nncn1C,47975242_14585674
0.2898550724637681,CC[C@@H](NC(=O)C[C@@H](O)C(=O)OC)C(=O)OC,35186322_14585674
0.45454545454545453,N[C@H](C(=O)Nc1nncc2ccccc12)c1ccco1,20984652_6059074
0.5416666666666666,CCC/C=C\CC(=O)Nc1nncc2ccccc12,20984652_20231704
0.45454545454545453,N[C@@H](C(=O)Nc1nncc2ccccc12)c1ccco1,20984652_5063824
0.273972602739726,CCOC(=O)[C@@H](NC(=O)C[C@@H](O)C(=O)OC)C(C)=O,12506851_14585674
0.46153846153846156,C[C@H](C(=O)Nc1nncc2ccccc12)n1ccnc1,20984652_95923565
0.5522388059701493,CO[C@@H](C)C(=O)Nc1nncc2ccccc12,20984652_2382894
0.4533333333333333,O=C(Nc1nncc2ccccc12)c1cnccn1,20984652_1081066
0.527027027027027,CN(CCO)CCC(=O)Nc1nncc2ccccc12,20984652_11958936
0.32051282051282054,COC(=O)[C@H](O)CC(=O)NC[C@H](C)c1ccncc1,15781569_14585674
0.4868421052631579,CCC[C@H](C)[C@H](N)C(=O)Nc1nncc2ccccc12,20984652_5841418
0.4594594594594595,O=C(Nc1nncc2ccccc12)C1=NC=NC1,20984652_38532470
0.3375,CCCn1nc(C)cc1NC(=O)C[C@@H](O)C(=O)OC,815694_14585674
