score,SMILES,Name
1.0,COC(=O)[C@@H](O)CC(=O)Nc1nncc2ccccc12,20984652_14585673
0.5714285714285714,COC(=O)[C@@H](O)CC(=O)Nc1nccc2ccccc12,154817_14585673
0.5277777777777778,COC(=O)[C@@H](O)CC(=O)Nc1cncc2ccccc12,332648_14585673
1.0,COC(=O)[C@H](O)CC(=O)Nc1nncc2ccccc12,20984652_14585674
0.5277777777777778,COC(=O)[C@@H](O)CC(=O)Nc1nnnc2ccccc12,20981139_14585673
0.7076923076923077,COC(=O)[C@@H](N)CC(=O)Nc1nncc2ccccc12,20984652_1709620
0.5970149253731343,COC[C@H](O)C(=O)Nc1nncc2ccccc12,20984652_39192220
0.5857142857142857,CO[C@@H](C)CCC(=O)Nc1nncc2ccccc12,20984652_5085437
0.71875,COC(=O)[C@H](C)CC(=O)Nc1nncc2ccccc12,20984652_13511425
0.5797101449275363,CC[C@H](C(=O)Nc1nncc2ccccc12)C(=O)OC,20984652_97053712
0.48,COC(=O)[C@@H](O)CC(=O)Nc1cnnc2ccccc12,331948_14585673
0.3888888888888889,COC(=O)[C@@H](O)CC(=O)Nc1cncc(OC)n1,8488296_14585673
0.5,COC(=O)[C@@H](O)CC(=O)Nc1nncc2c1cnn2C,337147_14585673
0.5205479452054794,COC(=O)[C@@H](O)CC(=O)Nc1nncc2occc12,225756693_14585673
0.41333333333333333,COCc1cccnc1NC(=O)C[C@H](O)C(=O)OC,52734230_14585673
0.6818181818181818,COC[C@H](O)CC(=O)Nc1nncc2ccccc12,20984652_78749373
0.6875,CC[C@@H](O)CC(=O)Nc1nncc2ccccc12,20984652_4975461
0.4246575342465753,COC(=O)[C@@H](O)CC(=O)Nc1ncc(Cl)nc1C,95642651_14585673
0.6875,CC(C)[C@H](O)CC(=O)Nc1nncc2ccccc12,20984652_38759339
0.44285714285714284,COC(=O)[C@@H](O)CC(=O)Nc1ncccc1F,19616068_14585673
0.358974358974359,COC(=O)[C@@H](O)CC(=O)NCc1cnnc(OC)c1,84238126_14585673
0.71875,COC(=O)[C@@H](C)CC(=O)Nc1nncc2ccccc12,20984652_13511422
0.4666666666666667,COC(=O)[C@@H](O)CC(=O)Nc1cccc2cnncc12,16677889_14585673
0.3,CC[C@H](CNC(=O)C[C@H](O)C(=O)OC)C(=O)OC,78724897_14585673
0.5857142857142857,C[C@H](N)COCC(=O)Nc1nncc2ccccc12,20984652_34453612
0.6875,CC[C@H](O)CC(=O)Nc1nncc2ccccc12,20984652_4975458
0.7076923076923077,COC(=O)[C@H](N)CC(=O)Nc1nncc2ccccc12,20984652_2560988
0.44155844155844154,COC(=O)[C@@H](O)CC(=O)Nc1nnn2ccccc12,26049865_14585673
0.3918918918918919,COC(=O)[C@@H](O)CC(=O)Nc1nnn(C)c1C(F)F,306182772_14585673
0.3888888888888889,COC(=O)[C@@H](O)CC(=O)Nc1ccc(OC)nc1,404286_14585673
0.6567164179104478,C/C=C/[C@H](O)CC(=O)Nc1nncc2ccccc12,20984652_31161987
0.6567164179104478,CO[C@H](CC(=O)Nc1nncc2ccccc12)C(N)=O,20984652_72207153
0.2857142857142857,COC(=O)[C@@H](O)CCNC(=O)C[C@H](O)C(=O)OC,71186808_14585673
0.3181818181818182,COC(=O)[C@H](O)CNC(=O)C[C@H](O)C(=O)OC,38212551_14585673
0.6567164179104478,COC[C@@H](C)CC(=O)Nc1nncc2ccccc12,20984652_53172982
0.4461538461538462,COC(=O)[C@@H](O)CC(=O)Nc1ccccc1,17886255_14585673
0.4266666666666667,COC(=O)[C@@H](O)CC(=O)Nc1cc2ccccc2s1,39242015_14585673
0.547945205479452,Cc1cn(CC(=O)Nc2nncc3ccccc23)nn1,20984652_14628926
0.4864864864864865,Cc1cnn(C)c1C(=O)Nc1nncc2ccccc12,20984652_32302989
0.6363636363636364,N[C@H](CC(=O)Nc1nncc2ccccc12)C(F)F,20984652_34621624
0.4225352112676056,COC(=O)[C@@H](O)CC(=O)Nc1nc(F)nc(F)c1C,2025696_14585673
0.42857142857142855,COC(=O)[C@@H](O)CC(=O)Nc1ncc2ccccc2n1,5519265_14585673
0.5735294117647058,COC(=O)[C@@H](OC)C(=O)Nc1nncc2ccccc12,20984652_34426529
0.4177215189873418,COC(=O)[C@@H](O)CC(=O)Nc1cccc2cnccc12,154819_14585673
0.4507042253521127,COC(=O)[C@@H](O)CC(=O)Nc1nc(Cl)ccc1F,82163103_14585673
0.3783783783783784,COC(=O)[C@@H](O)CC(=O)Nc1ccc([C@H](C)O)cn1,72225122_14585673
0.5588235294117647,O=C(Cc1ccccc1)Nc1nncc2ccccc12,20984652_388462
0.6875,CO[C@@H](C)CC(=O)Nc1nncc2ccccc12,20984652_397922
0.5970149253731343,COC[C@@H](O)C(=O)Nc1nncc2ccccc12,20984652_39192222
0.4666666666666667,Cc1cnnc(C(=O)Nc2nncc3ccccc23)c1,20984652_82410716
0.38666666666666666,COC(=O)[C@@H](O)CC(=O)Nc1ncc(OC)c(C)n1,39053761_14585673
0.5652173913043478,O=C(Nc1nncc2ccccc12)[C](O)[C@@H](O)CO,20984652_1560405354
0.32142857142857145,COC(=O)[C@@H](O)CC(=O)Nc1cc2cc[nH]c2cc1C,82408945_14585673
0.44285714285714284,COC(=O)[C@@H](O)CC(=O)Nc1nc(F)ncc1F,3129093_14585673
0.34615384615384615,COC(=O)[C@@H](O)CC(=O)NC[C@H](O)c1ccccn1,15020715_14585673
0.5882352941176471,CC(=O)C[C@H](O)C(=O)Nc1nncc2ccccc12,20984652_14500541
0.47297297297297297,COC(=O)[C@@H](O)CC(=O)Nc1n[nH]c2ccccc12,3954002_14585673
0.6470588235294118,CC[C@H](C)[C@H](O)CC(=O)Nc1nncc2ccccc12,20984652_52249196
0.7333333333333333,C[C@@H](O)CC(=O)Nc1nncc2ccccc12,20984652_895486
0.45454545454545453,COC(=O)[C@@H](O)CC(=O)Nc1nccc2cnccc12,20984635_14585673
0.4657534246575342,O=C(Nc1nncc2ccccc12)c1cccnn1,20984652_1702762
0.463768115942029,COC(=O)[C@@H](O)CC(=O)Nc1nnccc1Cl,117451708_14585673
0.5135135135135135,O=C(Cc1cccnc1)Nc1nncc2ccccc12,20984652_152270
0.38666666666666666,COC(=O)[C@@H](O)CC(=O)Nc1ccnnc1OC,84312341_14585673
0.35526315789473684,COC(=O)[C@@H](O)CC(=O)Nc1cc(OC)ccn1,6643273_14585673
0.5135135135135135,CC[C@H](CCOC)C(=O)Nc1nncc2ccccc12,20984652_40377761
0.5131578947368421,O=C(CCc1cnoc1)Nc1nncc2ccccc12,20984652_20417432
0.3972602739726027,COC(=O)[C@@H](O)CC(=O)Nc1ccc(C)nc1F,2384073_14585673
0.6567164179104478,COC[C@H](C)CC(=O)Nc1nncc2ccccc12,20984652_53172984
0.5857142857142857,C[C@@H](N)COCC(=O)Nc1nncc2ccccc12,20984652_34453614
0.410958904109589,COC(=O)[C@@H](O)CC(=O)Nc1nccc(C)c1F,21981826_14585673
0.4125,COC(=O)[C@@H](O)CC(=O)Nc1nc(C)nn2cccc12,82408753_14585673
0.547945205479452,Cc1cnnn1CC(=O)Nc1nncc2ccccc12,20984652_62429835
0.5942028985507246,COC(=O)C[C@H](O)C(=O)Nc1nncc2ccccc12,20984652_14585706
0.3181818181818182,COC(=O)[C@@H](O)CNC(=O)C[C@H](O)C(=O)OC,38251036_14585673
0.6567164179104478,CC(C)C[C@H](O)CC(=O)Nc1nncc2ccccc12,20984652_3649919
0.4722222222222222,COC(=O)[C@@H](O)CC(=O)Nc1cccc2ccccc12,1673028_14585673
0.6818181818181818,COC[C@@H](O)CC(=O)Nc1nncc2ccccc12,20984652_78749377
0.7049180327868853,CC(C)CC(=O)Nc1nncc2ccccc12,20984652_388188
0.6470588235294118,CC[C@@H](C)[C@@H](O)CC(=O)Nc1nncc2ccccc12,20984652_52249197
0.36619718309859156,COC(=O)[C@@H](O)CC(=O)N[C@H](C)c1ccccc1,6037146_14585673
0.4794520547945205,O=C(Nc1nncc2ccccc12)c1ccccc1F,20984652_164451
0.52,Cc1ccn(CC(=O)Nc2nncc3ccccc23)n1,20984652_2549361
0.5428571428571428,NCC[C@H](O)C(=O)Nc1nncc2ccccc12,20984652_2019611
0.4246575342465753,COC(=O)[C@@H](O)CC(=O)Nc1ncc(OC)nc1C,95929615_14585673
0.5735294117647058,COC(=O)[C@H](OC)C(=O)Nc1nncc2ccccc12,20984652_34426530
0.5416666666666666,Cc1nonc1CC(=O)Nc1nncc2ccccc12,20984652_801648
0.4246575342465753,COC(=O)[C@@H](O)CC(=O)Nc1nc(F)ccc1OC,307022617_14585673
0.6666666666666666,C[C@@H](O)[C@H](N)CC(=O)Nc1nncc2ccccc12,20984652_2386834
0.4230769230769231,COC(=O)[C@@H](O)CC(=O)Nc1nc(C)nc2[nH]ccc12,39052756_14585673
0.6056338028169014,CC[C@@H](CC(=O)Nc1nncc2ccccc12)C1CC1,20984652_82839034
0.4025974025974026,COC(=O)[C@@H](O)CC(=O)Nc1cc2ccccc2n1C,16698184_14585673
0.4246575342465753,COC(=O)[C@@H](O)CC(=O)Nc1ncccc1OC,14982093_14585673
0.4230769230769231,COC(=O)[C@@H](O)CC(=O)Nc1n[nH]c2ncccc12,168464_14585673
0.410958904109589,COC(=O)[C@@H](O)CC(=O)Nc1ncc(C)cc1F,80052631_14585673
0.5942028985507246,COC(=O)C[C@@H](O)C(=O)Nc1nncc2ccccc12,20984652_14585704
0.3783783783783784,CCOc1cnc(NC(=O)C[C@H](O)C(=O)OC)cn1,40448358_14585673
0.6666666666666666,C[C@H](O)[C@H](N)CC(=O)Nc1nncc2ccccc12,20984652_8239857
0.35135135135135137,COC(=O)[C@@H](O)CC(=O)NC(C)(C)Cc1ccccc1,8403947_14585673
0.36585365853658536,COC(=O)[C@@H](O)CC(=O)Nc1cccc2ncncc12,78013624_14585673
0.6417910447761194,CC[C@H](CC(=O)Nc1nncc2ccccc12)C(C)C,20984652_15205233
0.5882352941176471,CC(=O)C[C@@H](O)C(=O)Nc1nncc2ccccc12,20984652_14500538
0.5211267605633803,COC(=O)N[C@@H](C)C(=O)Nc1nncc2ccccc12,20984652_19815918
0.37662337662337664,COC(=O)[C@@H](O)CC(=O)Nc1c(C)cnn1CCF,223252245_14585673
0.6875,CO[C@H](C)CC(=O)Nc1nncc2ccccc12,20984652_4794590
0.34615384615384615,COC(=O)[C@@H](O)CC(=O)NC[C@@H](O)c1ccccn1,2513176_14585673
0.527027027027027,Nc1nncn1CC(=O)Nc1nncc2ccccc12,20984652_227173267
0.4155844155844156,COC(=O)[C@@H](O)CC(=O)Nc1onc2ccccc12,26053358_14585673
0.4189189189189189,COC(=O)[C@@H](O)CC(=O)Nc1nc(C)ncc1OC,39053783_14585673
0.4444444444444444,COC(=O)[C@@H](O)CC(=O)Nc1nnccc1C(=O)O,4202687_14585673
0.4,COC(=O)[C@@H](O)CC(=O)Nc1ncc(CO)c(C)n1,20358120_14585673
0.41333333333333333,COC(=O)[C@@H](O)CC(=O)Nc1cnnc(SC)n1,104632400_14585673
0.38461538461538464,COC(=O)[C@@H](O)CC(=O)Nc1ncc(C#N)cc1OC,148800370_14585673
0.5205479452054794,O=C(Cc1ccccn1)Nc1nncc2ccccc12,20984652_156530
0.527027027027027,Cc1n[nH]c(CC(=O)Nc2nncc3ccccc23)n1,20984652_2559698
0.38666666666666666,COC(=O)[C@@H](O)CC(=O)Nc1cccc(CO)n1,38338299_14585673
0.6142857142857143,C[C@@H](CC(=O)Nc1nncc2ccccc12)NC(=N)N,20984652_1681194
0.6231884057971014,CCN(C)[C@@H](C)CC(=O)Nc1nncc2ccccc12,20984652_19092958
0.5942028985507246,CC(C)COCC(=O)Nc1nncc2ccccc12,20984652_168059
0.5277777777777778,COC(C)(C)[C@@H](N)C(=O)Nc1nncc2ccccc12,20984652_2045134
0.6666666666666666,CO[C@@H](CN)CC(=O)Nc1nncc2ccccc12,20984652_84230420
0.5571428571428572,CN(C)C[C@@H](O)C(=O)Nc1nncc2ccccc12,20984652_6437143
0.4794520547945205,O=C(Nc1nncc2ccccc12)c1cnsn1,20984652_1270256
0.4166666666666667,COC(=O)[C@@H](O)CC(=O)Nc1cc(C)cnn1,34354816_14585673
0.35526315789473684,COC(=O)[C@@H](O)CC(=O)NCc1ccc(OC)nc1,9596244_14585673
0.6323529411764706,CC[C@@H](CN)CC(=O)Nc1nncc2ccccc12,20984652_26376874
0.37333333333333335,COC(=O)[C@@H](O)CC(=O)Nc1ccc(OC)c(C)n1,21982008_14585673
0.4305555555555556,COC(=O)[C@@H](O)CC(=O)Nc1nc(OC)ccc1F,104393374_14585673
0.3188405797101449,COC(=O)[C@H](CC(=O)O)NC(=O)C[C@H](O)C(=O)OC,1709620_14585673
0.6875,CC(C)[C@@H](O)CC(=O)Nc1nncc2ccccc12,20984652_39258467
0.4264705882352941,COC(=O)[C@@H](O)CC(=O)Nc1n[nH]cc1C,35655479_14585673
0.35064935064935066,COC(=O)[C@@H](O)CC(=O)NCc1cccc(F)n1,39050862_14585673
0.37333333333333335,CCC(=O)c1ccccc1NC(=O)C[C@H](O)C(=O)OC,1635722_14585673
0.4025974025974026,COC(=O)[C@@H](O)CC(=O)Nc1c[nH]c2ccccc12,530874_14585673
0.4166666666666667,COC(=O)[C@@H](O)CC(=O)Nc1ncc(F)cc1Cl,91301654_14585673
0.5507246376811594,O=C(Cn1cccc1)Nc1nncc2ccccc12,20984652_332065
0.4666666666666667,COC(=O)[C@@H](O)CC(=O)Nc1nn(C)c2ccccc12,15020373_14585673
0.4225352112676056,COC(=O)[C@@H](O)CC(=O)Nc1nnc(C)cc1C,3631901_14585673
0.6060606060606061,COC(=O)[C@H](C)C(=O)Nc1nncc2ccccc12,20984652_6442610
0.5671641791044776,NC[C@@H](O)C(=O)Nc1nncc2ccccc12,20984652_2034713
0.6825396825396826,C[C@H](N)CC(=O)Nc1nncc2ccccc12,20984652_2034865
0.4507042253521127,COC(=O)[C@@H](O)CC(=O)Nc1nnccc1C(C)C,104528686_14585673
0.4473684210526316,COC(=O)[C@@H](O)CC(=O)Nc1nccc2ncccc12,20984791_14585673
0.5606060606060606,C[C@H](O)[C@H](O)C(=O)Nc1nncc2ccccc12,20984652_1695854
0.3918918918918919,COC(=O)[C@@H](O)CC(=O)Nc1ccc(OC)nc1F,238362745_14585673
0.33766233766233766,CCC[C@@H](NC(=O)C[C@H](O)C(=O)OC)c1ccccc1,3333291_14585673
0.39473684210526316,COCc1cncnc1NC(=O)C[C@H](O)C(=O)OC,26440874_14585673
0.5797101449275363,CC(C)(C)C[C@H](O)C(=O)Nc1nncc2ccccc12,20984652_34016778
0.4794520547945205,Cn1cnnc1C(=O)Nc1nncc2ccccc12,20984652_95642133
0.43243243243243246,COC(=O)[C@@H](O)CC(=O)Nc1nc(O)ncc1C#N,492965_14585673
0.4166666666666667,COC(=O)[C@@H](O)CC(=O)Nc1ncc(C)cc1Cl,26466278_14585673
0.3717948717948718,CCCc1cccc(NC(=O)C[C@H](O)C(=O)OC)n1,2504555_14585673
0.3875,COC(=O)[C@@H](O)CC(=O)Nc1cnc2cccnn12,15020289_14585673
0.37662337662337664,CCOc1cccc(NC(=O)C[C@H](O)C(=O)OC)n1,19801062_14585673
0.6323529411764706,NCC[C@H](O)CC(=O)Nc1nncc2ccccc12,20984652_104634557
0.5,CCOC1(C(=O)Nc2nncc3ccccc23)CC1,20984652_149087949
0.6515151515151515,C[C@H](N)[C@@H](C)CC(=O)Nc1nncc2ccccc12,20984652_72208146
0.43661971830985913,COC(=O)[C@@H](O)CC(=O)Nc1n[nH]ccc1=O,39118454_14585673
0.40540540540540543,COC(=O)[C@@H](O)CC(=O)Nc1ncc(OC)cc1F,98181124_14585673
0.5205479452054794,O=C(Cc1cccnn1)Nc1nncc2ccccc12,20984652_20417425
0.4,COC(=O)[C@@H](O)CC(=O)Nc1nccc(C)c1Cl,21981816_14585673
0.52,Cc1ncc(CC(=O)Nc2nncc3ccccc23)o1,20984652_82410122
0.3918918918918919,COC(=O)[C@@H](O)CC(=O)Nc1ccc(Cl)c(F)n1,71256951_14585673
0.30120481927710846,COC(=O)[C@@H](O)CC(=O)NCCCn1cnnc1C,82410208_14585673
0.32,COC(=O)[C@@H](O)CC(=O)NCc1ccc(OC)cc1,157596_14585673
0.6376811594202898,CC[C@H](O)[C@@H](N)CC(=O)Nc1nncc2ccccc12,20984652_38282083
0.42857142857142855,COC(=O)[C@@H](O)CC(=O)Nc1cccnn1,1621830_14585673
0.5633802816901409,CNC(=O)C[C@H](N)C(=O)Nc1nncc2ccccc12,20984652_1566730
0.6231884057971014,C[C@H](N)C[C@@H](N)CC(=O)Nc1nncc2ccccc12,20984652_1703903
0.5507246376811594,CC[C@H](OC)C(=O)Nc1nncc2ccccc12,20984652_19091090
0.3684210526315789,CCc1ccncc1NC(=O)C[C@H](O)C(=O)OC,42750245_14585673
0.6231884057971014,C[C@H](N)C[C@H](N)CC(=O)Nc1nncc2ccccc12,20984652_895524
0.5616438356164384,COC[C@@H](C)NCC(=O)Nc1nncc2ccccc12,20984652_20376348
0.44285714285714284,COC(=O)[C@@H](O)CC(=O)Nc1nc(F)ccc1F,72230946_14585673
0.5714285714285714,CC(C)/C=C/CC(=O)Nc1nncc2ccccc12,20984652_3848408
0.3670886075949367,C#CCOc1ccc(NC(=O)C[C@H](O)C(=O)OC)cn1,40542902_14585673
0.35365853658536583,COC(=O)[C@@H](O)CC(=O)NCc1noc2ccccc12,20438891_14585673
0.3684210526315789,COC(=O)[C@@H](O)CC(=O)Nc1cnc(OC)nc1C,82837467_14585673
0.6417910447761194,CC(C)(C)[C@@H](N)CC(=O)Nc1nncc2ccccc12,20984652_4262585
0.3561643835616438,COCc1ccc(NC(=O)C[C@H](O)C(=O)OC)cc1,22204322_14585673
0.625,COC(=O)CC(=O)Nc1nncc2ccccc12,20984652_2146608
0.4246575342465753,COC(=O)[C@@H](O)CC(=O)Nc1nc(Cl)ncc1F,1718953_14585673
0.5205479452054794,COCC[C@H](C)C(=O)Nc1nncc2ccccc12,20984652_34319315
0.3466666666666667,COC(=O)[C@@H](O)CC(=O)N[C@H](C)C(=O)c1ccccc1,53165482_14585673
0.5135135135135135,O=C(Cc1ccn[nH]1)Nc1nncc2ccccc12,20984652_20417336
0.5277777777777778,CCC(=O)N[C@@H](C)C(=O)Nc1nncc2ccccc12,20984652_1560908
0.3888888888888889,COC(=O)[C@@H](O)CC(=O)Nc1ccc(F)nc1Cl,263623751_14585673
0.3466666666666667,COC(=O)[C@@H](O)CC(=O)Nc1ccc(OC)cc1F,2382629_14585673
0.4246575342465753,COC(=O)[C@@H](O)CC(=O)Nc1nc(OC)ncc1F,37594085_14585673
0.5342465753424658,O=C(Cc1cn[nH]c1)Nc1nncc2ccccc12,20984652_20438761
0.4125,COC(=O)[C@@H](O)CC(=O)Nc1nccc2c1cnn2C,89220376_14585673
0.6323529411764706,CC[C@H](CN)CC(=O)Nc1nncc2ccccc12,20984652_26376875
0.35526315789473684,COC(=O)[C@@H](O)CC(=O)Nc1cnc(OC)c(F)c1,38339257_14585673
0.38461538461538464,COC(=O)[C@@H](O)CC(=O)Nc1cccc2cccnc12,105176_14585673
0.6567164179104478,CCC[C@@H](O)CC(=O)Nc1nncc2ccccc12,20984652_2579355
0.6323529411764706,CC(=O)N[C@H](C)CC(=O)Nc1nncc2ccccc12,20984652_19092050
0.41025641025641024,COC(=O)[C@@H](O)CC(=O)Nc1c2ccccc2nn1C,32189297_14585673
0.6231884057971014,CCN(C)[C@H](C)CC(=O)Nc1nncc2ccccc12,20984652_19092960
0.527027027027027,Cn1cc(CC(=O)Nc2nncc3ccccc23)nn1,20984652_82838238
0.6825396825396826,C[C@@H](N)CC(=O)Nc1nncc2ccccc12,20984652_1713399
0.4,COC(=O)[C@@H](O)CC(=O)Nc1noc2cnccc12,25924512_14585673
0.6567164179104478,CO[C@@H](CC(=O)Nc1nncc2ccccc12)C(N)=O,20984652_72207152
0.4177215189873418,COC(=O)[C@@H](O)CC(=O)Nc1nn(C)c2ncccc12,168469_14585673
0.6285714285714286,CCCC[C@@H](O)CC(=O)Nc1nncc2ccccc12,20984652_33903519
0.3333333333333333,COC(=O)[C@@H](O)CC(=O)NC[C@H](C)c1cccs1,6408903_14585673
0.38571428571428573,COC(=O)[C@@H](O)CC(=O)Nc1cnc(F)nc1,39053099_14585673
0.6060606060606061,COC(=O)[C@@H](C)C(=O)Nc1nncc2ccccc12,20984652_1720457
0.375,COC(=O)[C@@H](O)CC(=O)Nc1cncc2cc[nH]c12,89220883_14585673
0.410958904109589,COC(=O)[C@@H](O)CC(=O)Nc1cnnc(OC)c1,84312344_14585673
0.41333333333333333,COC(=O)[C@@H](O)CC(=O)Nc1ncccc1CCO,69943952_14585673
0.4605263157894737,O=C(Nc1nncc2ccccc12)c1cccnc1F,20984652_1682742
0.47297297297297297,COC(=O)[C@@H](O)CC(=O)Nc1noc2ccccc12,161908_14585673
0.4225352112676056,COC(=O)[C@@H](O)CC(=O)Nc1cnnc(C)c1,40546730_14585673
0.35443037974683544,COCc1ccnc(NC(=O)C[C@H](O)C(=O)OC)n1,34333232_14585673
0.3835616438356164,COC(=O)[C@@H](O)CC(=O)Nc1ccc(F)c(C)n1,21297356_14585673
0.6515151515151515,C[C@H](CC(=O)Nc1nncc2ccccc12)N(C)C,20984652_13347100
0.6323529411764706,CCC[C@H](C)CC(=O)Nc1nncc2ccccc12,20984652_2037119
0.5428571428571428,O=C(Cn1cnnc1)Nc1nncc2ccccc12,20984652_2598099
0.4675324675324675,CCc1ncc(C(=O)Nc2nncc3ccccc23)o1,20984652_58517530
0.6285714285714286,CCCC[C@H](O)CC(=O)Nc1nncc2ccccc12,20984652_33903518
0.32926829268292684,COC(=O)[C@@H](O)CC(=O)Nc1nc2occ(O)c2o1,39118504_14585673
0.3466666666666667,COC(=O)[C@@H](O)CC(=O)Nc1nc(C)nc(OC)n1,193078_14585673
0.3783783783783784,COC(=O)[C@@H](O)CC(=O)Nc1ncc(C)c(C)n1,1641283_14585673
0.6615384615384615,NC[C@H](O)CC(=O)Nc1nncc2ccccc12,20984652_901811
0.5774647887323944,CCOC(=O)CCC(=O)Nc1nncc2ccccc12,20984652_2004473
0.6323529411764706,NCC[C@@H](O)CC(=O)Nc1nncc2ccccc12,20984652_104634560
0.6417910447761194,CC[C@@H](CC(=O)Nc1nncc2ccccc12)C(C)C,20984652_2578879
0.4520547945205479,COC(=O)[C@@H](O)CC(=O)Nc1nnccc1C#N,34213306_14585673
0.4305555555555556,COC(=O)[C@@H](O)CC(=O)Nc1nccc(F)c1F,307327660_14585673
0.37333333333333335,COC(=O)[C@@H](O)CC(=O)Nc1c(C)ccnc1F,2526738_14585673
0.5633802816901409,COC(=O)NCCC(=O)Nc1nncc2ccccc12,20984652_18193752
0.3835616438356164,COC(=O)[C@@H](O)CC(=O)Nc1ccccc1[C@@H](C)O,5141755_14585673
0.5205479452054794,O=C(Cc1ccnnc1)Nc1nncc2ccccc12,20984652_20417428
0.33766233766233766,COC(=O)[C@@H](O)CC(=O)NC(=O)c1ccc(F)nc1,1600208_14585673
0.42857142857142855,COC(=O)[C@@H](O)CC(=O)Nc1cc2ccccc2nn1,5332249_14585673
0.5342465753424658,O=C(Cc1cnoc1)Nc1nncc2ccccc12,20984652_20417417
0.3614457831325301,COC(=O)[C@@H](O)CC(=O)Nc1cccc2c1O[C@H](C)C2,34083035_14585673
0.5405405405405406,CCC[C@H](N)CCC(=O)Nc1nncc2ccccc12,20984652_2090487
0.6285714285714286,C[C@@H](CC(=O)Nc1nncc2ccccc12)NCCO,20984652_35749904
0.3493975903614458,COC(=O)[C@@H](O)CC(=O)NCc1n[nH]c2ccccc12,24553243_14585673
0.38666666666666666,CCOc1ccc(NC(=O)C[C@H](O)C(=O)OC)nn1,16677890_14585673
0.3561643835616438,COC(=O)[C@@H](O)CC(=O)Nc1nc(C)c(C)n1C,95761515_14585673
0.3493975903614458,COC(=O)[C@@H](O)CC(=O)Nc1ccc2nc(C)cn2n1,39048308_14585673
0.4166666666666667,COC(=O)[C@@H](O)CC(=O)Nc1ncncc1F,3130164_14585673
0.5714285714285714,C[C@@H](N)C(C)(C)CC(=O)Nc1nncc2ccccc12,20984652_72208362
0.4666666666666667,COC(=O)[C@@H](O)CC(=O)Nc1ncnc2ccccc12,331945_14585673
0.5797101449275363,CC[C@@H](C(=O)Nc1nncc2ccccc12)C(=O)OC,20984652_97053707
0.6615384615384615,C[C@H](CO)CC(=O)Nc1nncc2ccccc12,20984652_6020365
0.34210526315789475,COC(=O)[C@@H](O)CC(=O)Nc1ccc(F)cc1OC,16159540_14585673
0.34615384615384615,COC(=O)[C@@H](O)CC(=O)NCc1cccc(Cl)n1,37594046_14585673
0.46153846153846156,CCn1nncc1C(=O)Nc1nncc2ccccc12,20984652_20438778
0.4189189189189189,COC(=O)[C@@H](O)CC(=O)Nc1ccc2ccccc2c1,968125_14585673
0.5135135135135135,CO[C@@H](C(=O)Nc1nncc2ccccc12)C1CCC1,20984652_160599857
0.4,COC(=O)[C@@H](O)CC(=O)Nc1ncc(F)cc1OC,98181123_14585673
0.5362318840579711,O=C(Nc1nncc2ccccc12)[C@@H](O)[C@H](O)CO,20984652_901060
0.4177215189873418,COC(=O)[C@@H](O)CC(=O)Nc1ncnc2ncccc12,20981201_14585673
0.6515151515151515,CC[C@@H](N)CC(=O)Nc1nncc2ccccc12,20984652_12648171
0.48,C[C@@H](C(=O)Nc1nncc2ccccc12)c1ccco1,20984652_19726377
0.3493975903614458,COC(=O)[C@@H](O)CC(=O)Nc1ccc2cncnc2c1,29544518_14585673
0.35064935064935066,COC(=O)c1coc(NC(=O)C[C@H](O)C(=O)OC)n1,15444658_14585673
0.37333333333333335,COC(=O)[C@@H](O)CC(=O)Nc1c([C@H](C)O)cnn1C,83747195_14585673
0.43661971830985913,COC(=O)[C@@H](O)CC(=O)Nc1nc(C)ccc1F,82835967_14585673
0.3333333333333333,COC(=O)[C@@H](O)CC(=O)N[C@@H](C)CCc1ccccc1,1705109_14585673
0.5,Cc1ncc(C(=O)Nc2nncc3ccccc23)s1,20984652_1688638
0.6323529411764706,CC[C@@H](CC(=O)Nc1nncc2ccccc12)SC,20984652_62766652
0.6515151515151515,C[C@H](CC(=O)Nc1nncc2ccccc12)C(C)(C)C,20984652_2571300
0.44,COC(=O)[C@@H](O)CC(=O)Nc1cc2ccccc2cn1,157801_14585673
0.2777777777777778,COC(=O)[C@@H](O)CC(=O)N[C@H](CC(C)C)C(=O)OC,54954739_14585673
0.33766233766233766,COCc1n[nH]c(NC(=O)C[C@H](O)C(=O)OC)n1,3723194_14585673
0.35802469135802467,COC(=O)[C@@H](O)CC(=O)Nc1ncc2nccnc2n1,489612_14585673
0.3170731707317073,CCc1cccc(C(=N)NC(=O)C[C@H](O)C(=O)OC)n1,39049936_14585673
0.34615384615384615,COC(=O)[C@@H](O)CC(=O)Nc1cc(=O)[nH]c(OC)n1,14982068_14585673
0.4675324675324675,C[C@@H](C(=O)Nc1nncc2ccccc12)n1ccnn1,20984652_59843749
0.6666666666666666,C[C@H](O)[C@@H](N)CC(=O)Nc1nncc2ccccc12,20984652_4240317
0.4189189189189189,COC(=O)[C@@H](O)CC(=O)Nc1ncccc1[C@H](C)O,21985760_14585673
0.38571428571428573,COC(=O)[C@@H](O)CC(=O)Nc1ncc(F)cn1,39053763_14585673
0.3835616438356164,COC(=O)[C@@H](O)CC(=O)Nc1cncc(C)n1,16124478_14585673
0.4027777777777778,COC(=O)[C@@H](O)CC(=O)Nc1cccc(F)n1,19616089_14585673
0.52,Cc1nocc1CC(=O)Nc1nncc2ccccc12,20984652_82410125
0.4935064935064935,O=C(CCc1ccon1)Nc1nncc2ccccc12,20984652_20417434
0.4142857142857143,COC(=O)[C@@H](O)CC(=O)Nc1nccnc1C,1731583_14585673
0.4657534246575342,O=C(Nc1nncc2ccccc12)c1ccccc1O,20984652_1554
0.4230769230769231,COC(=O)[C@@H](O)CC(=O)Nc1cnc2ccccc2c1,39224_14585673
0.35135135135135137,CC[C@](C)(NC(=O)C[C@H](O)C(=O)OC)c1ccccc1,3136326_14585673
0.4666666666666667,O=C(Nc1nncc2ccccc12)c1cccc(F)n1,20984652_1733806
0.37037037037037035,COC(=O)[C@@H](O)CC(=O)Nc1nccn2c(C)nnc12,17107274_14585673
0.6376811594202898,CC[C@@H](O)[C@H](N)CC(=O)Nc1nncc2ccccc12,20984652_84426505
0.6515151515151515,CC[C@H](N)CC(=O)Nc1nncc2ccccc12,20984652_12648175
0.6231884057971014,CCC[C@@H](N)CC(=O)Nc1nncc2ccccc12,20984652_2584600
0.3048780487804878,CCn1cnnc1[C@H](C)NC(=O)C[C@H](O)C(=O)OC,12413871_14585673
0.35526315789473684,COC(=O)[C@@H](O)CC(=O)Nc1c(F)cccc1OC,2510742_14585673
0.34210526315789475,C=C(CNC(=O)C[C@H](O)C(=O)OC)c1ccccc1,13508279_14585673
0.3918918918918919,COC(=O)[C@@H](O)CC(=O)Nc1cnc(C)nc1Cl,39053493_14585673
0.6774193548387096,O=C(CC(F)F)Nc1nncc2ccccc12,20984652_37755958
0.5882352941176471,CC(C)(C)SCC(=O)Nc1nncc2ccccc12,20984652_1718825
0.5342465753424658,Cn1ccc(CC(=O)Nc2nncc3ccccc23)n1,20984652_34927098
0.3670886075949367,COC(=O)[C@@H](O)CC(=O)Nc1ccc(N2CCC2)nc1,98213462_14585673
0.45454545454545453,Cc1ccncc1C(=O)Nc1nncc2ccccc12,20984652_2582042
0.38571428571428573,COC(=O)[C@@H](O)CC(=O)NCc1ccccc1,6096244_14585673
0.3246753246753247,COC(=O)[C@@H](O)CC(=O)NC(=O)c1cnn(C)c1,34324446_14585673
0.358974358974359,COC(=O)[C@@H](O)CC(=O)Nc1cnccc1N(C)C,19763686_14585673
0.6349206349206349,COCC(=O)Nc1nncc2ccccc12,20984652_1683467
0.5833333333333334,NC[C@@H](CC(=O)Nc1nncc2ccccc12)C1CC1,20984652_78724768
0.4861111111111111,C[C](C(=O)Nc1nncc2ccccc12)c1ccccc1,20984652_1560406647
0.6567164179104478,CC(C)C[C@@H](O)CC(=O)Nc1nncc2ccccc12,20984652_3649921
0.3625,COC(=O)[C@@H](O)CC(=O)Nc1cccc2sccc12,335903_14585673
0.39436619718309857,COC(=O)[C@@H](O)CC(=O)Nc1ccc(OC)nn1,331864_14585673
0.5633802816901409,CNC(=O)C[C@@H](N)C(=O)Nc1nncc2ccccc12,20984652_1573266
0.3466666666666667,CCn1nnc(NC(=O)C[C@H](O)C(=O)OC)n1,6226239_14585673
0.4,COC(=O)[C@@H](O)CC(=O)Nc1n[nH]c2cnccc12,25924163_14585673
0.40789473684210525,COC(=O)[C@@H](O)CC(=O)Nc1nccc2ccoc12,95642504_14585673
0.4533333333333333,Nc1ccc(C(=O)Nc2nncc3ccccc23)nc1,20984652_2584046
0.35526315789473684,COC(=O)[C@@H](O)CC(=O)NCc1cccnc1,1944_14585673
0.671875,CC(C)[C@H](C)CC(=O)Nc1nncc2ccccc12,20984652_1733920
0.35064935064935066,COC(=O)[C@@H](O)CC(=O)Nc1cncnc1OC,39053610_14585673
0.6825396825396826,O=C(C[C@H](O)CO)Nc1nncc2ccccc12,20984652_3593479
0.5857142857142857,CO[C@H](C)CCC(=O)Nc1nncc2ccccc12,20984652_6491647
0.6615384615384615,CC[C@H](C)CC(=O)Nc1nncc2ccccc12,20984652_391784
0.5138888888888888,CC[C@@H](NC(C)C)C(=O)Nc1nncc2ccccc12,20984652_37183263
0.4666666666666667,Cc1nc(C(=O)Nc2nncc3ccccc23)cs1,20984652_158613
0.4722222222222222,O=C(Nc1nncc2ccccc12)c1ccccn1,20984652_39905
0.325,COC(=O)[C@@H](O)CC(=O)N[C@H](C)Cc1ccccn1,11570828_14585673
0.375,COC(=O)[C@@H](O)CC(=O)Nc1cccn2nncc12,104586043_14585673
0.5882352941176471,CC(C)N(C)CC(=O)Nc1nncc2ccccc12,20984652_19092497
0.3625,COC(=O)[C@@H](O)CC(=O)Nc1ncnc2[nH]cnc12,882_14585673
0.29577464788732394,COC(=O)[C@@H](O)CC(=O)NC(=O)OC[C@H](C)O,2046113_14585673
0.36,COC(=O)[C@@H](O)CC(=O)Nc1cnc(OC)cc1C,15884415_14585673
0.4166666666666667,COC(=O)[C@@H](O)CC(=O)Nc1ncc(F)cc1F,2510831_14585673
0.6376811594202898,CC[C@H](O)[C@H](N)CC(=O)Nc1nncc2ccccc12,20984652_84426504
0.43661971830985913,COC(=O)[C@@H](O)CC(=O)Nc1cnnc(C)n1,19801101_14585673
0.4794520547945205,Cc1cnc(C(=O)Nc2nncc3ccccc23)s1,20984652_20357789
0.4675324675324675,O=C(Nc1nncc2ccccc12)c1cnn(CF)c1,20984652_167586636
0.36486486486486486,COC(=O)[C@@H](O)CC(=O)Nc1ccc(O)c(F)c1F,2243354_14585673
0.47368421052631576,COc1cnc(C(=O)Nc2nncc3ccccc23)o1,20984652_1383617
0.5652173913043478,CC(C)C[C@H](O)C(=O)Nc1nncc2ccccc12,20984652_407031
0.358974358974359,COC(=O)[C@@H](O)CC(=O)Nc1cnc(C#N)c(C)n1,91692969_14585673
0.43037974683544306,C#Cc1cccc(C(=O)Nc2nncc3ccccc23)n1,20984652_82046790
0.5633802816901409,CC(C)[C@@](C)(N)CC(=O)Nc1nncc2ccccc12,20984652_44139069
0.4246575342465753,COC(=O)[C@@H](O)CC(=O)Nc1nncnc1C(=O)O,39083028_14585673
0.6615384615384615,NC[C@@H](O)CC(=O)Nc1nncc2ccccc12,20984652_901808
0.5285714285714286,CC(C)[C@@H](N)[C@@H](O)C(=O)Nc1nncc2ccccc12,20984652_34306969
0.410958904109589,COC(=O)[C@@H](O)CC(=O)Nc1cc(Cl)cnn1,34120869_14585673
0.3684210526315789,COC(=O)[C@@H](O)CC(=O)Nc1cccnc1OC,166871_14585673
0.35526315789473684,CCc1cccc(F)c1NC(=O)C[C@H](O)C(=O)OC,104645963_14585673
0.3835616438356164,COC(=O)c1nonc1NC(=O)C[C@H](O)C(=O)OC,2473576_14585673
0.5,O=C(Nc1nncc2ccccc12)c1ccccc1,20984652_1011
0.3684210526315789,CCOc1ccccc1NC(=O)C[C@H](O)C(=O)OC,157538_14585673
0.35526315789473684,COC(=O)[C@@H](O)CC(=O)Nc1nc(F)cc(OC)n1,225034_14585673
0.35443037974683544,COC(=O)[C@@H](O)CC(=O)Nc1cn(CCF)cn1,255187399_14585673
0.3974358974358974,COC(=O)[C@@H](O)CC(=O)Nc1cn(C)c2ccccc12,71495343_14585673
0.37333333333333335,CCOc1ccc(NC(=O)C[C@H](O)C(=O)OC)cn1,4352765_14585673
0.4657534246575342,O=C(Nc1nncc2ccccc12)c1ccnnc1,20984652_154089
0.6323529411764706,CC(=O)N[C@@H](C)CC(=O)Nc1nncc2ccccc12,20984652_19092047
0.3684210526315789,CCOc1ccc(NC(=O)C[C@H](O)C(=O)OC)nc1,19868934_14585673
0.5714285714285714,CC(C)CNCC(=O)Nc1nncc2ccccc12,20984652_20376249
0.37333333333333335,CCn1ncc(C)c1NC(=O)C[C@H](O)C(=O)OC,19090102_14585673
0.6417910447761194,CC(C)N[C@@H](C)CC(=O)Nc1nncc2ccccc12,20984652_35747432
0.3333333333333333,COC(=O)[C@@H](O)CC(=O)NC[C@@H](OC)c1ccco1,43336582_14585673
0.6666666666666666,C[C@@H](O)[C@@H](N)CC(=O)Nc1nncc2ccccc12,20984652_2504858
0.37037037037037035,COC(=O)[C@@H](O)CC(=O)Nc1cccc2c(C)n[nH]c12,4342671_14585673
0.4177215189873418,COC(=O)[C@@H](O)CC(=O)Nc1n[nH]c2ccncc12,25924175_14585673
0.671875,CCC(CC)CC(=O)Nc1nncc2ccccc12,20984652_2383169
0.4675324675324675,COc1nc(C(=O)Nc2nncc3ccccc23)co1,20984652_82839237
0.463768115942029,COC(=O)[C@@H](O)CC(=O)Nc1nnccc1C,21300847_14585673
0.6142857142857143,C[C@H](CC(=O)Nc1nncc2ccccc12)NC(=N)N,20984652_2044818
0.37333333333333335,COC(=O)[C@@H](O)CC(=O)Nc1ccncc1SC,211727222_14585673
0.34210526315789475,COC(=O)[C@@H](O)CC(=O)N[C@@H](C#N)c1ccccc1,19230194_14585673
0.5416666666666666,CC[C@H](C)[C@H](OC)C(=O)Nc1nncc2ccccc12,20984652_159686105
0.4666666666666667,Cc1ncc(C(=O)Nc2nncc3ccccc23)nn1,20984652_82410587
0.5882352941176471,COCC(=O)CC(=O)Nc1nncc2ccccc12,20984652_95938153
0.4507042253521127,CCc1ccnnc1NC(=O)C[C@H](O)C(=O)OC,91366093_14585673
0.6615384615384615,CN[C@H](C)CC(=O)Nc1nncc2ccccc12,20984652_13347076
0.5205479452054794,O=C(Cc1ncc[nH]1)Nc1nncc2ccccc12,20984652_66348452
0.40540540540540543,COC(=O)[C@@H](O)CC(=O)Nc1ncc(OC)cc1C,95642677_14585673
0.36363636363636365,COC(=O)[C@@H](O)CC(=O)Nc1ccncc1C(C)C,69841124_14585673
0.5342465753424658,O=C1C=C(CC(=O)Nc2nncc3ccccc23)N=N1,20984652_39599933
0.5507246376811594,O=C(Nc1nncc2ccccc12)[C@H](O)CCO,20984652_3651026
0.3972602739726027,COC(=O)[C@@H](O)CC(=O)Nc1ccnnc1Cl,40448770_14585673
0.4,COC(=O)[C@@H](O)CC(=O)Nc1nccc(F)c1OC,144679519_14585673
0.4594594594594595,Nc1ccccc1C(=O)Nc1nncc2ccccc12,20984652_47985
0.33766233766233766,COC(=O)[C@@H](O)CC(=O)NCCOc1ccccc1,2039265_14585673
0.37142857142857144,CCc1nnc(NC(=O)C[C@H](O)C(=O)OC)nn1,2023573_14585673
0.2916666666666667,C=C(C)C[C@@H](NC(=O)C[C@H](O)C(=O)OC)C(=O)OC,38948743_14585673
0.325,COC(=O)[C@@H](O)CC(=O)N[C@@H](C)c1cccnc1F,83591334_14585673
0.5970149253731343,COC(=O)CCC(=O)Nc1nncc2ccccc12,20984652_152993
0.6461538461538462,N[C@@H](CO)CC(=O)Nc1nncc2ccccc12,20984652_4181821
0.36486486486486486,COC(=O)[C@@H](O)CC(=O)Nc1ncc(C(C)C)s1,38948732_14585673
0.4084507042253521,COC(=O)[C@@H](O)CC(=O)Nc1cc2cccccc-2c1,33797214_14585673
0.4675324675324675,C[C@@H](C(=O)Nc1nncc2ccccc12)n1cnnn1,20984652_32500131
0.35526315789473684,COC(=O)[C@@H](O)CC(=O)Nc1cccc(F)c1OC,403404_14585673
0.4,COC(=O)[C@@H](O)CC(=O)Nc1cc(C(=O)O)cnn1,82837321_14585673
0.6615384615384615,CC(=O)[C@@H](C)CC(=O)Nc1nncc2ccccc12,20984652_2044242
0.35064935064935066,COC(=O)[C@@H](O)CC(=O)NC[C@H](C)Cc1ccccc1,11974902_14585673
0.4722222222222222,O=C(Nc1nncc2ccccc12)c1ccc[nH]1,20984652_158648
0.2916666666666667,C=C(C)C[C@H](NC(=O)C[C@H](O)C(=O)OC)C(=O)OC,38948741_14585673
0.6,CN(C)CC(=O)Nc1nncc2ccccc12,20984652_895466
0.3375,COC(=O)[C@@H](O)CC(=O)Nc1cc(C#N)ncc1F,214883915_14585673
0.4868421052631579,COCC1CC(C(=O)Nc2nncc3ccccc23)C1,20984652_104690945
0.35135135135135137,COC(=O)[C@@H](O)CC(=O)Nc1nc([C@@H](C)O)n[nH]1,43647095_14585673
0.38571428571428573,COC(=O)[C@@H](O)CC(=O)Nc1cnsn1,26479221_14585673
0.5882352941176471,COC(C)(C)CC(=O)Nc1nncc2ccccc12,20984652_88189688
0.6086956521739131,N[C@@H](CCO)CC(=O)Nc1nncc2ccccc12,20984652_82073081
0.34615384615384615,COC(=O)[C@@H](O)CC(=O)N[C@H](C)c1cccc(F)n1,104520705_14585673
0.3684210526315789,COC(=O)[C@@H](O)CC(=O)Nc1cnccc1OC,4344107_14585673
0.358974358974359,CCOc1cncc(NC(=O)C[C@H](O)C(=O)OC)n1,39235980_14585673
0.7333333333333333,C[C@H](O)CC(=O)Nc1nncc2ccccc12,20984652_901665
0.527027027027027,Cn1nncc1CC(=O)Nc1nncc2ccccc12,20984652_62298117
0.4473684210526316,Nc1cc(C(=O)Nc2nncc3ccccc23)cnn1,20984652_82837321
0.6417910447761194,C[C@H](CC(=O)Nc1nncc2ccccc12)C(C)(C)O,20984652_84327985
0.35443037974683544,CCCCc1ccccc1NC(=O)C[C@H](O)C(=O)OC,1841091_14585673
0.5492957746478874,COC(=O)C[C@@H](C)C(=O)Nc1nncc2ccccc12,20984652_2558238
0.5507246376811594,CO[C@@H](C)[C@@H](O)C(=O)Nc1nncc2ccccc12,20984652_1586417
0.35526315789473684,COCc1csc(NC(=O)C[C@H](O)C(=O)OC)n1,31772050_14585673
0.3780487804878049,COC(=O)[C@@H](O)CC(=O)Nc1cncc2cccnc12,24602517_14585673
0.5135135135135135,O=C(Cc1ncn[nH]1)Nc1nncc2ccccc12,20984652_42041161
0.5142857142857142,COC1(C(=O)Nc2nncc3ccccc23)CC1,20984652_104706455
0.5135135135135135,O=C(Cn1ccnn1)Nc1nncc2ccccc12,20984652_2513904
0.6,CC[C@H](O)C(=O)Nc1nncc2ccccc12,20984652_895970
0.34210526315789475,C#C[C@H](NC(=O)C[C@H](O)C(=O)OC)c1ccccc1,32501210_14585673
0.52,Cc1ncc(CC(=O)Nc2nncc3ccccc23)[nH]1,20984652_21982898
0.35064935064935066,COC(=O)[C@@H](O)CC(=O)NC[C@@H](C)Cc1ccccc1,11974909_14585673
0.32926829268292684,COC(=O)[C@@H](O)CC(=O)Nc1cn([C@H](C)C#N)nn1,685953183_14585673
0.6515151515151515,C[C@H](N)[C@H](C)CC(=O)Nc1nncc2ccccc12,20984652_72208147
0.5882352941176471,C[S@](=O)CCC(=O)Nc1nncc2ccccc12,20984652_37921892
0.33766233766233766,COC(=O)[C@@H](O)CC(=O)N[C@H](C)c1ccccn1,801641_14585673
0.527027027027027,Cc1[nH]ncc1CC(=O)Nc1nncc2ccccc12,20984652_20438969
0.27631578947368424,COC(=O)[C@@H](O)CC(=O)NC[C@H](C)CCCO,62498390_14585673
0.4666666666666667,Cc1cncc(C(=O)Nc2nncc3ccccc23)n1,20984652_6523515
0.5135135135135135,O=C(Cc1ccon1)Nc1nncc2ccccc12,20984652_20417419
0.6231884057971014,C[C@@H](CCN)CC(=O)Nc1nncc2ccccc12,20984652_78809019
0.6615384615384615,C[C@@H](CO)CC(=O)Nc1nncc2ccccc12,20984652_6036098
0.6417910447761194,CC(C)(C)[C@H](N)CC(=O)Nc1nncc2ccccc12,20984652_2387070
0.52,Cn1nnc(CC(=O)Nc2nncc3ccccc23)n1,20984652_1564366
0.5066666666666667,O=C(Cc1cn[nH]c1O)Nc1nncc2ccccc12,20984652_20029292
0.45454545454545453,O=C(Nc1nncc2ccccc12)c1cnccc1F,20984652_2599080
0.6231884057971014,C[C@@H](CC(=O)Nc1nncc2ccccc12)CN(C)C,20984652_43502605
0.3698630136986301,COC(=O)[C@@H](O)CC(=O)N[C@@H](C(C)=O)c1ccccc1,165129_14585673
0.6666666666666666,CO[C@H](CN)CC(=O)Nc1nncc2ccccc12,20984652_84230414
0.6231884057971014,C[C@H](CC(=O)Nc1nncc2ccccc12)NC(N)=O,20984652_13547999
0.5757575757575758,O=C(Nc1nncc2ccccc12)[C@H](O)CO,20984652_895140
0.47297297297297297,Cn1nncc1C(=O)Nc1nncc2ccccc12,20984652_62298114
0.26666666666666666,CCCC[C@H](NC(=O)C[C@H](O)C(=O)OC)C(=O)OC,55157322_14585673
0.6056338028169014,CCCC[C@H](C)CC(=O)Nc1nncc2ccccc12,20984652_2526817
0.2898550724637681,COC(=O)[C@@H](O)CC(=O)N[C@@H](C(=O)OC)[C@H](C)O,34924610_14585673
0.273972602739726,CC[C@H](CC(=O)OC)NC(=O)C[C@H](O)C(=O)OC,34353519_14585673
0.35526315789473684,COC(=O)[C@@H](O)CC(=O)Nc1cnc(OC)cc1F,299890317_14585673
0.3835616438356164,COC(=O)[C@@H](O)CC(=O)Nc1ccccc1[C@H](C)O,5141567_14585673
0.4444444444444444,COC(=O)[C@@H](O)CC(=O)Nc1ncccc1CO,19735472_14585673
0.3815789473684211,COC(=O)[C@@H](O)CC(=O)Nc1cccc(C(F)F)n1,211794520_14585673
0.5131578947368421,Nc1cn(CC(=O)Nc2nncc3ccccc23)cn1,20984652_82410116
0.3291139240506329,COC(=O)[C@@H](O)CC(=O)NCc1nc(=O)cc[nH]1,71024795_14585673
0.4657534246575342,O=C(Nc1nncc2ccccc12)c1nnc[nH]1,20984652_4017405
0.5277777777777778,O=C(Nc1nncc2ccccc12)[C@H](O)CCCO,20984652_13539232
0.5857142857142857,CC[C@@H](O)CCC(=O)Nc1nncc2ccccc12,20984652_3650180
0.4246575342465753,COC(=O)[C@@H](O)CC(=O)Nc1nc(C)ccc1OC,19911426_14585673
0.35526315789473684,COC(=O)c1cnoc1NC(=O)C[C@H](O)C(=O)OC,258212_14585673
0.4305555555555556,COC(=O)[C@@H](O)CC(=O)Nc1nc(C)ncc1F,95093303_14585673
0.37333333333333335,COCc1ccccc1NC(=O)C[C@H](O)C(=O)OC,13346815_14585673
0.48,O=C(Nc1nncc2ccccc12)[C@H](O)c1ccco1,20984652_221512
0.4675324675324675,CCn1cc(C(=O)Nc2nncc3ccccc23)cn1,20984652_356346
0.35526315789473684,CCc1cccc(C)c1NC(=O)C[C@H](O)C(=O)OC,2014545_14585673
0.5205479452054794,CC(C)C[C@](C)(N)C(=O)Nc1nncc2ccccc12,20984652_403039
0.4358974358974359,COC(=O)[C@@H](O)CC(=O)Nc1noc2ncccc12,168472_14585673
0.35135135135135137,CCOc1ccc(NC(=O)C[C@H](O)C(=O)OC)cc1,391847_14585673
0.6323529411764706,CCN[C@@H](C)CC(=O)Nc1nncc2ccccc12,20984652_35747440
0.3698630136986301,COC(=O)[C@@H](O)CC(=O)NCc1ccccc1Cl,157592_14585673
0.5342465753424658,COCC[C@@H](N)C(=O)Nc1nncc2ccccc12,20984652_2036816
0.31645569620253167,COC[C@H](NC(=O)C[C@H](O)C(=O)OC)c1ccco1,70184753_14585673
0.34210526315789475,COC(=O)[C@@H](O)CC(=O)N/C(C)=N/c1ccccc1,15782363_14585673
0.5066666666666667,O=C(Cc1cnccn1)Nc1nncc2ccccc12,20984652_12650881
0.5416666666666666,CC[C@@H](C)[C@@H](OC)C(=O)Nc1nncc2ccccc12,20984652_159686245
0.6176470588235294,NC[C@H](CO)CC(=O)Nc1nncc2ccccc12,20984652_38482054
0.38571428571428573,COC(=O)[C@@H](O)CC(=O)Nc1ncc(OC)cn1,3123156_14585673
0.52,Cc1conc1CC(=O)Nc1nncc2ccccc12,20984652_169244473
0.45454545454545453,O=C(Nc1nncc2ccccc12)c1cncc(F)c1,20984652_2244270
0.34146341463414637,COC(=O)[C@@H](O)CC(=O)N[C]1c2ccccc2C[C@@H]1O,1560410131_14585673
0.4675324675324675,C[C@H](C(=O)Nc1nncc2ccccc12)n1cnnn1,20984652_82655458
0.4189189189189189,COC(=O)[C@@H](O)CC(=O)Nc1ncc(C)nc1OC,22006949_14585673
0.6515151515151515,C[C@H](CC(=O)Nc1nncc2ccccc12)C(N)=O,20984652_77260149
0.4594594594594595,Nc1cnc(C(=O)Nc2nncc3ccccc23)s1,20984652_1752172
0.6470588235294118,CN(C)C[C@@H](O)CC(=O)Nc1nncc2ccccc12,20984652_2042472
0.32894736842105265,COC(=O)[C@@H](O)CC(=O)NCC1Cc2ccccc2C1,2599350_14585673
0.37662337662337664,COC(=O)[C@@H](O)CC(=O)Nc1nccc(N(C)C)n1,39053775_14585673
0.3780487804878049,COC(=O)[C@@H](O)CC(=O)Nc1nccc2oc(C)cc12,163335519_14585673
0.40789473684210525,COC(=O)[C@@H](O)CC(=O)Nc1nc(C)cnc1C#N,39194346_14585673
0.48,CCc1nnc(C(=O)Nc2nncc3ccccc23)o1,20984652_58517532
0.3188405797101449,COC(=O)[C@@H](O)CC(=O)N[C@H](CC(=O)O)C(=O)OC,2560988_14585673
0.35135135135135137,COC(=O)[C@@H](O)CC(=O)NC(=O)Oc1ccccc1,404454_14585673
0.36,COC(=O)[C@@H](O)CC(=O)Nc1cn[nH]c1OC,211598544_14585673
0.52,Cc1c[nH]c(CC(=O)Nc2nncc3ccccc23)n1,20984652_82410357
0.6470588235294118,CC[C@H](C)[C@@H](O)CC(=O)Nc1nncc2ccccc12,20984652_52249198
0.3493975903614458,COC(=O)[C@@H](O)CC(=O)Nc1cn2cccc(C)c2n1,82839977_14585673
0.6461538461538462,N[C@H](CO)CC(=O)Nc1nncc2ccccc12,20984652_4181820
0.5131578947368421,O=C(CCc1c[nH]nn1)Nc1nncc2ccccc12,20984652_9471403
0.44285714285714284,COC(=O)[C@@H](O)CC(=O)Nc1ncccc1Cl,19737460_14585673
0.34146341463414637,COC(=O)[C@@H](O)CC(=O)Nc1cccc2c1OCO2,38482055_14585673
0.34177215189873417,COC(=O)[C@@H](O)CC(=O)Nc1ccnc(SC)c1,43569745_14585673
0.45454545454545453,O=C(Nc1nncc2ccccc12)c1ccncc1F,20984652_1595320
0.5205479452054794,O=C(Cc1cccs1)Nc1nncc2ccccc12,20984652_157069
0.6417910447761194,CC(C)N[C@H](C)CC(=O)Nc1nncc2ccccc12,20984652_35747434
0.6212121212121212,CC(C)OCC(=O)Nc1nncc2ccccc12,20984652_12243751
0.44155844155844154,Nc1ccnc(C(=O)Nc2nncc3ccccc23)c1,20984652_2456180
0.5970149253731343,CC(C)NC(=O)CC(=O)Nc1nncc2ccccc12,20984652_20204964
0.3466666666666667,COC(=O)[C@@H](O)CC(=O)NCc1nncn1C,19809501_14585673
0.4605263157894737,Cc1ccnnc1C(=O)Nc1nncc2ccccc12,20984652_71611195
0.3783783783783784,COC(=O)[C@@H](O)CC(=O)Nc1ccc([C@@H](C)O)cn1,72225123_14585673
0.527027027027027,Cc1nc(CC(=O)Nc2nncc3ccccc23)co1,20984652_14988220
0.3684210526315789,COC(=O)[C@@H](O)CC(=O)Nc1cccc(CO)c1C,389568_14585673
0.38666666666666666,COC(=O)[C@@H](O)CC(=O)Nc1cccc(C(C)C)n1,40448826_14585673
0.5492957746478874,CCO[C@H](CC)C(=O)Nc1nncc2ccccc12,20984652_37373708
0.6615384615384615,CC[C@@H](C)CC(=O)Nc1nncc2ccccc12,20984652_391783
0.6231884057971014,CCS[C@H](C)CC(=O)Nc1nncc2ccccc12,20984652_2033562
0.48,C[C@H](C(=O)Nc1nncc2ccccc12)c1ccco1,20984652_19726378
0.4305555555555556,COC(=O)[C@@H](O)CC(=O)Nc1nc(C)ncc1C,3591110_14585673
0.3698630136986301,CNc1n[nH]c(NC(=O)C[C@H](O)C(=O)OC)n1,19802099_14585673
0.6323529411764706,C[C@H](CC(=O)Nc1nncc2ccccc12)C(C)(C)N,20984652_40544559
0.5616438356164384,COC[C@H](C)NCC(=O)Nc1nncc2ccccc12,20984652_20376351
0.345679012345679,C#CCOc1ccccc1NC(=O)C[C@H](O)C(=O)OC,9239452_14585673
0.527027027027027,O=C(Cn1cc(F)cn1)Nc1nncc2ccccc12,20984652_26510174
0.5555555555555556,CCC(C)(C)OCC(=O)Nc1nncc2ccccc12,20984652_26515409
0.4605263157894737,O=C1C=C[C@@H](C(=O)Nc2nncc3ccccc23)N=N1,20984652_198676913
0.3783783783783784,COC(=O)[C@@H](O)CC(=O)Nc1ncc(C(C)=O)o1,39068234_14585673
0.3815789473684211,CNc1ncccc1NC(=O)C[C@H](O)C(=O)OC,19770005_14585673
0.47297297297297297,Cn1cc(C(=O)Nc2nncc3ccccc23)cn1,20984652_1088698
0.52,Cn1cc(CC(=O)Nc2nncc3ccccc23)cn1,20984652_20442159
0.4594594594594595,O=C(Nc1nncc2ccccc12)c1cccnc1,20984652_1795
0.4166666666666667,COC(=O)[C@@H](O)CC(=O)Nc1cnnc(Cl)c1,34225738_14585673
0.4,COC(=O)[C@@H](O)CC(=O)Nc1ncc(CO)cc1C,72222036_14585673
0.6515151515151515,CC(C)[C@H](N)CC(=O)Nc1nncc2ccccc12,20984652_170089
0.5507246376811594,CO[C@@H](C)[C@H](O)C(=O)Nc1nncc2ccccc12,20984652_1586415
0.3888888888888889,COC(=O)[C@@H](O)CC(=O)Nc1ccccc1OC,404293_14585673
0.5135135135135135,O=C(Cn1cnnn1)Nc1nncc2ccccc12,20984652_967442
0.48,Cn1ncc(C(=O)Nc2nncc3ccccc23)c1F,20984652_145276015
0.4166666666666667,COC(=O)[C@@H](O)CC(=O)Nc1nnc(Cl)cc1C,39212995_14585673
0.5,C[C@@H](C(=O)Nc1nncc2ccccc12)n1cccc1,20984652_106408
0.3333333333333333,COC(=O)[C@@H](O)CC(=O)NCC[C@H](C)c1ccccc1,11629488_14585673
0.6515151515151515,CS[C@@H](C)CC(=O)Nc1nncc2ccccc12,20984652_5734781
0.4861111111111111,O=C(Nc1nncc2ccccc12)c1ccns1,20984652_4344245
0.3835616438356164,COC(=O)[C@@H](O)CC(=O)Nc1ccc(OC)cn1,14982095_14585673
0.34177215189873417,COC(=O)[C@@H](O)CC(=O)Nc1cc(F)cnc1C#N,72265860_14585673
0.5277777777777778,CO[C@H](CC(C)C)C(=O)Nc1nncc2ccccc12,20984652_96585180
0.34615384615384615,COC(=O)[C@@H](O)CC(=O)NCc1cccnc1F,35570026_14585673
0.2857142857142857,COC(=O)[C@@H](O)CC(=O)N[C@H](CF)C(=O)OC,34326189_14585673
0.5342465753424658,Cc1ccc(CC(=O)Nc2nncc3ccccc23)o1,20984652_1595537
0.6285714285714286,C[C@H](CC(=O)Nc1nncc2ccccc12)NCCO,20984652_35749905
0.3116883116883117,COC(=O)[C@@H](O)CC(=O)N[C@@H](C)c1ncc(F)cn1,91302202_14585673
0.49333333333333335,Cn1cc(C(=O)Nc2nncc3ccccc23)c(F)n1,20984652_203089095
0.3333333333333333,COC(=O)[C@@H](O)CC(=O)NC[C@H](OC)c1ccco1,43336581_14585673
0.4666666666666667,O=C(Nc1nncc2ccccc12)c1ccc(F)nc1,20984652_1682844
0.4246575342465753,COC(=O)[C@@H](O)CC(=O)Nc1nc(F)ccc1Cl,71256078_14585673
0.5416666666666666,COC(=O)C[C@H](N)C(=O)Nc1nncc2ccccc12,20984652_1708458
0.4050632911392405,COC(=O)[C@@H](O)CC(=O)Nc1nccc2cn[nH]c12,34408015_14585673
0.6060606060606061,COCCC(=O)Nc1nncc2ccccc12,20984652_2584375
0.36585365853658536,COC(=O)[C@@H](O)CC(=O)Nc1ccc(C)c2[nH]ncc12,79939861_14585673
0.38461538461538464,COC(=O)[C@@H](O)CC(=O)Nc1nc2ccccc2[nH]1,16889973_14585673
0.38666666666666666,COC(=O)[C@@H](O)CC(=O)Nc1ccc(CO)c(C)n1,72224118_14585673
0.2891566265060241,COC(=O)[C@@H](O)CC(=O)N[C@@H](C)CCc1cn[nH]c1,76573865_14585673
0.5652173913043478,C/C=C/CCC(=O)Nc1nncc2ccccc12,20984652_5132839
0.30434782608695654,COC(=O)[C@@H](C)CNC(=O)C[C@H](O)C(=O)OC,35757368_14585673
0.3783783783783784,COC(=O)[C@@H](O)CC(=O)Nc1ccc(C(F)F)cn1,60107121_14585673
0.3888888888888889,COC(=O)[C@@H](O)CC(=O)Nc1cccc(C)c1,3861040_14585673
0.35135135135135137,COC(=O)[C@@H](O)CC(=O)Nc1nc([C@H](C)O)n[nH]1,43647093_14585673
0.35365853658536583,COC(=O)[C@@H](O)CC(=O)Nc1cnccc1C1CCC1,96135144_14585673
0.52,Cc1ocnc1CC(=O)Nc1nncc2ccccc12,20984652_82838177
0.6363636363636364,N[C@@H](CC(=O)Nc1nncc2ccccc12)C(F)F,20984652_39439655
0.6323529411764706,C[C@@H](CC(=O)Nc1nncc2ccccc12)C(C)(C)N,20984652_40544557
0.35135135135135137,COC(=O)[C@@H](O)CC(=O)Nc1cn(C)nc1Cl,104600194_14585673
0.3611111111111111,CNc1nnc(NC(=O)C[C@H](O)C(=O)OC)s1,32158487_14585673
0.36,COC(=O)[C@@H](O)CC(=O)Nc1cc(C)cc(Cl)n1,21981879_14585673
0.4594594594594595,Nc1nnc(C(=O)Nc2nncc3ccccc23)o1,20984652_74934369
0.3333333333333333,COC(=O)[C@@H](O)CC(=O)N[C@H]1[C@@H](C)[C@H]1c1ccccc1,227697706_14585673
0.4626865671641791,COC(=O)[C@@H](O)CC(=O)Nc1nccnc1F,91252205_14585673
0.3698630136986301,COC(=O)[C@@H](O)CC(=O)NC[C@H](O)c1ccccc1,403284_14585673
0.375,COC(=O)[C@@H](O)CC(=O)Nc1ccc2cccnc2n1,5394946_14585673
0.3333333333333333,COCc1nsc(NC(=O)C[C@H](O)C(=O)OC)n1,49672144_14585673
0.547945205479452,NCCCOCC(=O)Nc1nncc2ccccc12,20984652_1618814
0.4594594594594595,Nc1ccsc1C(=O)Nc1nncc2ccccc12,20984652_1433084
0.40540540540540543,CNc1cncnc1NC(=O)C[C@H](O)C(=O)OC,1654212_14585673
0.42105263157894735,COC(=O)[C@@H](O)CC(=O)Nc1ccc2ccccc2n1,19074717_14585673
0.3670886075949367,COC(=O)[C@@H](O)CC(=O)Nc1cccc(CC#N)n1,72231171_14585673
0.5362318840579711,C[C@@H](NC(C)(C)C)C(=O)Nc1nncc2ccccc12,20984652_2516859
0.3037974683544304,COC(=O)[C@@H](O)CC(=O)N[C@H](C)Cc1ccncc1,11570830_14585673
0.375,COC(=O)[C@@H](O)CC(=O)Nc1cn2ccccc2n1,57791423_14585673
0.5205479452054794,CN[C@@H](CC(N)=O)C(=O)Nc1nncc2ccccc12,20984652_6378924
0.4084507042253521,COC(=O)[C@@H](O)CC(=O)Nc1cccccc1=O,2034019_14585673
0.4861111111111111,Cc1ccccc1C(=O)Nc1nncc2ccccc12,20984652_1850420
0.2916666666666667,COC(=O)[C@@H](O)CC(=O)NC[C@H](C)C[C@@H](C)O,68577332_14585673
0.4025974025974026,COC(=O)[C@@H](O)CC(=O)Nc1csc2ccccc12,30677853_14585673
0.3815789473684211,CNc1ccnc(NC(=O)C[C@H](O)C(=O)OC)n1,32914851_14585673
0.47297297297297297,Nc1cnc(C(=O)Nc2nncc3ccccc23)cn1,20984652_23528995
0.52,Cn1ncc(CC(=O)Nc2nncc3ccccc23)n1,20984652_211827455
0.45454545454545453,Cc1cnccc1C(=O)Nc1nncc2ccccc12,20984652_1420691
0.37333333333333335,COC(=O)[C@@H](O)CC(=O)Nc1cccnc1[C@H](C)O,103191756_14585673
0.47435897435897434,CCc1[nH]ccc1C(=O)Nc1nncc2ccccc12,20984652_82410561
0.4084507042253521,COC(=O)[C@@H](O)CC(=O)Nc1nonc1CO,32617185_14585673
0.6231884057971014,C[C@@H](CC(=O)Nc1nncc2ccccc12)C1CC1,20984652_20259949
0.5352112676056338,O=C(Cc1ncccn1)Nc1nncc2ccccc12,20984652_2540589
0.3783783783783784,COC(=O)[C@@H](O)CC(=O)Nc1nc(=O)cn[nH]1,3070874_14585673
0.35526315789473684,COC(=O)[C@@H](O)CC(=O)Nc1cccc([C@H](C)O)c1,404424_14585673
0.3924050632911392,COC(=O)[C@@H](O)CC(=O)Nc1cccc2cn[nH]c12,112557_14585673
0.38271604938271603,COC(=O)[C@@H](O)CC(=O)Nc1nccc2c1ccn2C,34099541_14585673
0.3125,COC(=O)[C@@H](O)CC(=O)NC(=S)Nc1cc[nH]n1,6953622_14585673
0.5857142857142857,C[C@H](O)C(=O)NCC(=O)Nc1nncc2ccccc12,20984652_104630597
0.6376811594202898,CC[C@@H](O)[C@@H](N)CC(=O)Nc1nncc2ccccc12,20984652_38292440
0.4666666666666667,O=C(Nc1nncc2ccccc12)c1cnc(F)cn1,20984652_137877734
0.5131578947368421,Cc1ncoc1CC(=O)Nc1nncc2ccccc12,20984652_58517527
0.5416666666666666,C#CCOCC(=O)Nc1nncc2ccccc12,20984652_34199943
0.5571428571428572,O=C(COC1CC1)Nc1nncc2ccccc12,20984652_104735165
0.4605263157894737,Cc1nnccc1C(=O)Nc1nncc2ccccc12,20984652_45921027
0.4225352112676056,COC(=O)[C@@H](O)CC(=O)Nc1ncncc1C,39053455_14585673
0.4794520547945205,O=C(Nc1nncc2ccccc12)c1cnsc1,20984652_13534103
0.52,Cc1cc(CC(=O)Nc2nncc3ccccc23)on1,20984652_403274
0.6142857142857143,CC[C@H](C)[C@@H](N)CC(=O)Nc1nncc2ccccc12,20984652_170373
0.5441176470588235,C[C@H](O)[C@@H](N)C(=O)Nc1nncc2ccccc12,20984652_1747073
0.52,COCCC[C@@H](N)C(=O)Nc1nncc2ccccc12,20984652_37753862
0.5492957746478874,COC(=O)C[C@H](C)C(=O)Nc1nncc2ccccc12,20984652_6763328
0.35135135135135137,CCc1ccccc1CNC(=O)C[C@H](O)C(=O)OC,39256405_14585673
0.6567164179104478,CCC[C@H](O)CC(=O)Nc1nncc2ccccc12,20984652_5838229
0.5131578947368421,O=C(CCc1cc[nH]n1)Nc1nncc2ccccc12,20984652_80540513
0.3875,COC(=O)[C@@H](O)CC(=O)Nc1nccn2cccc12,113737398_14585673
0.5441176470588235,CC[C@H](C)C(=O)Nc1nncc2ccccc12,20984652_391203
0.5882352941176471,CC[S@@](=O)CC(=O)Nc1nncc2ccccc12,20984652_19092569
0.4794520547945205,O=C(Nc1nncc2ccccc12)c1ccc(F)o1,20984652_85395459
0.5277777777777778,O=C(Cc1cncnc1)Nc1nncc2ccccc12,20984652_15022135
0.38461538461538464,COC(=O)[C@@H](O)CC(=O)Nc1cccc(C2CC2)n1,18887635_14585673
0.5352112676056338,CC(=O)C[C@@H](N)C(=O)Nc1nncc2ccccc12,20984652_901723
0.3125,COC(=O)[C@@H](O)CC(=O)NCc1cncc(OC)n1,78725128_14585673
0.375,COC(=O)[C@@H](O)CC(=O)Nc1cccc2[nH]ncc12,169219_14585673
0.4246575342465753,COC(=O)[C@@H](O)CC(=O)Nc1nc(C)ccc1Cl,39190998_14585673
0.35526315789473684,COC(=O)[C@@H](O)CC(=O)Nc1nc[nH]c(=O)n1,12358729_14585673
0.671875,CC(C)[C@@H](C)CC(=O)Nc1nncc2ccccc12,20984652_2042250
0.38271604938271603,COC(=O)[C@@H](O)CC(=O)Nc1ncc2cccnc2n1,40434490_14585673
0.5362318840579711,O=C(Nc1nncc2ccccc12)[C@H](O)[C@H](O)CO,20984652_901063
0.6323529411764706,CC[C@H](CC(=O)Nc1nncc2ccccc12)SC,20984652_62766653
0.3835616438356164,COC(=O)[C@@H](O)CC(=O)Nc1cncc(F)n1,91252202_14585673
0.4935064935064935,NCCOC[C@H](N)C(=O)Nc1nncc2ccccc12,20984652_1544494
0.47297297297297297,O=C(Nc1nncc2ccccc12)c1ccc(F)cn1,20984652_2599027
0.5342465753424658,COCC[C@H](N)C(=O)Nc1nncc2ccccc12,20984652_1699922
0.527027027027027,O=C(Cn1nnc(O)n1)Nc1nncc2ccccc12,20984652_4127029
0.3684210526315789,COC(=O)[C@@H](O)CC(=O)Nc1ccncc1OC,14982098_14585673
0.40540540540540543,COC(=O)[C@@H](O)CC(=O)Nc1ncc(Cl)cc1F,16158481_14585673
0.5522388059701493,CO[C@H](C)C(=O)Nc1nncc2ccccc12,20984652_2382888
0.38961038961038963,CCOc1cncnc1NC(=O)C[C@H](O)C(=O)OC,253382995_14585673
0.35526315789473684,COC(=O)[C@@H](O)CC(=O)Nc1cccc(OC)c1F,21304522_14585673
0.4935064935064935,O=C(CCc1ccno1)Nc1nncc2ccccc12,20984652_4997825
0.6515151515151515,CC(=O)[C@@H](N)CC(=O)Nc1nncc2ccccc12,20984652_5434383
0.3561643835616438,COC(=O)[C@@H](O)CC(=O)N[C@H](c1ccccc1)C(C)C,4207401_14585673
0.3783783783783784,COC(=O)[C@@H](O)CC(=O)Nc1c(F)ccnc1F,148049233_14585673
0.5882352941176471,COC(=O)NCC(=O)Nc1nncc2ccccc12,20984652_2562526
0.6615384615384615,CN[C@@H](C)CC(=O)Nc1nncc2ccccc12,20984652_13347072
0.38666666666666666,COC(=O)[C@@H](O)CC(=O)Nc1cnccc1CO,4352659_14585673
0.5555555555555556,CC(C)CN(C)CC(=O)Nc1nncc2ccccc12,20984652_1677388
0.5205479452054794,O=C(Cc1cnns1)Nc1nncc2ccccc12,20984652_82839640
0.379746835443038,COC(=O)[C@@H](O)CC(=O)Nc1nnc2ccccn12,8616242_14585673
0.5942028985507246,CCC(CC)OCC(=O)Nc1nncc2ccccc12,20984652_74938108
0.6515151515151515,C[C@H](CC(=O)Nc1nncc2ccccc12)[C@@H](C)N,20984652_72208145
0.3466666666666667,COC(=O)[C@@H](O)CC(=O)N[C@@H](C)Cc1ccccc1,6021033_14585673
0.35064935064935066,COC(=O)[C@@H](O)CC(=O)Nc1cc(OC)ncc1C,88189856_14585673
0.48717948717948717,O=C(CCc1ncn[nH]1)Nc1nncc2ccccc12,20984652_42041189
0.358974358974359,CCCn1cnnc1NC(=O)C[C@H](O)C(=O)OC,5844993_14585673
0.39436619718309857,COC(=O)[C@@H](O)CC(=O)Nc1nccnn1,1737540_14585673
0.52,Cc1cncn1CC(=O)Nc1nncc2ccccc12,20984652_39320988
0.5285714285714286,C/C=C/[C@H](O)C(=O)Nc1nncc2ccccc12,20984652_34083798
0.4935064935064935,O=C(CCc1cnc[nH]1)Nc1nncc2ccccc12,20984652_91688852
0.5633802816901409,COCC(=O)NCC(=O)Nc1nncc2ccccc12,20984652_20205651
0.4861111111111111,Cc1cnc(C(=O)Nc2nncc3ccccc23)nc1,20984652_26461415
0.5131578947368421,Cc1cc(CC(=O)Nc2nncc3ccccc23)n[nH]1,20984652_1295983
0.6231884057971014,CCC[C@@H](CC)CC(=O)Nc1nncc2ccccc12,20984652_2006814
0.5441176470588235,C[C@H](N)[C@@H](O)C(=O)Nc1nncc2ccccc12,20984652_13352867
0.3684210526315789,COC(=O)c1cnc(NC(=O)C[C@H](O)C(=O)OC)o1,15021590_14585673
0.35,COCCn1nccc1NC(=O)C[C@H](O)C(=O)OC,39118690_14585673
0.37333333333333335,COC(=O)[C@@H](O)CC(=O)Nc1cccnc1[C@@H](C)O,103191759_14585673
0.52,Cc1oncc1CC(=O)Nc1nncc2ccccc12,20984652_82410135
0.5205479452054794,O=C(Cc1cnc[nH]1)Nc1nncc2ccccc12,20984652_19735138
0.28169014084507044,COC(=O)[C@@H](NC(=O)C[C@H](O)C(=O)OC)[C@@H](C)F,39254740_14585673
0.48717948717948717,O=C(CCc1ncon1)Nc1nncc2ccccc12,20984652_26461158
0.4533333333333333,Nc1cnncc1C(=O)Nc1nncc2ccccc12,20984652_39083039
0.6417910447761194,O=C(C[C@H](O)C1CC1)Nc1nncc2ccccc12,20984652_38391880
0.36585365853658536,COC(=O)[C@@H](O)CC(=O)Nc1nc(C)c2ccccn12,75843679_14585673
0.37037037037037035,COC(=O)[C@@H](O)CC(=O)Nc1c(C)nc2ccccn12,20357620_14585673
0.3717948717948718,CCOc1ncccc1NC(=O)C[C@H](O)C(=O)OC,19754170_14585673
0.5066666666666667,Nc1cnn(CC(=O)Nc2nncc3ccccc23)n1,20984652_82409814
0.40789473684210525,CCc1ccc(C#N)c(NC(=O)C[C@H](O)C(=O)OC)n1,82408885_14585673
0.6142857142857143,CC[C@@H](C)[C@@H](N)CC(=O)Nc1nncc2ccccc12,20984652_170370
0.4666666666666667,Cc1cc(C(=O)Nc2nncc3ccccc23)cnn1,20984652_82837056
0.5428571428571428,COC[C@@H](C)C(=O)Nc1nncc2ccccc12,20984652_35755627
0.4189189189189189,COC(=O)[C@@H](O)CC(=O)Nc1ncccc1SC,39051061_14585673
0.45454545454545453,O=C(Nc1nncc2ccccc12)c1ccn(CO)n1,20984652_2537616
0.358974358974359,COC(=O)[C@@H](O)CC(=O)Nc1ccc(CC#N)nc1,72231321_14585673
0.36486486486486486,CCOc1cnc(NC(=O)C[C@H](O)C(=O)OC)nc1,39053265_14585673
0.3375,COC(=O)[C@@H](O)CC(=O)NCCc1cccc(F)n1,44399209_14585673
0.358974358974359,COC(=O)[C@@H](O)CC(=O)Nc1cc(CC(=O)O)n[nH]1,16696916_14585673
0.3670886075949367,COC(=O)[C@@H](O)CC(=O)Nc1cc2ccccn2n1,84312700_14585673
0.6142857142857143,CC[C@@H](C)[C@H](N)CC(=O)Nc1nncc2ccccc12,20984652_170366
0.5507246376811594,CC[C@@H](OC)C(=O)Nc1nncc2ccccc12,20984652_19091086
0.4177215189873418,COC(=O)[C@@H](O)CC(=O)Nc1nc(C)n2ccccc12,75537928_14585673
0.3684210526315789,COC(=O)[C@@H](O)CC(=O)Nc1cccc(CO)c1F,59268605_14585673
0.3918918918918919,COC(=O)[C@@H](O)CC(=O)Nc1nn(C(C)C)cc1C,35655698_14585673
0.3972602739726027,COC(=O)[C@@H](O)CC(=O)Nc1nccnc1C(C)C,84026652_14585673
0.5428571428571428,NCC[C@@H](O)C(=O)Nc1nncc2ccccc12,20984652_2019612
0.39436619718309857,COC(=O)[C@@H](O)CC(=O)Nc1nnc(C)c(C)n1,154796_14585673
0.3466666666666667,CCc1cc(NC(=O)C[C@H](O)C(=O)OC)n[nH]1,12359712_14585673
0.4,COC(=O)[C@@H](O)CC(=O)Nc1noc2cccc(C)c12,82046615_14585673
0.4935064935064935,O=C(CCc1cnco1)Nc1nncc2ccccc12,20984652_40542805
0.4246575342465753,COC(=O)[C@@H](O)CC(=O)Nc1nc(OC)ccc1C,82046902_14585673
0.6515151515151515,CS[C@H](C)CC(=O)Nc1nncc2ccccc12,20984652_5751156
0.5555555555555556,COC1(CC(=O)Nc2nncc3ccccc23)CCC1,20984652_95740497
0.2962962962962963,COC(=O)[C@@H](O)CC(=O)NCC[C@H](O)c1ccco1,19674832_14585673
0.5205479452054794,C[C@@H](NC(=O)CN)C(=O)Nc1nncc2ccccc12,20984652_1605215
0.47297297297297297,Cc1ccc(C(=O)Nc2nncc3ccccc23)nn1,20984652_34088241
0.46153846153846156,CO[C@H]1CCC[C@@H]1C(=O)Nc1nncc2ccccc12,20984652_62759122
0.2857142857142857,CCC(CC)C(=O)NC(=O)C[C@H](O)C(=O)OC,394088_14585673
0.52,O=C(Cc1cc(O)on1)Nc1nncc2ccccc12,20984652_38803704
0.3972602739726027,COC(=O)[C@@H](O)CC(=O)Nc1nnn(C)c1C(=O)O,104643604_14585673
0.3835616438356164,COC(=O)[C@@H](O)CC(=O)Nc1ccnc(C)n1,333686_14585673
0.3291139240506329,COC(=O)[C@@H](O)CC(=O)N[C@@H](C)c1ccncc1C,83267503_14585673
0.5277777777777778,O=C(Nc1nncc2ccccc12)[C@@H](O)CCCO,20984652_13539235
0.4868421052631579,CCc1ccc(C(=O)Nc2nncc3ccccc23)[nH]1,20984652_76819524
0.34146341463414637,COC(=O)[C@@H](O)CC(=O)Nc1c(C)ccc2nonc12,168116357_14585673
0.25,COC[C@H](O)CNCCNC(=O)C[C@H](O)C(=O)OC,22871064_14585673
0.5671641791044776,NC[C@H](O)C(=O)Nc1nncc2ccccc12,20984652_2034711
0.4605263157894737,O=C(Nc1nncc2ccccc12)c1cncc(F)n1,20984652_60109085
0.35064935064935066,COC(=O)[C@@H](O)CC(=O)Nc1cc(C)nn1C(C)C,4235021_14585673
0.6417910447761194,C[C@@H](CC(=O)Nc1nncc2ccccc12)C(C)(C)O,20984652_84327982
0.6176470588235294,NC[C@@H](CO)CC(=O)Nc1nncc2ccccc12,20984652_38482053
0.34523809523809523,COC(=O)[C@@H](O)CC(=O)Nc1cnn2ccc(C)cc12,238541234_14585673
0.39473684210526316,COC(=O)[C@@H](O)CC(=O)Nc1cc(SC)cnn1,30678126_14585673
0.5507246376811594,CO[C@H](C)[C@@H](O)C(=O)Nc1nncc2ccccc12,20984652_1586418
0.37662337662337664,COC(=O)[C@@H](O)CC(=O)Nc1n[nH]cc1C1CC1,26897708_14585673
0.5131578947368421,O=C(CCc1cn[nH]c1)Nc1nncc2ccccc12,20984652_19090129
0.48,CCC1(C(=O)Nc2nncc3ccccc23)CC(C)C1,20984652_77260354
0.4666666666666667,Cn1ccc(C(=O)Nc2nncc3ccccc23)n1,20984652_1088696
0.35526315789473684,COC(=O)[C@@H](O)CC(=O)Nc1cccc(Cl)c1F,403487_14585673
0.3783783783783784,COC(=O)[C@@H](O)CC(=O)NC[C@H](F)c1ccccc1,39258264_14585673
0.5774647887323944,CCC[C@H](C)OCC(=O)Nc1nncc2ccccc12,20984652_5561066
0.3815789473684211,CCCc1c[nH]nc1NC(=O)C[C@H](O)C(=O)OC,95924195_14585673
0.5428571428571428,CC[C@@H](C)[C@@H](O)C(=O)Nc1nncc2ccccc12,20984652_5922661
0.36,COC(=O)[C@@H](O)CC(=O)Nc1cccc(OC)c1,157531_14585673
0.44871794871794873,O=C(Nc1nncc2ccccc12)[C@@H]1C=CCNC1,20984652_33796309
0.527027027027027,Cn1cccc1CC(=O)Nc1nncc2ccccc12,20984652_5783630
0.5285714285714286,C[C@H](O)C(F)(F)C(=O)Nc1nncc2ccccc12,20984652_52266220
0.36363636363636365,CCc1ccnc(NC(=O)C[C@H](O)C(=O)OC)n1,34333233_14585673
0.4935064935064935,O=C(CCn1cnnn1)Nc1nncc2ccccc12,20984652_1088365
0.4794520547945205,Cc1ccc(C(=O)Nc2nncc3ccccc23)o1,20984652_62699
0.34177215189873417,CCc1cc(=O)[nH]c(NC(=O)C[C@H](O)C(=O)OC)n1,30714364_14585673
0.33766233766233766,COC(=O)[C@@H](O)CC(=O)Nc1cc(OC)ccc1F,21304447_14585673
0.4675324675324675,CCn1ccc(C(=O)Nc2nncc3ccccc23)n1,20984652_392140
0.35135135135135137,CC[C@H](NC(=O)C[C@H](O)C(=O)OC)c1ccccc1,1665102_14585673
0.4166666666666667,COC(=O)[C@@H](O)CC(=O)Nc1ncc(C)c(C)c1C,147584853_14585673
0.52,Cc1occc1CC(=O)Nc1nncc2ccccc12,20984652_39648491
0.4050632911392405,COC(=O)[C@@H](O)CC(=O)Nc1ncccc1C1CCC1,163084809_14585673
0.44155844155844154,O=C(Nc1nncc2ccccc12)c1cnccc1O,20984652_8672850
0.36363636363636365,COC(=O)[C@@H](O)CC(=O)Nc1cnccc1SC,34617262_14585673
0.35064935064935066,CCNc1cccc(NC(=O)C[C@H](O)C(=O)OC)c1,34997238_14585673
0.5797101449275363,COC(=O)CCCC(=O)Nc1nncc2ccccc12,20984652_1609498
0.34615384615384615,COC(=O)[C@@H](O)CC(=O)N[C@@H](C)c1cccc(F)n1,104665084_14585673
0.35365853658536583,COC(=O)[C@@H](O)CC(=O)Nc1nc2cccc(C)n2n1,71864233_14585673
0.3815789473684211,COC(=O)[C@@H](O)CC(=O)Nc1ccc(C2CC2)nn1,18854787_14585673
0.34146341463414637,COC(=O)[C@@H](O)CC(=O)Nc1ccnn2ccnc12,75524735_14585673
0.31645569620253167,COC(=O)[C@@H](O)CC(=O)N[C@H](C)c1ccc(F)cn1,59202790_14585673
0.26666666666666666,CCCC[C@@H](NC(=O)C[C@H](O)C(=O)OC)C(=O)OC,55157323_14585673
0.527027027027027,Cc1cnn(CC(=O)Nc2nncc3ccccc23)c1,20984652_2549481
0.45454545454545453,Nc1cnccc1C(=O)Nc1nncc2ccccc12,20984652_165882
0.4305555555555556,COC(=O)[C@@H](O)CC(=O)Nc1ncnc(F)c1C,39053527_14585673
0.3783783783783784,CCc1ccc(NC(=O)C[C@H](O)C(=O)OC)nc1,33965991_14585673
0.4430379746835443,C[C@@]1(C(=O)Nc2nncc3ccccc23)CC[C@H](O)C1,20984652_199943700
0.5833333333333334,NC[C@H](CC(=O)Nc1nncc2ccccc12)C1CC1,20984652_78724766
0.4473684210526316,Nc1nc(C(=O)Nc2nncc3ccccc23)n[nH]1,20984652_1239568
0.527027027027027,O=C(Cc1ncc(O)[nH]1)Nc1nncc2ccccc12,20984652_101788259
0.34146341463414637,COC(=O)[C@@H](O)CC(=O)Nc1ncc2n1CCC2,82835749_14585673
0.4,COC(=O)[C@@H](O)CC(=O)Nc1sncc1C,82835590_14585673
0.52,Cn1cncc1CC(=O)Nc1nncc2ccccc12,20984652_12496497
0.4675324675324675,COc1ccoc1C(=O)Nc1nncc2ccccc12,20984652_43214692
0.48,Cc1c(C(=O)Nc2nncc3ccccc23)ncn1C,20984652_66354495
0.29577464788732394,COC(=O)[C@@H](O)CC(=O)N[C@H](C)CC(=O)NC(C)C,37475630_14585673
0.3783783783783784,CCc1cnc(NC(=O)C[C@H](O)C(=O)OC)o1,54159074_14585673
0.36486486486486486,COC(=O)[C@@H](O)CC(=O)Nc1ccc(C)c(F)c1,164593_14585673
0.4027777777777778,COC(=O)[C@@H](O)CC(=O)Nc1cccc(Cl)n1,19735874_14585673
0.4189189189189189,COC(=O)[C@@H](O)CC(=O)Nc1ncccc1[C@@H](C)O,21985758_14585673
0.4666666666666667,Cc1cccc(C(=O)Nc2nncc3ccccc23)n1,20984652_336720
0.4861111111111111,Nc1ncc(C(=O)Nc2nncc3ccccc23)s1,20984652_1762884
0.36363636363636365,CC[C@@H](C)c1ccccc1NC(=O)C[C@H](O)C(=O)OC,4520944_14585673
0.3684210526315789,COC(=O)[C@@H](O)CC(=O)Nc1nccc(OC)n1,332004_14585673
0.4605263157894737,Cn1nnc(C(=O)Nc2nncc3ccccc23)c1N,20984652_95761717
0.3,COC(=O)[C@@H](O)CC(=O)N[C@H](C)Cc1cccs1,4384267_14585673
0.3291139240506329,CC[C@@H](NC(=O)C[C@H](O)C(=O)OC)c1ccccn1,19091453_14585673
0.5205479452054794,O=C(Nc1nncc2ccccc12)[C@@H](O)CC1CC1,20984652_104709500
0.527027027027027,CCCCC[C@@H](O)C(=O)Nc1nncc2ccccc12,20984652_3846439
0.4794520547945205,O=C(Nc1nncc2ccccc12)c1ncc(F)cn1,20984652_85219504
0.5633802816901409,COCCOCC(=O)Nc1nncc2ccccc12,20984652_1716460
0.2898550724637681,COC(=O)[C@@H](NC(=O)C[C@H](O)C(=O)OC)C(C)C,54954741_14585673
0.3466666666666667,COC(=O)[C@@H](O)CC(=O)N[C@@H](C)[C@@H](C)c1ccccc1,1670066_14585673
0.5694444444444444,CCC[C@H](O)CCC(=O)Nc1nncc2ccccc12,20984652_3846436
0.5066666666666667,O=C(Cc1cocn1)Nc1nncc2ccccc12,20984652_20417411
0.37662337662337664,CNCc1cccc(NC(=O)C[C@H](O)C(=O)OC)n1,39050966_14585673
0.5774647887323944,CCOC(=O)NCC(=O)Nc1nncc2ccccc12,20984652_4887178
0.3333333333333333,COC(=O)[C@@H](O)CC(=O)NCc1cn[nH]c1,12351305_14585673
0.3333333333333333,COCc1noc(NC(=O)C[C@H](O)C(=O)OC)n1,52708835_14585673
0.5135135135135135,O=C(Cn1ccnc1)Nc1nncc2ccccc12,20984652_19735340
0.4533333333333333,O=C(Nc1nncc2ccccc12)c1cccc(O)c1,20984652_388754
0.3875,COC(=O)[C@@H](O)CC(=O)Nc1cccc2cnoc12,82836803_14585673
0.34146341463414637,COC(=O)[C@@H](O)CC(=O)NCc1cc2ccccc2o1,19486302_14585673
0.5428571428571428,NC(=O)CSCC(=O)Nc1nncc2ccccc12,20984652_1612017
0.3493975903614458,COC(=O)[C@@H](O)CC(=O)Nc1ncc2c(C)n[nH]c2n1,72207110_14585673
0.44155844155844154,O=C(Nc1nncc2ccccc12)c1ccc(=O)[nH]n1,20984652_1087916
0.5522388059701493,CC(C)(C)[C@H](O)C(=O)Nc1nncc2ccccc12,20984652_4975727
0.4230769230769231,COC(=O)[C@@H](O)CC(=O)Nc1nccc2ccncc12,20984640_14585673
0.2777777777777778,CC[C@H](NC(=O)C[C@H](O)C(=O)OC)[C@H](O)C(=O)OC,78725158_14585673
0.5135135135135135,O=C(Cc1csnn1)Nc1nncc2ccccc12,20984652_82839641
0.47435897435897434,C[C@H](C#N)C[C@H](N)C(=O)Nc1nncc2ccccc12,20984652_13355525
0.30952380952380953,COC(=O)[C@@H](O)CC(=O)N[C@@H]1CCn2c(C)cnc21,18727487_14585673
0.6615384615384615,C[C@H](CN)CC(=O)Nc1nncc2ccccc12,20984652_13818301
0.35526315789473684,COC(=O)[C@@H](O)CC(=O)Nc1cn(C(F)F)nn1,685951193_14585673
0.6056338028169014,C[C@H](CC(=O)Nc1nncc2ccccc12)C1CCC1,20984652_82839044
0.38666666666666666,COC(=O)[C@@H](O)CC(=O)Nc1cccc(C(=O)O)n1,336886_14585673
0.5277777777777778,CCC(=O)N[C@H](C)C(=O)Nc1nncc2ccccc12,20984652_2030276
0.36585365853658536,COC(=O)[C@@H](O)CC(=O)Nc1[nH]nc2nnccc12,25924205_14585673
0.5138888888888888,CC[C@H](NC(C)C)C(=O)Nc1nncc2ccccc12,20984652_37183262
0.35443037974683544,CCOc1cncc(NC(=O)C[C@H](O)C(=O)OC)c1,14982058_14585673
0.36,COC(=O)[C@@H](O)CC(=O)Nc1cccc(O)c1OC,34268616_14585673
0.32926829268292684,COC(=O)[C@@H](O)CC(=O)Nc1cccc(C2CCC2)c1,72193160_14585673
0.3333333333333333,COC(=O)[C@@H](O)CC(=O)N[C@H](CO)c1ccccn1,39050026_14585673
0.3466666666666667,COC(=O)[C@@H](O)CC(=O)N[C@@H](CF)c1ccccc1,20285792_14585673
0.5135135135135135,O=C(Cc1cnco1)Nc1nncc2ccccc12,20984652_20417413
0.39436619718309857,COC(=O)[C@@H](O)CC(=O)Nc1cnc(OC)cn1,33358876_14585673
0.6417910447761194,CC(C)C[C@H](C)CC(=O)Nc1nncc2ccccc12,20984652_2578823
0.31645569620253167,COCc1noc(NC(=O)C[C@H](O)C(=O)OC)c1C,26512578_14585673
0.4605263157894737,Cc1scnc1C(=O)Nc1nncc2ccccc12,20984652_20357791
0.34210526315789475,COC(=O)[C@@H](O)CC(=O)Nc1ccc(OC)c(F)c1,389573_14585673
0.4722222222222222,O=C(Nc1nncc2ccccc12)c1cccs1,20984652_157468
0.3972602739726027,COC(=O)[C@@H](O)CC(=O)Nc1cccc(OC)n1,19736831_14585673
0.4657534246575342,O=C(Nc1nncc2ccccc12)c1csnn1,20984652_967389
0.5068493150684932,COC[C@@](C)(OC)C(=O)Nc1nncc2ccccc12,20984652_53198654
0.34177215189873417,COC(=O)[C@@H](O)CC(=O)NCCc1cccnn1,26461182_14585673
0.3333333333333333,COCCn1ccnc1NC(=O)C[C@H](O)C(=O)OC,98213878_14585673
0.358974358974359,C/N=C(/NC(=O)C[C@H](O)C(=O)OC)c1ccccn1,32166315_14585673
0.36619718309859156,COC(=O)[C@@H](O)CC(=O)Nc1nnn[nH]1,8100872_14585673
0.34615384615384615,COC(=O)[C@@H](O)CC(=O)Nc1ccnc(CO)c1C,104506970_14585673
0.48,O=C(Nc1nncc2ccccc12)[C@@H](O)c1ccco1,20984652_221509
0.3013698630136986,COC(=O)[C@@H](O)CC(=O)NC[C@@H](C)CC(F)(F)F,34075456_14585673
0.47297297297297297,Cc1ccoc1C(=O)Nc1nncc2ccccc12,20984652_2560477
0.410958904109589,COC(=O)[C@@H](O)CC(=O)Nc1ncc(O)cc1C,35569723_14585673
0.27380952380952384,COCc1ocnc1CNC(=O)C[C@H](O)C(=O)OC,82631609_14585673
0.44871794871794873,N[C@@H](C(=O)Nc1nncc2ccccc12)c1ccc[nH]1,20984652_59743626
0.5735294117647058,CNC(=O)CCCC(=O)Nc1nncc2ccccc12,20984652_35721147
0.3783783783783784,COC(=O)[C@@H](O)CC(=O)Nc1cnc(C#N)s1,39134554_14585673
0.3717948717948718,COC(=O)[C@@H](O)CC(=O)Nc1ccc2c(c1)=NC(=O)N=2,100063390_14585673
0.3561643835616438,C#Cc1ccc(NC(=O)C[C@H](O)C(=O)OC)cc1,2534484_14585673
0.5205479452054794,CCCC[C@H](N)C(=O)Nc1nncc2ccccc12,20984652_1529322
0.4675324675324675,CCc1nc(C(=O)Nc2nncc3ccccc23)co1,20984652_34924959
0.5652173913043478,NC(=O)C[C@@H](O)C(=O)Nc1nncc2ccccc12,20984652_5131909
0.5441176470588235,C[C@H](O)[C@H](N)C(=O)Nc1nncc2ccccc12,20984652_1747072
0.2777777777777778,COC(=O)[C@H](O)NC(=O)NC(=O)C[C@H](O)C(=O)OC,2025412_14585673
0.4473684210526316,Nc1nccnc1C(=O)Nc1nncc2ccccc12,20984652_967253
0.5285714285714286,CSC[C@@H](C)C(=O)Nc1nncc2ccccc12,20984652_34128013
0.5205479452054794,COC[C@@H](C(=O)Nc1nncc2ccccc12)N(C)C,20984652_36466213
0.52,CCCC/C=C/CC(=O)Nc1nncc2ccccc12,20984652_2037383
0.47297297297297297,Cn1cc(C(=O)Nc2nncc3ccccc23)nn1,20984652_20446453
0.4722222222222222,O=C(Nc1nncc2ccccc12)c1cnns1,20984652_5426002
0.5205479452054794,O=C(Cc1cncs1)Nc1nncc2ccccc12,20984652_6499760
0.43661971830985913,COC(=O)[C@@H](O)CC(=O)Nc1ncccc1C,402702_14585673
0.35526315789473684,CC[C@H](CNC(=O)C[C@H](O)C(=O)OC)c1ccccc1,3621803_14585673
0.4722222222222222,O=C(Nc1nncc2ccccc12)c1ccc(O)cc1,20984652_332752
0.325,COC(=O)[C@@H](O)CC(=O)NCc1cccc(OC)n1,20446131_14585673
0.33766233766233766,COC(=O)[C@@H](O)CC(=O)NCCCc1ccccc1,1561633_14585673
0.45454545454545453,Cc1nccc(C(=O)Nc2nncc3ccccc23)n1,20984652_19737067
0.410958904109589,COC(=O)[C@@H](O)CC(=O)Nc1nc(=O)[nH]cc1F,896546_14585673
0.6142857142857143,CC[C@H](C)[C@H](N)CC(=O)Nc1nncc2ccccc12,20984652_170368
0.3918918918918919,COC(=O)[C@@H](O)CC(=O)Nc1ccc(N(C)C)nc1,5698869_14585673
0.4794520547945205,O=C(Nc1nncc2ccccc12)c1cc[nH]n1,20984652_5324338
0.3125,COC(=O)[C@@H](O)CC(=O)NC[C@@H](O)c1cnn(C)c1,20216670_14585673
0.5135135135135135,Nc1cnn(CC(=O)Nc2nncc3ccccc23)c1,20984652_2537419
0.47297297297297297,Cc1csc(C(=O)Nc2nncc3ccccc23)n1,20984652_11764179
0.4594594594594595,O=C(Nc1nncc2ccccc12)c1ccc(O)cn1,20984652_334926
0.4675324675324675,C[C@@H](C(=O)Nc1nncc2ccccc12)c1ccn[nH]1,20984652_80058502
0.2777777777777778,COC(=O)[C@H](CSC)NC(=O)C[C@H](O)C(=O)OC,22055362_14585673
0.4473684210526316,O=C(Nc1nncc2ccccc12)c1nocc1O,20984652_14980359
0.3466666666666667,COC(=O)[C@@H](O)CC(=O)NC(=N)Cc1ccccc1,331952_14585673
0.3176470588235294,COC(=O)[C@@H](O)CC(=O)NCc1cn2ccccc2n1,2456080_14585673
0.38461538461538464,COC(=O)[C@@H](O)CC(=O)Nc1nn(CCF)cc1C,87775449_14585673
0.5135135135135135,O=C(Cc1ccno1)Nc1nncc2ccccc12,20984652_20417415
0.5205479452054794,COC[C@H](C)[C@@H](C)C(=O)Nc1nncc2ccccc12,20984652_86338185
0.5068493150684932,COC[C@](C)(OC)C(=O)Nc1nncc2ccccc12,20984652_53198655
0.547945205479452,COCCCCCC(=O)Nc1nncc2ccccc12,20984652_19091104
0.36,CCn1cc(NC(=O)C[C@H](O)C(=O)OC)nn1,19089904_14585673
0.39705882352941174,COC(=O)[C@@H](O)CC(=O)Nc1cc(C)nc(C)c1,331934_14585673
0.3375,COC(=O)[C@@H](O)CC(=O)Nc1cccc(OC)c1C#N,21304506_14585673
0.6417910447761194,CC(C)C[C@@H](C)CC(=O)Nc1nncc2ccccc12,20984652_20259963
0.6231884057971014,CCS[C@@H](C)CC(=O)Nc1nncc2ccccc12,20984652_1757857
0.44155844155844154,Nc1ccnnc1C(=O)Nc1nncc2ccccc12,20984652_19854095
0.3684210526315789,CNc1cccc(F)c1NC(=O)C[C@H](O)C(=O)OC,37419150_14585673
0.32098765432098764,COC(=O)[C@@H](O)CC(=O)NCc1cccnc1OC,19254823_14585673
0.3375,CC[C@@H](C)n1ncc(NC(=O)C[C@H](O)C(=O)OC)n1,98108502_14585673
0.375,COC(=O)[C@@H](O)CC(=O)Nc1cncc2cnccc12,24602298_14585673
0.4246575342465753,COC(=O)[C@@H](O)CC(=O)Nc1ncc(C)nc1Cl,21300754_14585673
0.36363636363636365,COC(=O)[C@@H](O)CC(=O)Nc1cnc(C2CC2)cn1,18854801_14585673
0.5571428571428572,CN(C)C[C@H](O)C(=O)Nc1nncc2ccccc12,20984652_1683311
0.5135135135135135,O=C(C[C@H]1CCC[C@@H]1O)Nc1nncc2ccccc12,20984652_39275665
0.4931506849315068,CO[C@@H]1[C@H](C(=O)Nc2nncc3ccccc23)C1(C)C,20984652_76576516
0.5942028985507246,CC(=O)OCCC(=O)Nc1nncc2ccccc12,20984652_14507045
0.33766233766233766,CCc1cc(NC(=O)C[C@H](O)C(=O)OC)ccc1F,116257440_14585673
0.3333333333333333,COC(=O)[C@@H](O)CC(=O)N[C@H](C#N)c1cccnc1,19985756_14585673
0.4605263157894737,O=C1C=C[C@H](C(=O)Nc2nncc3ccccc23)N=N1,20984652_198676931
0.4594594594594595,O=C(Nc1nncc2ccccc12)c1cnco1,20984652_49632635
0.52,Cc1nnnn1CC(=O)Nc1nncc2ccccc12,20984652_4529737
0.5857142857142857,C[C@@H](O)CNCC(=O)Nc1nncc2ccccc12,20984652_34286884
0.59375,NCCC(=O)Nc1nncc2ccccc12,20984652_4658555
0.4,COC(=O)[C@@H](O)CC(=O)Nc1cccc2ccnnc12,24602504_14585673
0.3333333333333333,COC(=O)[C@@H](O)CC(=O)Nc1ncnc(CC#N)n1,199744626_14585673
0.5633802816901409,N[C@@H](CCC(=O)Nc1nncc2ccccc12)C(O)O,20984652_98208956
0.5066666666666667,CN(C)CC[C@@H](N)C(=O)Nc1nncc2ccccc12,20984652_19430012
0.5857142857142857,CC(C)OCCC(=O)Nc1nncc2ccccc12,20984652_12481080
0.44155844155844154,Nc1nnccc1C(=O)Nc1nncc2ccccc12,20984652_4202687
0.37142857142857144,COC(=O)[C@@H](O)CC(=O)Nc1ccc(OC)cc1,4556034_14585673
0.5694444444444444,CCCCOCC(=O)Nc1nncc2ccccc12,20984652_1712617
0.36486486486486486,COC(=O)[C@@H](O)CC(=O)Nc1cc(CO)nn1C,95098630_14585673
0.5416666666666666,NC(=O)[C@@H](N)CCC(=O)Nc1nncc2ccccc12,20984652_2508203
0.4666666666666667,O=C(Nc1nncc2ccccc12)c1coc(F)n1,20984652_44184990
0.5,CCC(C)(C)[C@@H](N)C(=O)Nc1nncc2ccccc12,20984652_14967110
0.6470588235294118,CN(C)C[C@H](O)CC(=O)Nc1nncc2ccccc12,20984652_1671843
0.34177215189873417,CC[C@@H](C)n1nccc1NC(=O)C[C@H](O)C(=O)OC,3888102_14585673
0.6363636363636364,NC[C@H](N)CC(=O)Nc1nncc2ccccc12,20984652_40448663
0.35802469135802467,COC(=O)[C@@H](O)CC(=O)Nc1nc2c(C)cccn2n1,71864342_14585673
0.5362318840579711,C[C@H](NC(C)(C)C)C(=O)Nc1nncc2ccccc12,20984652_2516911
0.36486486486486486,COC(=O)[C@@H](O)CC(=O)NC[C@H](C)c1ccccc1,1506851_14585673
0.5416666666666666,CCCC[C@H](O)C(=O)Nc1nncc2ccccc12,20984652_2033564
0.5,C[C@H](NC(=N)O)C(=O)Nc1nncc2ccccc12,20984652_82071076
0.5135135135135135,O=C(Cc1ccsc1)Nc1nncc2ccccc12,20984652_334136
0.5066666666666667,COCCO[C@H](C)C(=O)Nc1nncc2ccccc12,20984652_19431294
0.6231884057971014,C[C@@H](N)C[C@@H](N)CC(=O)Nc1nncc2ccccc12,20984652_1703904
0.3493975903614458,COC(=O)[C@@H](O)CC(=O)Nc1cc(C)c2cn[nH]c2c1,14984625_14585673
0.3125,C#C[C@@H](NC(=O)C[C@H](O)C(=O)OC)c1ccccc1F,83947013_14585673
0.5352112676056338,C[C@@H](CC(N)=O)C(=O)Nc1nncc2ccccc12,20984652_38391883
0.38666666666666666,COC(=O)[C@@H](O)CC(=O)Nc1ccnnc1C(=O)O,19854095_14585673
0.5,O=C(CCc1ccc[nH]1)Nc1nncc2ccccc12,20984652_40448333
0.3037974683544304,COC(=O)[C@@H](O)CC(=O)N[C@H](C)c1ccnn1C,12394146_14585673
0.5757575757575758,O=C(Nc1nncc2ccccc12)[C@@H](O)CO,20984652_2040502
0.5352112676056338,CC[C@@](C)(O)[C@H](O)C(=O)Nc1nncc2ccccc12,20984652_895979
0.5068493150684932,NCCC[C@H](N)C(=O)Nc1nncc2ccccc12,20984652_1532530
0.4675324675324675,C[C@@H](C(=O)Nc1nncc2ccccc12)n1cccn1,20984652_12396105
0.5277777777777778,O=C(Cc1ccncc1)Nc1nncc2ccccc12,20984652_157065
0.35064935064935066,COC(=O)[C@@H](O)CC(=O)Nc1cc(C)nc(OC)n1,25491744_14585673
0.36486486486486486,COC(=O)[C@@H](O)CC(=O)Nc1ncc(C#N)cn1,2559851_14585673
0.35064935064935066,COC(=O)[C@@H](O)CC(=O)NCc1ccc(C)nc1C,39050082_14585673
0.4027777777777778,CCc1nonc1NC(=O)C[C@H](O)C(=O)OC,16752464_14585673
0.41333333333333333,C#Cc1cccnc1NC(=O)C[C@H](O)C(=O)OC,72230789_14585673
0.3684210526315789,COC(=O)[C@@H](O)CC(=O)Nc1ccccc1CCO,406951_14585673
0.34615384615384615,COC(=O)[C@@H](O)CC(=O)NC(=O)Nc1ccccn1,2540615_14585673
0.3333333333333333,COC(=O)[C@@H](O)CC(=O)N[C@H](C)CCc1ccccc1,1665103_14585673
0.5,O=C(CCc1ccco1)Nc1nncc2ccccc12,20984652_152318
0.47368421052631576,CC(C)[C@H]1C[C@]1(N)C(=O)Nc1nncc2ccccc12,20984652_39083154
0.33766233766233766,COC(=O)[C@@H](O)CC(=O)N[C@H]1C[C@H](c2ccccc2)C1,103540928_14585673
0.3333333333333333,COC(=O)[C@@H](O)CC(=O)N[C@H](c1ccccc1)C1CC1,3739101_14585673
0.44155844155844154,C#Cc1ccccc1C(=O)Nc1nncc2ccccc12,20984652_15022006
0.46153846153846156,CCn1ccc(C(=O)Nc2nncc3ccccc23)c1,20984652_57340954
0.6231884057971014,C[C@@H](CC(=O)Nc1nncc2ccccc12)NC(N)=O,20984652_13547997
0.5416666666666666,CC[C@@H](C)[C@H](OC)C(=O)Nc1nncc2ccccc12,20984652_159685980
0.5555555555555556,CC[C@H](N)CCC(=O)Nc1nncc2ccccc12,20984652_1712883
0.2777777777777778,CCC[C@@H](NC(=O)C[C@H](O)C(=O)OC)C(=O)OC,35402152_14585673
0.4864864864864865,Cc1cnsc1C(=O)Nc1nncc2ccccc12,20984652_19801458
0.5135135135135135,O=C(Cc1nccs1)Nc1nncc2ccccc12,20984652_2389519
0.3170731707317073,COC(=O)[C@@H](O)CC(=O)NCCCc1ccccn1,4342608_14585673
0.46153846153846156,CCc1ccoc1C(=O)Nc1nncc2ccccc12,20984652_38350083
0.3333333333333333,COC(=O)[C@@H](O)CC(=O)NC1=NNC(=O)C1(C)C,104568673_14585673
0.5797101449275363,COCCCC(=O)Nc1nncc2ccccc12,20984652_5997802
0.4657534246575342,O=C(Nc1nncc2ccccc12)c1ncc(O)cn1,20984652_39052256
0.5,Nc1cn(CC(=O)Nc2nncc3ccccc23)nn1,20984652_82409812
0.5066666666666667,COCCO[C@@H](C)C(=O)Nc1nncc2ccccc12,20984652_19431292
0.4027777777777778,COC(=O)[C@@H](O)CC(=O)Nc1n[nH]cc1OC,79792859_14585673
0.35064935064935066,COC(=O)[C@@H](O)CC(=O)Nc1cc(C)c(OC)cn1,238340102_14585673
0.41333333333333333,CCOc1cccnc1NC(=O)C[C@H](O)C(=O)OC,19092421_14585673
0.5492957746478874,C[C@@](O)(CCO)CC(=O)Nc1nncc2ccccc12,20984652_895221
0.4788732394366197,O=C(Nc1nncc2ccccc12)c1ncccn1,20984652_2570791
0.33766233766233766,COC(=O)[C@@H](O)CC(=O)NC1CC(c2ccccc2)C1,32156527_14585673
0.325,COC(=O)[C@@H](O)CC(=O)N[C@H](CO)c1cccnc1,6662162_14585673
0.3333333333333333,COC(=O)[C@@H](O)CC(=O)Nc1ccnc2c(C)cnn12,84426519_14585673
0.3783783783783784,COC(=O)[C@@H](O)CC(=O)NC[C@@H](F)c1ccccc1,39258263_14585673
0.29577464788732394,COC(=O)[C@@H](O)CC(=O)N[C@@H](C)CC(=O)NC(C)C,37475631_14585673
0.5652173913043478,CCC[C@H](O)C(=O)Nc1nncc2ccccc12,20984652_394027
0.38666666666666666,CCn1cc(Cl)c(NC(=O)C[C@H](O)C(=O)OC)n1,2537813_14585673
0.4666666666666667,Cc1cc(C(=O)Nc2nncc3ccccc23)on1,20984652_389129
0.35064935064935066,COC(=O)[C@@H](O)CC(=O)Nc1cc(C(C)=O)ccc1C,1591218_14585673
0.3,COC(=O)[C@@H](O)CC(=O)NC[C@@H](O)C(F)F,53648388_14585673
0.2962962962962963,CCc1csc(CNC(=O)C[C@H](O)C(=O)OC)n1,11631692_14585673
0.6515151515151515,C[C@@H](CC(=O)Nc1nncc2ccccc12)N(C)C,20984652_13347096
0.45454545454545453,O=C(Nc1nncc2ccccc12)c1c[nH]ncc1=O,20984652_2028117
0.35802469135802467,COC(=O)[C@@H](O)CC(=O)Nc1cnc2[nH]c(C)cc2c1,44137496_14585673
0.5857142857142857,CC(C)C[C](N)CC(=O)Nc1nncc2ccccc12,20984652_1560407699
0.35064935064935066,COC(=O)[C@@H](O)CC(=O)Nc1cncc(C(C)C)c1,72192708_14585673
0.32098765432098764,COC(=O)[C@@H](O)CC(=O)NCCNc1ccccn1,1646629_14585673
0.410958904109589,COC(=O)[C@@H](O)CC(=O)Nc1nccc(F)c1C,95761873_14585673
0.5066666666666667,CCC[C@@H](O)[C@H](N)C(=O)Nc1nncc2ccccc12,20984652_1742240
0.47297297297297297,Cc1n[nH]nc1C(=O)Nc1nncc2ccccc12,20984652_2536607
0.35526315789473684,COC(=O)[C@@H](O)CC(=O)Nc1ccnn1C(C)(C)C,32625213_14585673
0.375,COC(=O)[C@@H](O)CC(=O)NC(=N)c1ccccc1,36634_14585673
0.4027777777777778,COC(=O)[C@@H](O)CC(=O)Nc1ccccc1CO,331680_14585673
0.5135135135135135,CO[C@H](C(=O)Nc1nncc2ccccc12)C1CCC1,20984652_160599731
0.36,COC(=O)[C@@H](O)CC(=O)Nc1ccc(OC)c(C)c1,1847720_14585673
0.6056338028169014,CC[C@H](CC(=O)Nc1nncc2ccccc12)C1CC1,20984652_82839036
0.34615384615384615,COC(=O)[C@@H](O)CC(=O)Nc1cc(F)cnc1OC,82046593_14585673
0.3291139240506329,COC(=O)[C@@H](O)CC(=O)N[C@H](C)c1ccncc1C,83267502_14585673
0.34615384615384615,CNc1cc(NC(=O)C[C@H](O)C(=O)OC)ccn1,43568228_14585673
0.5,Nc1cc(CC(=O)Nc2nncc3ccccc23)n[nH]1,20984652_16696916
0.3614457831325301,COC(=O)[C@@H](O)CC(=O)Nc1cccc2c1O[C@@H](C)C2,34083037_14585673
0.2777777777777778,COC(=O)[C@@H](O)CC(=O)NC(=O)N[C@H](O)C(=O)OC,2025414_14585673
0.35443037974683544,COC(=O)[C@@H](O)CC(=O)Nc1cc(C2CC2)ccn1,18899190_14585673
0.52,Cn1nccc1CC(=O)Nc1nncc2ccccc12,20984652_69021240
0.4533333333333333,O=C(Nc1nncc2ccccc12)c1ccc(O)nc1,20984652_8576188
0.3333333333333333,COCCn1ccc(NC(=O)C[C@H](O)C(=O)OC)n1,11920286_14585673
0.36486486486486486,COC(=O)[C@@H](O)CC(=O)Nc1c(C)cccc1F,16158148_14585673
0.3333333333333333,CCCCc1cc(NC(=O)C[C@H](O)C(=O)OC)n[nH]1,34939705_14585673
0.37333333333333335,COC(=O)[C@@H](O)CC(=O)Nc1cnn(C(C)C)c1C,20314572_14585673
0.4,COC(=O)[C@@H](O)CC(=O)Nc1nccn(C)c1=O,61749427_14585673
0.3684210526315789,COC(=O)[C@@H](O)CC(=O)Nc1cnn(C(F)F)c1C,72209417_14585673
0.3375,COC(=O)[C@@H](O)CC(=O)Nc1cc(CCO)ncn1,107286593_14585673
0.3333333333333333,COC(=O)[C@@H](O)CC(=O)NCc1cnsc1,20441549_14585673
0.6470588235294118,CC[C@@H](C)[C@H](O)CC(=O)Nc1nncc2ccccc12,20984652_52249195
0.38271604938271603,COC(=O)[C@@H](O)CC(=O)Nc1cccc2nnccc12,1857381_14585673
0.3698630136986301,COC(=O)[C@@H](O)CC(=O)NC[C@@H](O)c1ccccc1,403283_14585673
0.3924050632911392,COC(=O)[C@@H](O)CC(=O)Nc1ncnc2[nH]ccc12,13518237_14585673
0.4305555555555556,CCc1cccnc1NC(=O)C[C@H](O)C(=O)OC,21985770_14585673
0.5131578947368421,Cc1nc[nH]c1CC(=O)Nc1nncc2ccccc12,20984652_20438965
0.4794520547945205,Nc1cnc(C(=O)Nc2nncc3ccccc23)nc1,20984652_26896534
0.38028169014084506,COC(=O)[C@@H](O)CC(=O)N[C](C)c1ccccc1,1560406604_14585673
0.3924050632911392,CNc1ncc(C#N)c(NC(=O)C[C@H](O)C(=O)OC)n1,70019573_14585673
0.5416666666666666,NC[C@H](N)CCC(=O)Nc1nncc2ccccc12,20984652_43861775
0.38666666666666666,COC(=O)[C@@H](O)CC(=O)Nc1cncc(C(=O)O)n1,39083038_14585673
0.40540540540540543,COC(=O)[C@@H](O)CC(=O)Nc1ncc(F)c(C)c1F,98181224_14585673
0.5,CCC[C@@H](C(=O)Nc1nncc2ccccc12)C1CC1,20984652_23812907
0.5416666666666666,COC(=O)C[C@@H](N)C(=O)Nc1nncc2ccccc12,20984652_2560671
0.4675324675324675,C[C@H](C(=O)Nc1nncc2ccccc12)n1cccn1,20984652_12396107
0.6231884057971014,C[C@H](CC(=O)Nc1nncc2ccccc12)C1CC1,20984652_20259950
0.52,COCCC[C@H](N)C(=O)Nc1nncc2ccccc12,20984652_37753861
0.52,Cc1noc(CC(=O)Nc2nncc3ccccc23)n1,20984652_40546544
0.3333333333333333,CCOc1nnc(NC(=O)C[C@H](O)C(=O)OC)s1,34412321_14585673
0.52,Cc1nc(CC(=O)Nc2nncc3ccccc23)no1,20984652_19682132
0.4675324675324675,O=C(Nc1nncc2ccccc12)[C@@H](O)c1ccoc1,20984652_22204565
0.3493975903614458,COC(=O)[C@@H](O)CC(=O)Nc1cccn2cc(C)nc12,16696631_14585673
0.425,N#Cc1cccc(C(=O)Nc2nncc3ccccc23)n1,20984652_14982555
0.44871794871794873,CNc1nonc1C(=O)Nc1nncc2ccccc12,20984652_2473578
0.4675324675324675,C[C@H](C(=O)Nc1nncc2ccccc12)n1ccnn1,20984652_59843750
0.5882352941176471,CC(C)(C)OCC(=O)Nc1nncc2ccccc12,20984652_1494964
0.5,COCCC[C@H](C)C(=O)Nc1nncc2ccccc12,20984652_2048738
0.5970149253731343,O=C(COC(F)F)Nc1nncc2ccccc12,20984652_5112772
0.45454545454545453,Cc1cccnc1C(=O)Nc1nncc2ccccc12,20984652_1701247
0.34177215189873417,COCc1nn(C)cc1NC(=O)C[C@H](O)C(=O)OC,90225757_14585673
0.391304347826087,COC(=O)[C@@H](O)CC(=O)Nc1c(C)cccc1C,900692_14585673
0.35064935064935066,COC(=O)[C@@H](O)CC(=O)Nc1cnc(OC)c(C)c1,8698124_14585673
0.3972602739726027,COC(=O)[C@@H](O)CC(=O)Nc1nc(C)nc(C)c1F,85005479_14585673
0.4,COC(=O)[C@@H](O)CC(=O)Nc1cccc2ccncc12,8698449_14585673
0.35135135135135137,COC(=O)[C@@H](O)CC(=O)Nc1cc(OC)no1,40537843_14585673
0.32098765432098764,COC(=O)[C@@H](O)CC(=O)NCc1ccncc1OC,35569971_14585673
0.5333333333333333,CNCCOCCC(=O)Nc1nncc2ccccc12,20984652_74525684
0.38666666666666666,CCCc1ccccc1NC(=O)C[C@H](O)C(=O)OC,2039219_14585673
0.35064935064935066,COC(=O)[C@@H](O)CC(=O)Nc1cccc(F)c1CO,39118666_14585673
0.5,Nc1ncc(CC(=O)Nc2nncc3ccccc23)[nH]1,20984652_2244234
0.4533333333333333,O=C(Nc1nncc2ccccc12)c1ccnnc1O,20984652_20357821
0.5217391304347826,C[C@@H](N)[C@@H](C)C(=O)Nc1nncc2ccccc12,20984652_67794685
0.6231884057971014,CC(C)C[C@@H](N)CC(=O)Nc1nncc2ccccc12,20984652_170352
0.3132530120481928,COC(=O)[C@@H](O)CC(=O)NCc1cccc(C#N)n1,35569314_14585673
0.46153846153846156,COc1n[nH]cc1C(=O)Nc1nncc2ccccc12,20984652_26178585
0.3684210526315789,COC(=O)[C@@H](O)CC(=O)Nc1ccc(CCO)nc1,148187884_14585673
0.6615384615384615,CC(=O)[C@H](C)CC(=O)Nc1nncc2ccccc12,20984652_1689749
0.3717948717948718,COC(=O)[C@@H](O)CC(=O)Nc1cccc2ccsc12,34361594_14585673
0.5352112676056338,N[C@H](CCF)C(=O)Nc1nncc2ccccc12,20984652_83119819
0.31645569620253167,CC[C@H](NC(=O)C[C@H](O)C(=O)OC)c1nnc[nH]1,42041082_14585673
0.4935064935064935,O=C(CNc1ccn[nH]1)Nc1nncc2ccccc12,20984652_16957694
0.35064935064935066,COC(=O)[C@@H](O)CC(=O)Nc1nnc(OC(C)C)[nH]1,225970190_14585673
0.3375,COCCn1cncc1NC(=O)C[C@H](O)C(=O)OC,255187900_14585673
0.47368421052631576,Cn1c(C(=O)Nc2nncc3ccccc23)cnc1N,20984652_36243908
0.3684210526315789,COC(=O)[C@@H](O)CC(=O)Nc1ccc(C)nc1CO,104638161_14585673
0.5857142857142857,C[C@@H](O)CCCC(=O)Nc1nncc2ccccc12,20984652_4218505
0.6212121212121212,CC(=O)OCC(=O)Nc1nncc2ccccc12,20984652_1698817
0.3684210526315789,COC(=O)[C@@H](O)CC(=O)Nc1c(C(C)C)cnn1C,77260227_14585673
0.35526315789473684,COC(=O)[C@@H](O)CC(=O)Nc1csc(N(C)C)n1,26444129_14585673
0.5428571428571428,CC[C@@H](C)[C@H](O)C(=O)Nc1nncc2ccccc12,20984652_402950
0.35365853658536583,COC(=O)[C@@H](O)CC(=O)Nc1nnc2c(C)cccn12,8616243_14585673
0.4025974025974026,COC(=O)[C@@H](O)CC(=O)Nc1n[nH]c2[nH]ncc12,40448353_14585673
0.35526315789473684,COC(=O)[C@@H](O)CC(=O)Nc1cccc([C@@H](C)O)c1,404425_14585673
0.27631578947368424,CCOC(=O)C[C@H](O)CNC(=O)C[C@H](O)C(=O)OC,6385676_14585673
0.35365853658536583,COC(=O)[C@@H](O)CC(=O)Nc1cccn2nc(C)nc12,32189568_14585673
0.28169014084507044,COC[C@@H](NC(=O)C[C@H](O)C(=O)OC)C(=O)OC,34194785_14585673
0.5507246376811594,CO[C@H](C)[C@H](O)C(=O)Nc1nncc2ccccc12,20984652_1586416
0.38461538461538464,COC(=O)[C@@H](O)CC(=O)Nc1nc2ccccc2o1,8581625_14585673
0.6231884057971014,CCC[C@H](CC)CC(=O)Nc1nncc2ccccc12,20984652_2006815
0.3835616438356164,COC(=O)[C@@H](O)CC(=O)Nc1cccc[n+]1C,13129802_14585673
0.5,Nc1ccn(CC(=O)Nc2nncc3ccccc23)n1,20984652_2537410
0.47297297297297297,Cn1cnc(C(=O)Nc2nncc3ccccc23)c1,20984652_19850645
0.3048780487804878,COC(=O)[C@@H](O)CC(=O)NCc1ccnc(OC)n1,72206915_14585673
0.5068493150684932,CC(C)[C@@](N)(CO)C(=O)Nc1nncc2ccccc12,20984652_4282938
0.3924050632911392,COC(=O)[C@@H](O)CC(=O)Nc1cccc2nonc12,158119_14585673
0.38271604938271603,COC(=O)[C@@H](O)CC(=O)Nc1cccc2cnn(C)c12,15444581_14585673
0.35365853658536583,COC(=O)[C@@H](O)CC(=O)Nc1cnc2[nH]ccc2c1C,107116851_14585673
0.36486486486486486,COC(=O)[C@@H](O)CC(=O)NC[C@@H](C)c1ccccc1,1506854_14585673
0.4666666666666667,Cc1oncc1C(=O)Nc1nncc2ccccc12,20984652_1318759
0.5714285714285714,CCCOCC(=O)Nc1nncc2ccccc12,20984652_1566418
0.3493975903614458,COC(=O)[C@@H](O)CC(=O)Nc1nccc2nncn12,238700431_14585673
0.35,CCCc1nccc(NC(=O)C[C@H](O)C(=O)OC)n1,44117039_14585673
0.4189189189189189,COC(=O)[C@@H](O)CC(=O)Nc1nc(C)cnc1Cl,95631128_14585673
0.35526315789473684,CCn1nccc1NC(=O)C[C@H](O)C(=O)OC,154804_14585673
0.5882352941176471,C[S@@](=O)CCC(=O)Nc1nncc2ccccc12,20984652_37921891
0.52,Cc1ccnn1CC(=O)Nc1nncc2ccccc12,20984652_2549475
0.3698630136986301,COC(=O)[C@@H](O)CC(=O)N[C@H](C(C)=O)c1ccccc1,165130_14585673
0.5694444444444444,CCC[C@@H](O)CCC(=O)Nc1nncc2ccccc12,20984652_3846437
0.35064935064935066,CNc1cc(C)nc(NC(=O)C[C@H](O)C(=O)OC)n1,38803849_14585673
0.4246575342465753,COC(=O)[C@@H](O)CC(=O)Nc1nc(Cl)ccc1C,39050374_14585673
0.325,COC(=O)[C@@H](O)CC(=O)Nc1ccc(C#N)cc1OC,36455738_14585673
0.5972222222222222,CCCC[C@H](N)CC(=O)Nc1nncc2ccccc12,20984652_2124044
0.3466666666666667,COC(=O)[C@@H](O)CC(=O)N[C@@H](C)C(=O)c1ccccc1,53165481_14585673
0.46153846153846156,COc1oncc1C(=O)Nc1nncc2ccccc12,20984652_12650085
0.5555555555555556,C[C@@H](CN)CCC(=O)Nc1nncc2ccccc12,20984652_82836729
0.36619718309859156,COC(=O)[C@@H](O)CC(=O)N[C@@H](C)c1ccccc1,6030374_14585673
0.36,COC(=O)[C@@H](O)CC(=O)Nc1c(C)cncc1F,39116678_14585673
0.4189189189189189,COC(=O)[C@@H](O)CC(=O)Nc1ncccc1C(C)=O,19851162_14585673
0.35443037974683544,COC(=O)[C@@H](O)CC(=O)Nc1cnc(C)n1CCO,5116474_14585673
0.3375,COC(=O)[C@@H](O)CC(=O)Nc1cnn(CCO)c1C,48218385_14585673
0.35064935064935066,COC(=O)c1ncc(NC(=O)C[C@H](O)C(=O)OC)[nH]1,84238807_14585673
0.36486486486486486,COC(=O)[C@@H](O)CC(=O)Nc1cnc(CO)cn1,75772102_14585673
0.4935064935064935,O=C(CCc1ncc[nH]1)Nc1nncc2ccccc12,20984652_2527499
0.5942028985507246,CC(C)OC(=O)CC(=O)Nc1nncc2ccccc12,20984652_34764770
0.36363636363636365,COC(=O)[C@@H](O)CC(=O)Nc1ccc(CCO)cn1,72225136_14585673
0.4225352112676056,COC(=O)[C@@H](O)CC(=O)Nc1ncncc1Cl,39052643_14585673
0.4166666666666667,COC(=O)[C@@H](O)CC(=O)Nc1ncc(F)cc1C,40448817_14585673
0.6119402985074627,C[C@@H](O)CCC(=O)Nc1nncc2ccccc12,20984652_6036206
0.35064935064935066,COC(=O)[C@@H](O)CC(=O)Nc1cc(F)c(Cl)cn1,95768556_14585673
0.35365853658536583,COC(=O)[C@@H](O)CC(=O)Nc1nc(C)c2cc[nH]c2n1,82408759_14585673
0.47297297297297297,Cc1ccc(C(=O)Nc2nncc3ccccc23)nc1,20984652_2383150
0.5205479452054794,O=C(Cc1ccco1)Nc1nncc2ccccc12,20984652_1841060
0.3333333333333333,CC[C@H](NC(=O)C[C@H](O)C(=O)OC)c1ccccc1C,34099854_14585673
0.5507246376811594,CO[C@H](CN)C(=O)Nc1nncc2ccccc12,20984652_78684455
0.358974358974359,COC(=O)[C@@H](O)CC(=O)Nc1cccnc1CF,256050167_14585673
0.5066666666666667,CCC[C@H](O)[C@H](N)C(=O)Nc1nncc2ccccc12,20984652_1742238
0.35135135135135137,COC(=O)[C@@H](O)CC(=O)N[C@@H](CO)c1ccccc1,6731691_14585673
0.5068493150684932,CO[C@@H](NC(N)=O)C(=O)Nc1nncc2ccccc12,20984652_2025419
0.5571428571428572,CC[C@](C)(O)CC(=O)Nc1nncc2ccccc12,20984652_2527908
0.3561643835616438,COC(=O)[C@@H](O)CC(=O)Nc1c(C)nc(C)n1C,104830345_14585673
0.32894736842105265,COC(=O)[C@@H](O)CC(=O)NC(=O)c1ccccc1O,2055_14585673
0.37662337662337664,CNc1ncc(C)cc1NC(=O)C[C@H](O)C(=O)OC,39051307_14585673
0.26666666666666666,COC(=O)[C@@H](O)CC(=O)N[C@@H](C(=O)OC)C1COC1,45028294_14585673
0.4864864864864865,O=C(Nc1nncc2ccccc12)c1n[nH]cc1F,20984652_95870698
0.34210526315789475,COC(=O)[C@@H](O)CC(=O)Nc1ccc(O)c(OC)c1,335866_14585673
0.3246753246753247,COC(=O)[C@@H](O)CC(=O)NC[C@@H](O)c1ccco1,2525311_14585673
0.3783783783783784,COC(=O)[C@@H](O)CC(=O)Nc1ccccc1C(C)(C)C,1675824_14585673
0.47297297297297297,Cc1cnncc1C(=O)Nc1nncc2ccccc12,20984652_76914606
0.3466666666666667,COC(=O)[C@@H](O)CC(=O)N[C@H](C)Cc1ccccc1,6036847_14585673
0.527027027027027,CC(=O)OC[C@H](N)C(=O)Nc1nncc2ccccc12,20984652_895446
0.3611111111111111,COC(=O)[C@@H](O)CC(=O)Nc1ccc(N(C)C)cc1,56911_14585673
0.43661971830985913,COC(=O)[C@@H](O)CC(=O)Nc1nncc(C)n1,1672563_14585673
0.6190476190476191,CCCC(=O)Nc1nncc2ccccc12,20984652_895132
0.5909090909090909,CP(C)(=O)CC(=O)Nc1nncc2ccccc12,20984652_3164137
0.33766233766233766,COC(=O)[C@@H](O)CC(=O)N[C@](C)(C#N)c1ccccc1,13356634_14585673
0.36585365853658536,COC(=O)[C@@H](O)CC(=O)Nc1ncc2c(C)c[nH]c2n1,82408760_14585673
0.35064935064935066,CCc1nc(C#N)c(NC(=O)C[C@H](O)C(=O)OC)o1,1720398_14585673
0.3125,COC(=O)[C@@H](O)CC(=O)N[C@H](C)Cc1ccccc1C,1481889_14585673
0.45569620253164556,CCn1cnc(C(=O)Nc2nncc3ccccc23)c1,20984652_34445707
0.4657534246575342,O=C(Nc1nncc2ccccc12)c1cn[nH]n1,20984652_4876871
0.6086956521739131,N[C@@H](CC(=O)Nc1nncc2ccccc12)C1CC1,20984652_2511673
0.5277777777777778,COC(C)(C)[C@H](N)C(=O)Nc1nncc2ccccc12,20984652_1677635
0.41025641025641024,COC(=O)[C@@H](O)CC(=O)Nc1ncn2ccccc12,84238757_14585673
0.4722222222222222,O=C(Nc1nncc2ccccc12)c1cncnc1,20984652_1494997
0.3055555555555556,COC(=O)[C@@H](O)CC(=O)NC[C@@H](OC)C(F)(F)F,37169896_14585673
0.5,N[C@@H](CCCCO)C(=O)Nc1nncc2ccccc12,20984652_1747033
0.38571428571428573,COC(=O)[C@@H](O)CC(=O)Nc1nc(F)cc(F)n1,967445_14585673
0.5857142857142857,CC[C@H](C)OCC(=O)Nc1nncc2ccccc12,20984652_34306553
0.3103448275862069,COC(=O)[C@@H](O)CC(=O)NCc1cc2ccncc2[nH]1,45328813_14585673
0.3333333333333333,COC(=O)[C@@H](O)CC(=O)NC(=N)CCc1ccccc1,1664249_14585673
0.6,CC[C@@H](O)C(=O)Nc1nncc2ccccc12,20984652_1693559
0.5571428571428572,O=C(CC1(O)CCC1)Nc1nncc2ccccc12,20984652_52249177
0.46153846153846156,COc1cn[nH]c1C(=O)Nc1nncc2ccccc12,20984652_84233910
0.5135135135135135,O=C(Cc1cn[nH]n1)Nc1nncc2ccccc12,20984652_26507094
0.35443037974683544,CCNc1ccncc1NC(=O)C[C@H](O)C(=O)OC,19755368_14585673
0.547945205479452,COC[C@](C)(N)CC(=O)Nc1nncc2ccccc12,20984652_82762629
0.3974358974358974,COC(=O)[C@@H](O)CC(=O)Nc1ncccc1CC#N,35565315_14585673
0.3783783783783784,COC(=O)[C@@H](O)CC(=O)Nc1cc[nH]c(=O)n1,895210_14585673
0.37333333333333335,CCc1cnn(C)c1NC(=O)C[C@H](O)C(=O)OC,42413659_14585673
0.39436619718309857,COC(=O)[C@@H](O)CC(=O)Nc1ccc(F)nn1,30678112_14585673
0.5072463768115942,CC1=C[C@H]1C(=O)Nc1nncc2ccccc12,20984652_39234614
0.6086956521739131,N[C@H](CCO)CC(=O)Nc1nncc2ccccc12,20984652_82073082
0.379746835443038,COC(=O)[C@@H](O)CC(=O)Nc1nccc(OC)c1C#N,168320_14585673
0.5857142857142857,C[C@H](O)CCCC(=O)Nc1nncc2ccccc12,20984652_4218504
0.42105263157894735,C#Cc1cnc(NC(=O)C[C@H](O)C(=O)OC)c(C#C)n1,95670842_14585673
0.34615384615384615,CCn1cc(NC(=O)C[C@H](O)C(=O)OC)c(OC)n1,72339727_14585673
0.34210526315789475,COC(=O)[C@@H](O)CC(=O)N[C@H](C)c1ccccc1C,3411323_14585673
0.34177215189873417,CNC(=O)c1coc(NC(=O)C[C@H](O)C(=O)OC)n1,70631719_14585673
0.4935064935064935,O=C(C[C@@H]1CCC(=O)O1)Nc1nncc2ccccc12,20984652_3649507
0.5066666666666667,CCCCC[C@H](N)C(=O)Nc1nncc2ccccc12,20984652_1570970
0.43037974683544306,O=C(Nc1nncc2ccccc12)c1cnc[nH]c1=O,20984652_16857698
0.4605263157894737,O=C(Nc1nncc2ccccc12)c1cccc(F)c1,20984652_157326
0.4675324675324675,CCc1cn[nH]c1C(=O)Nc1nncc2ccccc12,20984652_83962099
0.4868421052631579,CCC[C@H](C)[C@H](N)C(=O)Nc1nncc2ccccc12,20984652_5841418
0.4,COC(=O)[C@@H](O)CC(=O)Nc1ccccc1Cl,164914_14585673
0.35526315789473684,COC(=O)[C@@H](O)CC(=O)Nc1cnn(C)c1OC,82836152_14585673
0.5616438356164384,CC(C)COCCC(=O)Nc1nncc2ccccc12,20984652_19518202
0.5217391304347826,CC(C)[C@@](C)(O)C(=O)Nc1nncc2ccccc12,20984652_39260441
0.2777777777777778,CC[C@H](NC(=O)C[C@H](O)C(=O)OC)[C@@H](O)C(=O)OC,78725164_14585673
0.35526315789473684,COC(=O)[C@@H](O)CC(=O)Nc1cccc(F)c1Cl,2513560_14585673
0.3058823529411765,COC(=O)[C@@H](O)CC(=O)NCc1cccnc1C1CC1,17939046_14585673
0.44155844155844154,O=C(Nc1nncc2ccccc12)c1cnc(=O)[nH]c1,20984652_30678563
0.5066666666666667,CC(C)OC[C@H](N)C(=O)Nc1nncc2ccccc12,20984652_32191165
0.4,COC(=O)[C@@H](O)CC(=O)Nc1nccc(OC)c1C,238385067_14585673
0.5,C[C@H](NC(=N)N)C(=O)Nc1nncc2ccccc12,20984652_1688252
0.5285714285714286,CC(C)[C@@H](N)[C@H](O)C(=O)Nc1nncc2ccccc12,20984652_34306967
0.3333333333333333,COC(=O)[C@@H](O)CC(=O)NCc1cccc(C)n1,1690010_14585673
0.5416666666666666,CSCCNCC(=O)Nc1nncc2ccccc12,20984652_69000561
0.5588235294117647,O=C(CC1CC1)Nc1nncc2ccccc12,20984652_2390294
0.33766233766233766,COC(=O)[C@@H](O)CC(=O)NCc1ccc(F)nc1,35570030_14585673
0.34177215189873417,COC(=O)[C@@H](O)CC(=O)NC[C@H](O)c1cccnc1,4245374_14585673
0.4246575342465753,COC(=O)[C@@H](O)CC(=O)Nc1ncccc1C(C)C,69841514_14585673
0.43661971830985913,COC(=O)[C@@H](O)CC(=O)Nc1nc(F)c(F)cc1F,22006783_14585673
0.38666666666666666,COC(=O)[C@@H](O)CC(=O)Nc1cccc(C(C)=O)n1,34753285_14585673
0.5135135135135135,O=C(Cc1ccsn1)Nc1nncc2ccccc12,20984652_39325983
0.5857142857142857,C[C@H](O)CNCC(=O)Nc1nncc2ccccc12,20984652_34286883
0.5277777777777778,O=C(CCNCCO)Nc1nncc2ccccc12,20984652_1700272
0.3815789473684211,COC(=O)[C@@H](O)CC(=O)Nc1cccc(SC)n1,82707701_14585673
0.34210526315789475,COC(=O)[C@@H](O)CC(=O)NC1(c2ccccc2)CCC1,6095974_14585673
0.5633802816901409,CCOC(=O)[C@@H](C)C(=O)Nc1nncc2ccccc12,20984652_394087
0.37333333333333335,COC(=O)[C@@H](O)CC(=O)Nc1cc(F)nc(F)c1F,34203641_14585673
0.34210526315789475,COC(=O)[C@@H](O)CC(=O)Nc1cc(Cl)ccc1F,164833_14585673
0.5714285714285714,COC(=O)COCC(=O)Nc1nncc2ccccc12,20984652_34064790
0.6086956521739131,N[C@H](CC(=O)Nc1nncc2ccccc12)C1CC1,20984652_2386292
0.4605263157894737,C[n+]1ccccc1C(=O)Nc1nncc2ccccc12,20984652_565313
0.5135135135135135,O=C(Cn1ncnn1)Nc1nncc2ccccc12,20984652_31319659
0.3972602739726027,COC(=O)[C@@H](O)CC(=O)Nc1cccnc1F,2506896_14585673
0.29545454545454547,COC(=O)[C@@H](O)CC(=O)NC[C@H]1CCn2cnnc21,24332713_14585673
0.3373493975903614,COC(=O)[C@@H](O)CC(=O)Nc1ccc2c(c1)C[C@H](C)O2,15635655_14585673
0.2597402597402597,COC(=O)CCNC(=O)NC(=O)C[C@H](O)C(=O)OC,40421797_14585673
0.345679012345679,COC(=O)[C@@H](O)CC(=O)Nc1ccc2nc(C)[nH]c2n1,45820905_14585673
0.5774647887323944,CCC[C@@H](C)OCC(=O)Nc1nncc2ccccc12,20984652_1693442
0.6363636363636364,NC[C@@H](N)CC(=O)Nc1nncc2ccccc12,20984652_40448670
0.5205479452054794,O=C(Cc1ccc[nH]1)Nc1nncc2ccccc12,20984652_2576193
0.3176470588235294,COC(=O)[C@@H](O)CC(=O)NCc1nnc2ccccn12,3349709_14585673
0.4605263157894737,Cc1cc(C(=O)Nc2nncc3ccccc23)co1,20984652_6070171
0.34210526315789475,COC(=O)c1cc(NC(=O)C[C@H](O)C(=O)OC)on1,95929697_14585673
0.37037037037037035,COC(=O)[C@@H](O)CC(=O)Nc1ncc2ccccn12,25936485_14585673
0.4,COC(=O)[C@@H](O)CC(=O)Nc1nc(C)[nH]c(=O)c1F,8462067_14585673
0.2777777777777778,CNC[C@H](NC(=O)C[C@H](O)C(=O)OC)C(=O)OC,148733277_14585673
0.5633802816901409,CC(C)CSCC(=O)Nc1nncc2ccccc12,20984652_19687378
0.5131578947368421,Nc1ncn(CC(=O)Nc2nncc3ccccc23)n1,20984652_2537440
0.37333333333333335,COC(=O)[C@@H](O)CC(=O)Nc1cncc(OC)c1,14982096_14585673
0.41975308641975306,N#Cc1cccc(C(=O)Nc2nncc3ccccc23)c1,20984652_388362
0.5970149253731343,CCOCC(=O)Nc1nncc2ccccc12,20984652_1866957
0.4594594594594595,O=C(Nc1nncc2ccccc12)C1=NC=NC1,20984652_38532470
0.3493975903614458,COC(=O)[C@@H](O)CC(=O)Nc1c(C)ccc2[nH]ncc12,80086209_14585673
0.5428571428571428,O=C(CCCCF)Nc1nncc2ccccc12,20984652_5113166
0.3424657534246575,COC(=O)[C@@H](O)CC(=O)NC1=NCCO1,13588690_14585673
0.3333333333333333,COC(=O)[C@@H](O)CC(=O)NC(=N)c1ccccn1,156702_14585673
0.5428571428571428,O=C(CC1CCC1)Nc1nncc2ccccc12,20984652_1439023
0.3698630136986301,COC(=O)[C@@H](O)CC(=O)Nc1nc(C)cn1C,82828813_14585673
0.6567164179104478,C/C=C/[C@@H](O)CC(=O)Nc1nncc2ccccc12,20984652_31161983
0.4142857142857143,COC(=O)[C@@H](O)CC(=O)Nc1ccnnc1,8294943_14585673
0.5066666666666667,O=C(Cn1cncn1)Nc1nncc2ccccc12,20984652_2168219
0.582089552238806,CC#CCC(=O)Nc1nncc2ccccc12,20984652_5158089
0.5352112676056338,CC(C)(CN)[C@H](O)C(=O)Nc1nncc2ccccc12,20984652_366415
0.6417910447761194,O=C(C[C@@H](O)C1CC1)Nc1nncc2ccccc12,20984652_38391879
0.28169014084507044,CN[C@@H](C)CC(=O)NC(=O)C[C@H](O)C(=O)OC,41166813_14585673
0.5135135135135135,O=C(Cn1cccn1)Nc1nncc2ccccc12,20984652_3132236
0.27631578947368424,CCOC(=O)C[C@@H](O)CNC(=O)C[C@H](O)C(=O)OC,1671855_14585673
0.45454545454545453,Cc1ccnc(C(=O)Nc2nncc3ccccc23)n1,20984652_20442155
0.3835616438356164,COC(=O)[C@@H](O)CC(=O)Nc1ccc(C(C)C)nn1,21982266_14585673
0.5211267605633803,NCC[C@@H](N)C(=O)Nc1nncc2ccccc12,20984652_53122793
0.38961038961038963,COC(=O)[C@@H](O)CC(=O)Nc1ncc(C#N)cc1F,149668685_14585673
0.5416666666666666,CC[C@H]1C[C@@H]1CC(=O)Nc1nncc2ccccc12,20984652_39402392
0.375,CCc1cnc(NC(=O)C[C@H](O)C(=O)OC)nc1,25490304_14585673
0.3125,COC(=O)[C@@H](O)CC(=O)NCCc1nncn1C,14987633_14585673
0.3888888888888889,COC(=O)[C@@H](O)CC(=O)Nc1ncc(C)nn1,38322035_14585673
0.6323529411764706,CCC[C@@H](C)CC(=O)Nc1nncc2ccccc12,20984652_1591809
0.3132530120481928,COC(=O)[C@@H](O)CC(=O)NCC#Cc1cccnc1,13607158_14585673
0.5135135135135135,C[C@@H](OCCO)C(=O)Nc1nncc2ccccc12,20984652_19870477
0.6231884057971014,CCC[C@H](N)CC(=O)Nc1nncc2ccccc12,20984652_26895613
0.34177215189873417,COC(=O)[C@@H](O)CC(=O)Nc1cnn(CC(F)F)c1,12397692_14585673
0.5652173913043478,CCC[C@@H](O)C(=O)Nc1nncc2ccccc12,20984652_394028
0.33766233766233766,COC(=O)[C@@H](O)CC(=O)N[C@@H](C)c1ccnnc1,83591679_14585673
0.41025641025641024,COC(=O)[C@@H](O)CC(=O)Nc1ccnc2ccccc12,4202478_14585673
0.31645569620253167,COC(=O)[C@@H](O)CC(=O)N[C@@H](C)c1ccc(F)nc1,82410330_14585673
0.43243243243243246,COC(=O)[C@@H](O)CC(=O)Nc1nc(C)ncc1CO,895559_14585673
0.35443037974683544,COCc1nccc(NC(=O)C[C@H](O)C(=O)OC)n1,50847181_14585673
0.3611111111111111,COC(=O)[C@@H](O)CC(=O)Nc1nc(Cl)n[nH]1,5567036_14585673
0.3783783783783784,COC(=O)[C@@H](O)CC(=O)Nc1cnccc1F,90411772_14585673
0.3783783783783784,COC(=O)[C@@H](O)CC(=O)Nc1ccnc(F)n1,1585904_14585673
0.3835616438356164,COC(=O)[C@@H](O)CC(=O)Nc1ccc(C)c(C)n1,1621612_14585673
0.4025974025974026,COC(=O)[C@@H](O)CC(=O)Nc1nc(C)ncc1C#N,165358_14585673
0.5352112676056338,C[C@H](CC(N)=O)C(=O)Nc1nncc2ccccc12,20984652_38391884
0.4666666666666667,O=C(Nc1nncc2ccccc12)c1nccnc1F,20984652_116295222
0.3684210526315789,COC(=O)[C@@H](O)CC(=O)Nc1ccccc1CC(C)C,33605873_14585673
0.4,COC(=O)[C@@H](O)CC(=O)Nc1nncn1C,16977393_14585673
0.5571428571428572,CSCCCC(=O)Nc1nncc2ccccc12,20984652_6019705
0.3835616438356164,COC(=O)[C@@H](O)CC(=O)Nc1cncc(Cl)n1,1101988_14585673
0.578125,C[C@@H](O)C(=O)Nc1nncc2ccccc12,20984652_4658562
0.4675324675324675,CCc1nc(C(=O)Nc2nncc3ccccc23)c[nH]1,20984652_26895975
0.39436619718309857,COC(=O)[C@@H](O)CC(=O)Nc1cnncc1C,82411864_14585673
0.5652173913043478,O=C(CSC(F)F)Nc1nncc2ccccc12,20984652_2540273
0.36,COC(=O)[C@@H](O)CC(=O)NCc1cnn(C)c1,32356_14585673
0.36,COC(=O)[C@@H](O)CC(=O)Nc1cccn(C)c1=O,34628466_14585673
0.3125,COC(=O)[C@@H](O)CC(=O)NC(=N)c1ccc(F)cn1,71186671_14585673
0.358974358974359,COC(=O)[C@@H](O)CC(=O)Nc1c(C)cnn1CCO,98214183_14585673
0.4794520547945205,C[C@@H]1[C@H](C)C[C@@H]1C(=O)Nc1nncc2ccccc12,20984652_144094895
0.3088235294117647,COC(=O)[C@H](CO)NC(=O)C[C@H](O)C(=O)OC,19230192_14585673
0.6363636363636364,NC(=O)[C@H](N)CC(=O)Nc1nncc2ccccc12,20984652_1607276
0.38271604938271603,COC(=O)[C@@H](O)CC(=O)Nc1ccc2ncccc2c1,163693_14585673
0.5217391304347826,CC[C](N)C(=O)Nc1nncc2ccccc12,20984652_1560410824
0.4375,C#Cc1c[nH]nc1C(=O)Nc1nncc2ccccc12,20984652_1857781099
0.6231884057971014,CC[C@H](CC(=O)Nc1nncc2ccccc12)[C@H](C)N,20984652_72208263
0.38271604938271603,COC(=O)[C@@H](O)CC(=O)Nc1ncnc2c1cnn2C,487725_14585673
0.34210526315789475,COC(=O)[C@@H](O)CC(=O)N[C@@H](C)c1ccccc1C,3411324_14585673
0.527027027027027,CCCN(C)CCC(=O)Nc1nncc2ccccc12,20984652_37098626
0.5507246376811594,O=C(Nc1nncc2ccccc12)[C@@H](O)CCO,20984652_2559503
0.34146341463414637,COC(=O)[C@@H](O)CC(=O)Nc1cnccc1NC1CC1,19755466_14585673
0.3466666666666667,COC(=O)c1ccc(NC(=O)C[C@H](O)C(=O)OC)o1,405147_14585673
0.36,COC(=O)[C@@H](O)CC(=O)Nc1cc(C)cc(F)n1,95768649_14585673
0.34210526315789475,COC(=O)[C@@H](O)CC(=O)Nc1csnc1OC,20441457_14585673
0.5138888888888888,C[C@@H](N)[C@@H](O)[C@@H](C)C(=O)Nc1nncc2ccccc12,20984652_5572854
0.3291139240506329,COCn1cnc(NC(=O)C[C@H](O)C(=O)OC)c1,104588716_14585673
0.3333333333333333,COCc1cc(NC(=O)C[C@H](O)C(=O)OC)on1,26512604_14585673
0.5,C[C@H]1CCN(CC(=O)Nc2nncc3ccccc23)C1,20984652_41043381
0.3888888888888889,COC(=O)[C@@H](O)CC(=O)Nc1ccc(F)nc1,335086_14585673
0.4473684210526316,O=C1C=C[C@@H](C(=O)Nc2nncc3ccccc23)O1,20984652_101801596
0.4605263157894737,Cn1nc(O)cc1C(=O)Nc1nncc2ccccc12,20984652_75528339
0.4,COC(=O)[C@@H](O)CC(=O)Nc1ccccc1F,157599_14585673
0.34615384615384615,CCc1cc(NC(=O)C[C@H](O)C(=O)OC)ccn1,34478441_14585673
0.4594594594594595,O=C(Nc1nncc2ccccc12)c1cnon1,20984652_1295964
0.31645569620253167,COC[C@@H](NC(=O)C[C@H](O)C(=O)OC)c1ccco1,70184754_14585673
0.25316455696202533,COCCNCCCNC(=O)C[C@H](O)C(=O)OC,19736938_14585673
0.375,COC(=O)[C@@H](O)CC(=O)Nc1cccc2oncc12,95830566_14585673
0.5714285714285714,COC(=O)N(C)CC(=O)Nc1nncc2ccccc12,20984652_19815702
0.32098765432098764,COCCc1cc(NC(=O)C[C@H](O)C(=O)OC)on1,34960932_14585673
0.42857142857142855,COC(=O)[C@@H](O)CC(=O)Nc1nccc2cccnc12,154302_14585673
0.5,CNCC(F)(F)C(=O)Nc1nncc2ccccc12,20984652_90505789
0.5277777777777778,CC(C)(C)C[C@H](N)C(=O)Nc1nncc2ccccc12,20984652_391810
0.45569620253164556,CCc1[nH]ncc1C(=O)Nc1nncc2ccccc12,20984652_8700063
0.36486486486486486,COCc1ncc(NC(=O)C[C@H](O)C(=O)OC)cn1,49672142_14585673
0.41333333333333333,COC(=O)[C@@H](O)CC(=O)Nc1ncccc1C(F)F,104582596_14585673
0.3246753246753247,COC(=O)[C@@H](O)CC(=O)N[C@H](C)c1ccccc1F,2598067_14585673
0.32098765432098764,COC(=O)[C@@H](O)CC(=O)NCc1ncccc1CO,14984852_14585673
0.3561643835616438,COC(=O)[C@@H](O)CC(=O)NC(=O)Cc1ccccc1,394644_14585673
0.5135135135135135,C#CCCCCC(=O)Nc1nncc2ccccc12,20984652_2561349
0.2804878048780488,COC[C@H](NC(=O)C[C@H](O)C(=O)OC)c1ncon1,96509474_14585673
0.4666666666666667,Cc1cnoc1C(=O)Nc1nncc2ccccc12,20984652_16124590
0.5652173913043478,CC/C=C\CC(=O)Nc1nncc2ccccc12,20984652_4538481
0.4473684210526316,Nc1cccc(C(=O)Nc2nncc3ccccc23)n1,20984652_336886
0.3375,CCOc1ncncc1NC(=O)C[C@H](O)C(=O)OC,39053115_14585673
0.45454545454545453,O=C(Nc1nncc2ccccc12)c1cnn(CO)c1,20984652_8733282
0.4142857142857143,COC(=O)[C@@H](O)CC(=O)Nc1ccccn1,13952160_14585673
0.40789473684210525,COC(=O)[C@@H](O)CC(=O)Nc1nnc2ccccc2n1,1866060_14585673
0.36,COC(=O)[C@@H](O)CC(=O)Nc1ncnc(Cl)n1,2036831_14585673
0.547945205479452,CC(C)CCNCC(=O)Nc1nncc2ccccc12,20984652_5759068
0.42028985507246375,COC(=O)[C@@H](O)CC(=O)Nc1nc(C)c(C)nc1C,62208513_14585673
0.5362318840579711,CO[C@@H](C(=O)Nc1nncc2ccccc12)C(C)C,20984652_19513080
0.4666666666666667,Cc1ncc(C(=O)Nc2nncc3ccccc23)o1,20984652_40539292
0.4666666666666667,Cn1cncc1C(=O)Nc1nncc2ccccc12,20984652_19850648
0.6,CC(C)(C)CC(=O)Nc1nncc2ccccc12,20984652_388597
0.33783783783783783,COC(=O)[C@@H](O)CC(=O)N[C@H](C)c1cccs1,556235_14585673
0.3373493975903614,COC(=O)[C@@H](O)CC(=O)Nc1cc2cc[nH]c2nc1C,95803781_14585673
0.5,C[C@H](C(=O)Nc1nncc2ccccc12)n1cccc1,20984652_106411
0.38666666666666666,CCc1cccc(NC(=O)C[C@H](O)C(=O)OC)n1,5197414_14585673
0.34177215189873417,COC(=O)[C@@H](O)CC(=O)Nc1cnn(C[C@@H](C)O)c1,77260289_14585673
0.609375,CNCC(=O)Nc1nncc2ccccc12,20984652_4658561
0.325,COC(=O)[C@@H](O)CC(=O)NCc1cccnc1Cl,2547995_14585673
0.5135135135135135,O=C(Cc1cscn1)Nc1nncc2ccccc12,20984652_1670739
0.47368421052631576,O=C(Nc1nncc2ccccc12)[C@@H](O)c1cnc[nH]1,20984652_34498508
0.4675324675324675,O=C(Nc1nncc2ccccc12)[C@H](O)c1ccoc1,20984652_22204561
0.4861111111111111,O=C(Nc1nncc2ccccc12)c1cn[nH]c1,20984652_2167062
0.5833333333333334,N[C@@H](CC(=O)Nc1nncc2ccccc12)C1CCC1,20984652_26896308
0.5285714285714286,C[C@@H](O)C(F)(F)C(=O)Nc1nncc2ccccc12,20984652_52266223
0.5428571428571428,O=C(C[C]1[CH][CH][CH][CH]1)Nc1nncc2ccccc12,20984652_100506569
0.36486486486486486,COC(=O)[C@@H](O)CC(=O)Nc1cccc(Cl)c1,47986_14585673
0.4605263157894737,O=C(Nc1nncc2ccccc12)c1cc(Cl)n[nH]1,20984652_43830785
0.4,COC(=O)[C@@H](O)CC(=O)Nc1nccc(C)c1CO,33992102_14585673
0.34615384615384615,COC(=O)[C@@H](O)CC(=O)Nc1c(F)ccnc1OC,39051119_14585673
0.31645569620253167,COC(=O)[C@@H](O)CC(=O)NC[C@H](O)c1cccn1C,21949088_14585673
0.34177215189873417,CCCn1ncc(NC(=O)C[C@H](O)C(=O)OC)n1,19089911_14585673
0.5507246376811594,CO[C@@H](CN)C(=O)Nc1nncc2ccccc12,20984652_78684453
0.29213483146067415,COC(=O)[C@@H](O)CC(=O)NCc1cc2cccn2cn1,30678255_14585673
0.46153846153846156,C[C@H](C(=O)Nc1nncc2ccccc12)c1ccoc1,20984652_68978514
0.4473684210526316,O=C(Nc1nncc2ccccc12)c1cncc(O)c1,20984652_332673
0.5277777777777778,CC[C@@H](O)[C@@H](N)C(=O)Nc1nncc2ccccc12,20984652_2020211
0.6615384615384615,C[C@@H](CN)CC(=O)Nc1nncc2ccccc12,20984652_13818298
0.5352112676056338,CCO[C@@H](C)C(=O)Nc1nncc2ccccc12,20984652_19483795
0.5,C[C@@H](NC(=N)N)C(=O)Nc1nncc2ccccc12,20984652_2044403
0.29577464788732394,COC(=O)[C@@H](O)CC(=O)NC(=O)OC[C@@H](C)O,1684587_14585673
0.5135135135135135,O=C(Cc1ccoc1)Nc1nncc2ccccc12,20984652_334130
0.3783783783783784,COC(=O)[C@@H](O)CC(=O)Nc1noc(C(C)C)c1C,85278316_14585673
0.5,Nc1ccnn1CC(=O)Nc1nncc2ccccc12,20984652_39118692
0.45454545454545453,O=C(Nc1nncc2ccccc12)c1ncccc1F,20984652_2598969
0.5,O=C(Cc1ccncn1)Nc1nncc2ccccc12,20984652_20417426
0.38571428571428573,COC(=O)[C@@H](O)CC(=O)Nc1c(F)cncc1F,2386531_14585673
0.5633802816901409,CC[C@@H](C)NCC(=O)Nc1nncc2ccccc12,20984652_1687619
0.5352112676056338,CN[C@H](COC)C(=O)Nc1nncc2ccccc12,20984652_14696243
0.4189189189189189,COC(=O)[C@@H](O)CC(=O)Nc1nc(C)ncc1Cl,4566331_14585673
0.5131578947368421,Cn1ccnc1CC(=O)Nc1nncc2ccccc12,20984652_16677952
0.36363636363636365,COC(=O)[C@@H](O)CC(=O)Nc1cccnc1C#N,1433329_14585673
0.6231884057971014,CC[C@@H](CC(=O)Nc1nncc2ccccc12)[C@@H](C)N,20984652_72208260
0.425,O=C(Nc1nncc2ccccc12)[C@@H]1Cc2ccccc21,20984652_389501
0.3333333333333333,COC(=O)[C@@H](O)CC(=O)N[C@H](C)c1ccns1,73657687_14585673
0.5205479452054794,CCCO[C@H](C)C(=O)Nc1nncc2ccccc12,20984652_34305439
0.425,N[C@H]1C=CCC[C@H]1C(=O)Nc1nncc2ccccc12,20984652_2526823
0.3291139240506329,COC(=O)[C@@H](O)CC(=O)NCc1ccncc1F,35569964_14585673
0.547945205479452,CC(C)CNCCC(=O)Nc1nncc2ccccc12,20984652_20285106
0.5633802816901409,CC(C)(C)OCCC(=O)Nc1nncc2ccccc12,20984652_153957
0.5,O=C1CC(CC(=O)Nc2nncc3ccccc23)=NN1,20984652_100460454
0.35802469135802467,COC(=O)[C@@H](O)CC(=O)Nc1cccnc1[C@@H](C)C#N,62720117_14585673
0.3835616438356164,CCc1[nH]nc(NC(=O)C[C@H](O)C(=O)OC)c1Cl,107397378_14585673
0.36363636363636365,CC[C@H](C)c1ccccc1NC(=O)C[C@H](O)C(=O)OC,4520946_14585673
0.5205479452054794,CC(C)CC[C@H](N)C(=O)Nc1nncc2ccccc12,20984652_1672985
0.33766233766233766,COC(=O)[C@@H](O)CC(=O)NCc1ccc(C)nc1,19420999_14585673
0.6231884057971014,CC[C@H](CC(=O)Nc1nncc2ccccc12)[C@@H](C)N,20984652_72208261
0.5138888888888888,CO[C@H](C)[C@@H](N)C(=O)Nc1nncc2ccccc12,20984652_1700278
0.3684210526315789,COC(=O)[C@@H](O)CC(=O)Nc1ccc(C)nc1OC,8698258_14585673
0.5,CC(=O)CC(C)(C)C(=O)Nc1nncc2ccccc12,20984652_34582562
0.35064935064935066,COC(=O)[C@@H](O)CC(=O)Nc1ccnc(=O)n1C,2047226_14585673
0.6190476190476191,CC(=O)CC(=O)Nc1nncc2ccccc12,20984652_895089
0.34615384615384615,CCOc1ccnc(NC(=O)C[C@H](O)C(=O)OC)c1,332011_14585673
0.48717948717948717,O=C(CC1=CCOCC1)Nc1nncc2ccccc12,20984652_84230056
0.2777777777777778,COC(=O)[C@@H](NC(=O)C[C@H](O)C(=O)OC)C(C)(C)F,104642896_14585673
0.5211267605633803,CC[C@@](C)(OC)C(=O)Nc1nncc2ccccc12,20984652_14488948
0.375,COC(=O)[C@@H](O)CC(=O)Nc1cncn1C,13354653_14585673
0.5205479452054794,O=C(Nc1nncc2ccccc12)[C@H](O)CC1CC1,20984652_91692723
0.5522388059701493,C[C@@H](O)[C@@H](C)C(=O)Nc1nncc2ccccc12,20984652_6036909
0.5285714285714286,CN[C@@H](C(=O)Nc1nncc2ccccc12)[C@H](C)O,20984652_13352724
0.3783783783783784,COC(=O)c1ccc(NC(=O)C[C@H](O)C(=O)OC)[nH]1,84325574_14585673
0.5,C#CCO[C@@H](C)C(=O)Nc1nncc2ccccc12,20984652_34958356
0.5652173913043478,CC(C)C[C@@H](O)C(=O)Nc1nncc2ccccc12,20984652_407032
0.6231884057971014,C[C@H](CC(=O)Nc1nncc2ccccc12)CN(C)C,20984652_43502606
0.34615384615384615,COC(=O)[C@@H](O)CC(=O)NC[C@@H](C)c1ccccc1C,37245704_14585673
0.3698630136986301,COC(=O)[C@@H](O)CC(=O)NC(=O)Nc1ccccc1,391870_14585673
0.358974358974359,COC(=O)[C@@H](O)CC(=O)Nc1ccccc1CC#N,389700_14585673
0.33766233766233766,CC[C@H](Cc1ccccc1)NC(=O)C[C@H](O)C(=O)OC,4072148_14585673
0.4931506849315068,COC(=O)[C@@H]1C[C@@H]1C(=O)Nc1nncc2ccccc12,20984652_39240024
0.3625,COC(=O)[C@@H](O)CC(=O)Nc1ccc2nncn2c1,18555997_14585673
0.38571428571428573,COC(=O)[C@@H](O)CC(=O)Nc1c(C)cncc1C,2541072_14585673
0.39436619718309857,COC(=O)[C@@H](O)CC(=O)Nc1cnnn1C,39280719_14585673
0.46153846153846156,C[C@@H](C(=O)Nc1nncc2ccccc12)n1cncn1,20984652_13479947
0.45454545454545453,Cc1cncc(C(=O)Nc2nncc3ccccc23)c1,20984652_157726
0.36619718309859156,COC(=O)[C@@H](O)CC(=O)Nc1nnc(C)o1,2510357_14585673
0.4864864864864865,Cc1ccc(C(=O)Nc2nncc3ccccc23)n1C,20984652_4219179
0.4864864864864865,Cc1c[nH]c(C(=O)Nc2nncc3ccccc23)c1,20984652_2513001
0.5,Nc1nc(CC(=O)Nc2nncc3ccccc23)n[nH]1,20984652_2573009
0.39436619718309857,COC(=O)[C@@H](O)CC(=O)Nc1nonc1OC,967422_14585673
0.36,COC(=O)[C@@H](O)CC(=O)Nc1cc(OC)n(C)n1,95883747_14585673
0.4605263157894737,Cn1ncc(C(=O)Nc2nncc3ccccc23)c1O,20984652_71495314
0.5135135135135135,O=C(Cc1nnn[nH]1)Nc1nncc2ccccc12,20984652_5178980
0.3815789473684211,COC(=O)[C@@H](O)CC(=O)Nc1cc(Cl)cnc1F,8698192_14585673
0.38461538461538464,COC(=O)[C@@H](O)CC(=O)Nc1nc2ccccc2n1C,163724_14585673
0.5135135135135135,NC(=O)OC[C@H](N)C(=O)Nc1nncc2ccccc12,20984652_1529574
0.5652173913043478,C[C@@H]1C[C@H]1CC(=O)Nc1nncc2ccccc12,20984652_26638525
0.3783783783783784,COC(=O)[C@@H](O)CC(=O)Nc1ccc(F)nc1C,2383956_14585673
0.32098765432098764,COC(=O)[C@@H](O)CC(=O)Nc1nc([C@@H]2C[C@H]2C)n[nH]1,48630476_14585673
0.32894736842105265,COC(=O)[C@@H](O)CC(=O)NCc1cnc(OC)nc1,20446307_14585673
0.547945205479452,CNCCOCC(=O)Nc1nncc2ccccc12,20984652_74525595
0.29577464788732394,COC(=O)[C@@H](O)CC(=O)NC[C@H](O)C(C)(C)O,13354804_14585673
0.313953488372093,COC(=O)[C@@H](O)CC(=O)NCc1ncc2ccccn12,20236841_14585673
0.37037037037037035,COC(=O)[C@@H](O)CC(=O)Nc1ccc2nnccc2c1,45817307_14585673
0.47297297297297297,Cc1nc(C(=O)Nc2nncc3ccccc23)c[nH]1,20984652_1701248
0.36486486486486486,COC(=O)[C@@H](O)CC(=O)Nc1cncc(F)c1,8698158_14585673
0.35,CCOc1ccncc1NC(=O)C[C@H](O)C(=O)OC,331030_14585673
0.46153846153846156,C[C@@H](C(=O)Nc1nncc2ccccc12)n1ccnc1,20984652_19735553
0.52,Cn1nnnc1CC(=O)Nc1nncc2ccccc12,20984652_1564367
0.3888888888888889,CCc1ccccc1NC(=O)C[C@H](O)C(=O)OC,1690957_14585673
0.44155844155844154,O=C(Nc1nncc2ccccc12)c1ccncc1O,20984652_334931
0.38666666666666666,COC(=O)[C@@H](O)CC(=O)Nc1ccc(C#N)nc1,403997_14585673
0.5342465753424658,CN(C)CC[C@@H](O)C(=O)Nc1nncc2ccccc12,20984652_234298771
0.4666666666666667,Cc1cnc(C(=O)Nc2nncc3ccccc23)[nH]1,20984652_19093618
0.3218390804597701,COC(=O)[C@@H](O)CC(=O)NCc1noc2ncccc12,24781329_14585673
0.3333333333333333,COC(=O)[C@@H](O)CC(=O)Nc1cnc(C#N)c(OC)c1,39048376_14585673
0.5,CC(C)C[C@@H]1C[C@H]1C(=O)Nc1nncc2ccccc12,20984652_52126747
0.5066666666666667,CCCCC[C@@H](N)C(=O)Nc1nncc2ccccc12,20984652_2035160
0.31645569620253167,COC(=O)[C@@H](O)CC(=O)NCc1ccc(OC)cn1,78676129_14585673
0.325,COC(=O)[C@@H](O)CC(=O)N[C@H]1C[C@]1(C)c1ccccc1,52126356_14585673
0.5428571428571428,COC[C@H](C)C(=O)Nc1nncc2ccccc12,20984652_35755625
0.36363636363636365,COC(=O)[C@@H](O)CC(=O)Nc1c(C)ccnc1OC,8698247_14585673
0.5633802816901409,CCOC(=O)[C@H](C)C(=O)Nc1nncc2ccccc12,20984652_2564880
0.38028169014084506,COC(=O)[C@@H](O)CC(=O)Nc1ccnn1C,1390247_14585673
0.35,COC(=O)[C@@H](O)CC(=O)Nc1cccc(C2(C)N=N2)c1,104600578_14585673
0.2898550724637681,COC(=O)[C@H](NC(=O)C[C@H](O)C(=O)OC)C(C)=O,100025869_14585673
0.5294117647058824,NCC(CN)C(=O)Nc1nncc2ccccc12,20984652_114812654
0.3670886075949367,COC(=O)[C@@H](O)CC(=O)Nc1ccc(C#N)nc1OC,88187525_14585673
0.32098765432098764,COC(=O)[C@@H](O)CC(=O)N[C@H](C)Cc1cccnc1,7277178_14585673
0.5138888888888888,CO[C@@H](C)[C@@H](N)C(=O)Nc1nncc2ccccc12,20984652_1700277
0.34615384615384615,COC(=O)[C@@H](O)CC(=O)N[C@H](C)c1cccc(C)n1,42383833_14585673
0.5285714285714286,CC[C@@H](NC)C(=O)Nc1nncc2ccccc12,20984652_13346979
0.5205479452054794,CO[C@H](CCN)C(=O)Nc1nncc2ccccc12,20984652_82776003
0.36,CCc1cnc(NC(=O)C[C@H](O)C(=O)OC)s1,12481760_14585673
0.5652173913043478,C=C(CCC)CC(=O)Nc1nncc2ccccc12,20984652_39410361
0.3058823529411765,COC(=O)[C@@H](O)CC(=O)N[C@H]1CNCc2ccccc21,20971897_14585673
0.46153846153846156,C[C@H](C(=O)Nc1nncc2ccccc12)n1ccnc1,20984652_95923565
0.4794520547945205,Cc1nnc(C(=O)Nc2nncc3ccccc23)s1,20984652_38804027
0.4473684210526316,O=C(Nc1nncc2ccccc12)c1cnc(Cl)[nH]1,20984652_81112905
0.46835443037974683,COC[C@@]1(C)C[C@@H]1C(=O)Nc1nncc2ccccc12,20984652_53199847
0.5797101449275363,CC(C)(C)C[C@@H](O)C(=O)Nc1nncc2ccccc12,20984652_34016779
0.3076923076923077,COC(=O)[C@@H](O)CC(=O)N[C@H](C)c1cccn1C,11848685_14585673
0.38271604938271603,COC(=O)[C@@H](O)CC(=O)Nc1ncnc2cccnc12,13517868_14585673
0.358974358974359,COC(=O)[C@@H](O)CC(=O)Nc1cccnc1SC,26896214_14585673
0.5735294117647058,C=C(C)CCC(=O)Nc1nncc2ccccc12,20984652_14592840
0.3466666666666667,COC(=O)[C@@H](O)CC(=O)Nc1ccc(=S)[nH]c1,14982086_14585673
0.48717948717948717,O=C(CCn1cncn1)Nc1nncc2ccccc12,20984652_128315
0.32051282051282054,COC(=O)[C@@H](O)CC(=O)NCc1cn(C)nc1F,218733491_14585673
0.35135135135135137,COC(=O)[C@@H](O)CC(=O)N/C=C\c1ccccc1,103728459_14585673
0.5342465753424658,CCC[C@@](C)(O)CC(=O)Nc1nncc2ccccc12,20984652_14490325
0.3333333333333333,COC(=O)[C@@H](O)CC(=O)NCCNc1cccnn1,52815753_14585673
0.3132530120481928,COC(=O)[C@@H](O)CC(=O)N[C@H](c1ccccn1)C1CC1,17787000_14585673
0.5277777777777778,CCC[C@@H](OC)C(=O)Nc1nncc2ccccc12,20984652_22122712
0.36,COC(=O)[C@@H](O)CC(=O)Nc1cccc(C(C)=O)c1,157542_14585673
0.5652173913043478,CC(F)(F)CCC(=O)Nc1nncc2ccccc12,20984652_19407990
0.31645569620253167,COC(=O)[C@@H](O)CC(=O)NCCc1ccon1,20417451_14585673
0.3950617283950617,COC(=O)[C@@H](O)CC(=O)Nc1ncnc2ccncc12,20981115_14585673
0.46153846153846156,CCn1cc(C(=O)Nc2nncc3ccccc23)nn1,20984652_50213127
0.45569620253164556,C[C@@H](C(=O)Nc1nncc2ccccc12)c1ncc[nH]1,20984652_82410341
0.31645569620253167,COC(=O)[C@@H](O)CC(=O)NC(=O)c1cncc(F)n1,39063963_14585673
0.35802469135802467,COC(=O)[C@@H](O)CC(=O)NCc1coc2ccccc12,24429085_14585673
0.40540540540540543,COC(=O)[C@@H](O)CC(=O)Nc1ncncc1OC,331862_14585673
0.30864197530864196,COC(=O)[C@@H](O)CC(=O)N[C@@H](C)c1cnccc1O,238435951_14585673
0.3246753246753247,COC(=O)[C@@H](O)CC(=O)NC[C@H](O)c1ccco1,4240322_14585673
0.5277777777777778,CC[C@@H](O)[C@H](N)C(=O)Nc1nncc2ccccc12,20984652_2020209
0.4605263157894737,Cc1nc(C(=O)Nc2nncc3ccccc23)cn1C,20984652_71493997
0.5205479452054794,COCC[C@@H](C)C(=O)Nc1nncc2ccccc12,20984652_34319316
0.47297297297297297,Cc1nsc(C(=O)Nc2nncc3ccccc23)n1,20984652_59771410
0.345679012345679,COC(=O)[C@@H](O)CC(=O)Nc1cc2n[nH]nc2cn1,18551816_14585673
0.5068493150684932,CC[C@@H](CC(C)C)C(=O)Nc1nncc2ccccc12,20984652_5922842
0.33766233766233766,COC(=O)[C@@H](O)CC(=O)Nc1cc(OC)ncn1,152324_14585673
0.5352112676056338,C[C@@H](CC(C)(C)C)C(=O)Nc1nncc2ccccc12,20984652_1587708
0.4868421052631579,NC[C@@H](CC1CC1)C(=O)Nc1nncc2ccccc12,20984652_44196605
0.33766233766233766,COC(=O)[C@@H](O)CC(=O)N[C@@H](C(=O)O)c1ccc[nH]1,59743626_14585673
0.5,N[C@H](CCCCO)C(=O)Nc1nncc2ccccc12,20984652_2035148
0.35802469135802467,COC(=O)[C@@H](O)CC(=O)Nc1nn(C)c2nccnc12,16981435_14585673
0.45,CC[C@H]1OCC[C@@H]1C(=O)Nc1nncc2ccccc12,20984652_86245345
0.4533333333333333,O=C(Nc1nncc2ccccc12)c1[nH]ccc1Cl,20984652_43199174
0.35365853658536583,COC(=O)[C@@H](O)CC(=O)Nc1ccc2cn[nH]c2c1C,89197556_14585673
0.5441176470588235,C[C@@H](O)[C@H](N)C(=O)Nc1nncc2ccccc12,20984652_895103
0.4805194805194805,N#CCCC[C@H](N)C(=O)Nc1nncc2ccccc12,20984652_104563981
0.273972602739726,COCC[C@@H](C)NC(=O)C[C@H](O)C(=O)OC,20429246_14585673
0.36,COC(=O)[C@@H](O)CC(=O)Nc1nc(C(C)C)co1,50266322_14585673
0.5211267605633803,CC[C@H](CN)C(=O)Nc1nncc2ccccc12,20984652_13507030
0.32894736842105265,COC(=O)[C@@H](O)CC(=O)N[C@H](C)c1cncs1,11760635_14585673
0.5555555555555556,CC(=O)[C@H](N)CCC(=O)Nc1nncc2ccccc12,20984652_1873047
0.5352112676056338,C[C@H](CC(C)(C)C)C(=O)Nc1nncc2ccccc12,20984652_6036131
0.4225352112676056,COC(=O)[C@@H](O)CC(=O)Nc1nscc1C(=O)O,22861807_14585673
0.46835443037974683,COC[C@@]1(C)C[C@H]1C(=O)Nc1nncc2ccccc12,20984652_53199849
0.4230769230769231,COC(=O)[C@@H](O)CC(=O)Nc1nc(C)nc2[nH]ncc12,4353371_14585673
0.5131578947368421,C[C@H]1CC[C@@H](CC(=O)Nc2nncc3ccccc23)C1,20984652_39218327
0.37037037037037035,COC(=O)[C@@H](O)CC(=O)Nc1c[nH]c2ncccc12,14984902_14585673
0.3291139240506329,COC(=O)[C@@H](O)CC(=O)N[C@@H](C#N)Cc1ccccc1,20282709_14585673
0.37333333333333335,COC(=O)[C@@H](O)CC(=O)Nc1ccnc(Cl)n1,1595944_14585673
0.5633802816901409,CC(C)[C@@H](N)CCC(=O)Nc1nncc2ccccc12,20984652_26441380
0.3333333333333333,COC(=O)[C@@H](O)CC(=O)Nc1cc(C)nc(C)c1C#N,35189569_14585673
0.4666666666666667,Cc1nsnc1C(=O)Nc1nncc2ccccc12,20984652_38804045
0.4794520547945205,CN1CC(C(=O)Nc2nncc3ccccc23)C1,20984652_67176003
0.3116883116883117,COC(=O)[C@@H](O)CC(=O)N[C@H](C)c1cnc(C)nc1,77303287_14585673
0.3375,CC[C@H](C)c1cc(NC(=O)C[C@H](O)C(=O)OC)[nH]n1,16677940_14585673
0.5428571428571428,C[C@H](O)[C@](C)(N)C(=O)Nc1nncc2ccccc12,20984652_4285764
0.4935064935064935,O=C1C[C@H](CC(=O)Nc2nncc3ccccc23)CN1,20984652_82409537
0.39436619718309857,COC(=O)[C@@H](O)CC(=O)Nc1ccccc1SC,391221_14585673
0.35064935064935066,COC(=O)[C@@H](O)CC(=O)Nc1cc(C)nc(OC)c1,71250448_14585673
0.4189189189189189,COC(=O)[C@@H](O)CC(=O)Nc1nc(Cl)ncc1C,2583509_14585673
0.5135135135135135,CC(=O)CC[C@H](N)C(=O)Nc1nncc2ccccc12,20984652_895890
0.5205479452054794,NCC(=O)NCCC(=O)Nc1nncc2ccccc12,20984652_1637970
0.36,COC(=O)[C@@H](O)CC(=O)Nc1cncc(Cl)c1,332989_14585673
0.5205479452054794,O=C(CCn1cnnc1)Nc1nncc2ccccc12,20984652_2573102
0.4358974358974359,C#Cc1ccc(C(=O)Nc2nncc3ccccc23)cn1,20984652_39049643
0.2727272727272727,COC(=O)[C@@H](O)CC(=O)N[C@@H](C(=O)O)[C@H](C)C1CC1,13347825_14585673
0.5068493150684932,NCCC[C@@H](N)C(=O)Nc1nncc2ccccc12,20984652_1532678
0.5135135135135135,CC[C@@H](CCOC)C(=O)Nc1nncc2ccccc12,20984652_40377760
0.45569620253164556,CCc1oncc1C(=O)Nc1nncc2ccccc12,20984652_8700121
0.5352112676056338,CCO[C@H](C)C(=O)Nc1nncc2ccccc12,20984652_19483797
0.4935064935064935,O=C(CCc1ccoc1)Nc1nncc2ccccc12,20984652_39594472
0.37037037037037035,COC(=O)[C@@H](O)CC(=O)Nc1[nH]nc2c(C)cccc12,44699934_14585673
0.35064935064935066,COC(=O)c1cc(NC(=O)C[C@H](O)C(=O)OC)[nH]n1,95483539_14585673
0.35064935064935066,COC(=O)[C@@H](O)CC(=O)Nc1cc(F)cnc1C,76571305_14585673
0.35443037974683544,COC(=O)[C@@H](O)CC(=O)Nc1c(C#N)cccc1OC,11919413_14585673
0.4027777777777778,COC(=O)[C@@H](O)CC(=O)Nc1ccc(F)nc1F,39051942_14585673
0.49333333333333335,NCCCC[C@@H](N)C(=O)Nc1nncc2ccccc12,20984652_1532731
0.5070422535211268,O=C(Nc1nncc2ccccc12)[C@H](CO)NP,20984652_113064474
0.4605263157894737,O=C(Nc1nncc2ccccc12)c1n[nH]cc1Cl,20984652_4716339
0.35365853658536583,COC(=O)[C@@H](O)CC(=O)Nc1c[nH]c2cnccc12,26059903_14585673
0.4473684210526316,Nc1[nH]ncc1C(=O)Nc1nncc2ccccc12,20984652_5116952
0.4657534246575342,O=C(Nc1nncc2ccccc12)c1nncs1,20984652_2548448
0.47297297297297297,Cn1nnc(C(=O)Nc2nncc3ccccc23)n1,20984652_1564369
0.5882352941176471,CC[S@](=O)CC(=O)Nc1nncc2ccccc12,20984652_19092572
0.4189189189189189,CNc1cccnc1NC(=O)C[C@H](O)C(=O)OC,38549194_14585673
0.35365853658536583,COC(=O)[C@@H](O)CC(=O)NCc1cccc2cn[nH]c12,36533300_14585673
0.5285714285714286,CC[C@H](NC)C(=O)Nc1nncc2ccccc12,20984652_13346975
0.33766233766233766,COC(=O)[C@@H](O)CC(=O)Nc1cc(C)ccc1OC,157578_14585673
0.37333333333333335,COC(=O)[C@@H](O)CC(=O)Nc1ccc(OC)nc1C,8698260_14585673
0.41975308641975306,C#Cc1cncc(C(=O)Nc2nncc3ccccc23)c1,20984652_104736966
0.38461538461538464,COC(=O)[C@@H](O)CC(=O)Nc1nccc(C#N)c1C,306639817_14585673
0.28169014084507044,COC[C@H](NC(=O)C[C@H](O)C(=O)OC)C(=O)O,2043994_14585673
0.4935064935064935,O=C(CCc1cc[nH]c1)Nc1nncc2ccccc12,20984652_14684361
0.30864197530864196,COC(=O)[C@@H](O)CC(=O)NCc1cnn(C(F)F)c1,72226557_14585673
0.34210526315789475,COC(=O)[C@@H](O)CC(=O)NCC(C)(C)c1ccccc1,1646637_14585673
0.3466666666666667,COC(=O)[C@@H](O)CC(=O)Nc1sc(OC)nc1C,82839718_14585673
0.5416666666666666,CCCC[C@@H](O)C(=O)Nc1nncc2ccccc12,20984652_1757853
0.5352112676056338,CC[C@@](C)(O)[C@@H](O)C(=O)Nc1nncc2ccccc12,20984652_895982
0.44871794871794873,O=C(Nc1nncc2ccccc12)c1cnc(CO)o1,20984652_85388662
0.325,COC(=O)[C@@H](O)CC(=O)NCc1nc(C)ccc1F,66322828_14585673
0.2804878048780488,COC(=O)[C@@H](O)CC(=O)N[C@@H](C)Cc1cscn1,11595431_14585673
0.3291139240506329,COC(=O)[C@@H](O)CC(=O)NCc1cnc(F)c(F)c1,95631134_14585673
0.44155844155844154,O=C(Nc1nncc2ccccc12)c1cccnc1O,20984652_8698121
0.35526315789473684,COC(=O)[C@@H](O)CC(=O)Nc1cc(F)c(C)cn1,95761874_14585673
0.3835616438356164,CCc1ccc(NC(=O)C[C@H](O)C(=O)OC)nn1,43214521_14585673
0.582089552238806,CCCCC(=O)Nc1nncc2ccccc12,20984652_31500905
0.30864197530864196,COC(=O)[C@@H](O)CC(=O)NCCc1ccc(C)cn1,21985039_14585673
0.35365853658536583,COC(=O)[C@@H](O)CC(=O)Nc1ncc2n[nH]nc2n1,18562019_14585673
0.3125,COC(=O)[C@@H](O)CC(=O)N[C@H](C)c1ncccc1F,44138870_14585673
0.4864864864864865,CC(C)[C@@H](NC=O)C(=O)Nc1nncc2ccccc12,20984652_4759557
0.6029411764705882,CCOC(=O)CC(=O)Nc1nncc2ccccc12,20984652_389716
0.36,CCNc1ncc(NC(=O)C[C@H](O)C(=O)OC)cn1,40455240_14585673
0.3375,COC(=O)[C@@H](O)CC(=O)Nc1ccc(C2CC2)c(C)c1,52886438_14585673
0.35714285714285715,COC(=O)[C@@H](O)CC(=O)Nc1nccc2c1NC(=O)C2,148691047_14585673
0.35526315789473684,COC(=O)[C@@H](O)CC(=O)Nc1ccn(C(F)F)n1,12397775_14585673
0.3103448275862069,COC(=O)[C@@H](O)CC(=O)NCc1ccc2cncn2c1,107157250_14585673
0.3125,COC(=O)[C@@H](O)CC(=O)NCc1cccc(OC)c1,388378_14585673
0.46153846153846156,CCn1ncc(C(=O)Nc2nncc3ccccc23)n1,20984652_218553550
0.3783783783783784,COC(=O)[C@@H](O)CC(=O)Nc1ncc(C(=O)O)o1,38537161_14585673
0.34177215189873417,COC(=O)[C@@H](O)CC(=O)NC[C@@H](C)c1ccccn1,37245838_14585673
0.3333333333333333,COC(=O)[C@@H](O)CC(=O)Nc1cc(CO)ccc1F,12336788_14585673
0.3684210526315789,COC(=O)[C@@H](O)CC(=O)Nc1cccnc1CO,21985292_14585673
0.6060606060606061,CC(C)=CCC(=O)Nc1nncc2ccccc12,20984652_1846597
0.34210526315789475,COC(=O)[C@@H](O)CC(=O)Nc1ccc(OC)c(O)c1,409187_14585673
0.41333333333333333,COC(=O)[C@@H](O)CC(=O)Nc1cc2ccccc2[nH]1,2576352_14585673
0.5064935064935064,C[C@]1(CC(=O)Nc2nncc3ccccc23)CCCN1,20984652_228975289
0.3614457831325301,COC(=O)[C@@H](O)CC(=O)Nc1ccc2ncncc2c1,29483194_14585673
0.35526315789473684,COC(=O)[C@@H](O)CC(=O)Nc1nc(C#N)cs1,12320990_14585673
0.29850746268656714,COC(=O)[C@H](C)NC(=O)C[C@H](O)C(=O)OC,34702232_14585673
0.33766233766233766,COC(=O)[C@@H](O)CC(=O)NCC#Cc1ccccc1,2516052_14585673
0.6515151515151515,CC(=O)[C@H](N)CC(=O)Nc1nncc2ccccc12,20984652_5434359
0.33766233766233766,COC(=O)[C@@H](O)CC(=O)N[C@H]1C[C@@H](c2ccccc2)C1,103539963_14585673
0.48717948717948717,C#CCO[C@@H](CC)C(=O)Nc1nncc2ccccc12,20984652_37912054
0.5405405405405406,CC[C@@H](C)CCCC(=O)Nc1nncc2ccccc12,20984652_2578915
0.5616438356164384,CC(C)OCCCC(=O)Nc1nncc2ccccc12,20984652_19505007
0.35064935064935066,CCc1cncc(NC(=O)C[C@H](O)C(=O)OC)c1,72192704_14585673
0.4931506849315068,COC(=O)[C@H]1C[C@@H]1C(=O)Nc1nncc2ccccc12,20984652_39240025
0.4146341463414634,N#Cc1cnccc1C(=O)Nc1nncc2ccccc12,20984652_82408812
0.325,COC(=O)[C@@H](O)CC(=O)N[C@@H](C)Cc1ccccn1,11570829_14585673
0.5142857142857142,CC[C@@](C)(O)C(=O)Nc1nncc2ccccc12,20984652_2547723
0.5205479452054794,C[C@H](CC(C)(C)N)C(=O)Nc1nncc2ccccc12,20984652_40544555
0.5735294117647058,O=C(CCC(F)F)Nc1nncc2ccccc12,20984652_39325990
0.35135135135135137,CC[C@@](C)(NC(=O)C[C@H](O)C(=O)OC)c1ccccc1,1686424_14585673
0.5405405405405406,CC1(OCC(=O)Nc2nncc3ccccc23)CCC1,20984652_82160284
0.4605263157894737,Cc1cccc(C(=O)Nc2nncc3ccccc23)c1,20984652_330142
0.6056338028169014,C[C@@H](CC(=O)Nc1nncc2ccccc12)C1CCC1,20984652_82839042
0.3291139240506329,COC(=O)[C@@H](O)CC(=O)NC1=NC(=O)[C@@H](OC)C=N1,100044455_14585673
0.37333333333333335,COC(=O)[C@@H](O)CC(=O)Nc1c(C)cnn1C(C)C,20578751_14585673
0.34146341463414637,COC(=O)[C@@H](O)CC(=O)NCc1cc2ccccc2[nH]1,2558366_14585673
0.46153846153846156,COc1cc(C(=O)Nc2nncc3ccccc23)on1,20984652_1567451
0.2911392405063291,COC(=O)[C@@H](O)CC(=O)N[C@@H](C)c1ncco1,20417888_14585673
0.3048780487804878,COC(=O)[C@@H](O)CC(=O)NCc1ncccc1OC,39050149_14585673
0.37333333333333335,COC(=O)[C@@H](O)CC(=O)Nc1ccncc1Cl,333066_14585673
0.5066666666666667,O=C(CC1=CCCC1)Nc1nncc2ccccc12,20984652_5188307
0.5555555555555556,COCCNCC(=O)Nc1nncc2ccccc12,20984652_20376246
0.47368421052631576,CC1(C)[C@H](C(=O)Nc2nncc3ccccc23)[C@@H]1C#N,20984652_104732233
0.4473684210526316,Nc1nc(C(=O)Nc2nncc3ccccc23)co1,20984652_20357811
0.44871794871794873,O=C(Nc1nncc2ccccc12)c1ncncc1F,20984652_230539904
0.46153846153846156,COc1cc(C(=O)Nc2nncc3ccccc23)n[nH]1,20984652_72190642
0.36585365853658536,COC(=O)[C@@H](O)CC(=O)Nc1cn2cnnc2cn1,18556000_14585673
0.33766233766233766,CCC[C@H](NC(=O)C[C@H](O)C(=O)OC)c1ccccc1,3333288_14585673
0.34210526315789475,COC(=O)[C@@H](O)CC(=O)Nc1nc(C)nn1C(C)C,54404571_14585673
0.5294117647058824,CC(C)[C@@H](N)C(=O)Nc1nncc2ccccc12,20984652_896156
0.4605263157894737,Cc1cnc(C(=O)Nc2nncc3ccccc23)n1C,20984652_82837824
0.358974358974359,COC(=O)[C@@H](O)CC(=O)Nc1c(C#N)cnn1C,169364_14585673
0.4594594594594595,O=C(Nc1nncc2ccccc12)c1ccc(Cl)[nH]1,20984652_104713628
0.5633802816901409,COCCCCC(=O)Nc1nncc2ccccc12,20984652_5606218
0.6231884057971014,C[C@@H](N)C[C@H](N)CC(=O)Nc1nncc2ccccc12,20984652_1703902
0.3333333333333333,COC(=O)[C@@H](O)CC(=O)Nc1cnn(C)c1C1CC1,85634391_14585673
0.36,COC(=O)[C@@H](O)CC(=O)Nc1ccc(O)c(CO)c1,168825_14585673
0.6515151515151515,C[C@@H](CC(=O)Nc1nncc2ccccc12)C(N)=O,20984652_77260148
0.3835616438356164,COC(=O)[C@@H](O)CC(=O)Nc1ccccc1C(C)C,2031561_14585673
0.639344262295082,CCC(=O)Nc1nncc2ccccc12,20984652_6050663
0.5416666666666666,CN(CC(=O)Nc1nncc2ccccc12)C(=N)N,20984652_3861770
0.36619718309859156,COC(=O)[C@@H](O)CC(=O)Nc1ccc([C@@H](C)O)cc1,404059_14585673
0.5211267605633803,NC(=O)C[C@@H](N)C(=O)Nc1nncc2ccccc12,20984652_1529313
0.35135135135135137,COC(=O)[C@@H](O)CC(=O)NCCc1ccccc1,6579654_14585673
0.5352112676056338,CCC[C@H](N)C(=O)Nc1nncc2ccccc12,20984652_391821
0.37333333333333335,COC(=O)[C@@H](O)CC(=O)Nc1c([C@@H](C)O)cnn1C,83747196_14585673
0.5352112676056338,CC[C@](C)(O)[C@H](O)C(=O)Nc1nncc2ccccc12,20984652_901926
0.3466666666666667,COC(=O)[C@@H](O)CC(=O)Nc1cn(C(C)C)cn1,72193493_14585673
0.3698630136986301,COC(=O)[C@@H](O)CC(=O)Nc1cccc(=O)[nH]1,14982071_14585673
0.43478260869565216,COC(=O)[C@@H](O)CC(=O)Nc1nocc1C,34156410_14585673
0.3561643835616438,COC(=O)[C@@H](O)CC(=O)Nc1nc(C)c(F)s1,39134464_14585673
0.5833333333333334,NCCC[C@H](N)CC(=O)Nc1nncc2ccccc12,20984652_1532872
0.3375,COCc1cc(NC(=O)C[C@H](O)C(=O)OC)ccn1,86134856_14585673
0.33766233766233766,COC(=O)[C@@H](O)CC(=O)Nc1ccc([C@@H](C)C#N)cc1,5141475_14585673
0.5131578947368421,Cc1nccn1CC(=O)Nc1nncc2ccccc12,20984652_19702780
0.3333333333333333,COC(=O)[C@@H](O)CC(=O)N[C@@H](c1ccccc1)C1CC1,3739100_14585673
0.3780487804878049,COC(=O)[C@@H](O)CC(=O)Nc1cccc2cncnc12,21987234_14585673
0.4358974358974359,N#Cc1ccc(C(=O)Nc2nncc3ccccc23)nc1,20984652_12336459
0.3835616438356164,COC(=O)[C@@H](O)CC(=O)Nc1ccc(CO)nn1,104588358_14585673
0.3,CNC(=O)C[C@H](C)NC(=O)C[C@H](O)C(=O)OC,37475650_14585673
0.325,COC(=O)[C@@H](O)CC(=O)N[C@@H](CO)c1cccnc1,6662164_14585673
0.37333333333333335,COC(=O)[C@@H](O)CC(=O)Nc1ccnc(F)c1F,211662566_14585673
0.35064935064935066,CCn1cc(NC(=O)C[C@H](O)C(=O)OC)ccc1=O,19265440_14585673
0.47297297297297297,Cc1nc(C(=O)Nc2nncc3ccccc23)oc1C,20984652_82410131
0.3132530120481928,COC(=O)[C@@H](O)CC(=O)NCCOc1cccnc1,33961386_14585673
0.37333333333333335,COC(=O)[C@@H](O)CC(=O)Nc1noc(C)c1C(C)C,164103405_14585673
0.5285714285714286,CN[C@H](C(=O)Nc1nncc2ccccc12)[C@@H](C)O,20984652_2389623
0.48717948717948717,O=C(C[C@H]1CCC(=O)N1)Nc1nncc2ccccc12,20984652_5188212
0.3466666666666667,COC(=O)[C@@H](O)CC(=O)Nc1ccc(O)c(F)c1,2567358_14585673
0.5352112676056338,COC[C@H](N)C(=O)Nc1nncc2ccccc12,20984652_2043994
0.31645569620253167,COC(=O)[C@@H](O)CC(=O)NCCc1ccccc1F,389782_14585673
0.2857142857142857,COC(=O)[C@@H](NC(=O)C[C@H](O)C(=O)OC)C(F)F,148691259_14585673
0.3815789473684211,COC(=O)[C@@H](O)CC(=O)Nc1cc(C)c(CO)cn1,34049594_14585673
0.4027777777777778,COC(=O)[C@@H](O)CC(=O)Nc1nc(C)nc(C)c1C,45628391_14585673
0.3333333333333333,C/N=C(\Cc1ccccc1)NC(=O)C[C@H](O)C(=O)OC,62994469_14585673
0.4533333333333333,Nc1ccc(C(=O)Nc2nncc3ccccc23)o1,20984652_39201131
0.3783783783783784,COC(=O)[C@@H](O)CC(=O)Nc1ccc(CO)nc1,21985574_14585673
0.35064935064935066,COC(=O)[C@@H](O)CC(=O)Nc1cc(C#N)n[nH]1,39118285_14585673
0.34615384615384615,COC(=O)[C@@H](O)CC(=O)NCc1cc(C)cnn1,95743290_14585673
0.45454545454545453,Cc1cc(C(=O)Nc2nncc3ccccc23)ccn1,20984652_405405
0.273972602739726,CC[C@@H](C)[C@@H](NC(=O)C[C@H](O)C(=O)OC)C(=O)OC,56963145_14585673
0.4166666666666667,CCNc1nccnc1NC(=O)C[C@H](O)C(=O)OC,40448280_14585673
0.4473684210526316,Nc1cccc(C(=O)Nc2nncc3ccccc23)c1,20984652_388179
0.5135135135135135,CCCC[C@@H](OC)C(=O)Nc1nncc2ccccc12,20984652_96585171
0.35135135135135137,CC[C@@H](NC(=O)C[C@H](O)C(=O)OC)c1ccccc1,2014818_14585673
0.4875,O=C(CO[C@@H]1CCNC1)Nc1nncc2ccccc12,20984652_84250506
0.37333333333333335,COC(=O)[C@@H](O)CC(=O)Nc1cnccc1Cl,331594_14585673
0.5205479452054794,COC[C@H](C(=O)Nc1nncc2ccccc12)N(C)C,20984652_82707840
0.3783783783783784,COC(=O)[C@@H](O)CC(=O)Nc1ccncc1C,4721887_14585673
0.37333333333333335,COC(=O)[C@@H](O)CC(=O)Nc1cnc(F)c(C)c1,2384018_14585673
0.35365853658536583,COC(=O)[C@@H](O)CC(=O)Nc1cccc2nnn(C)c12,32189615_14585673
0.3333333333333333,COC(=O)[C@@H](O)CC(=O)N[C@@H](CC#N)c1ccccc1,34550001_14585673
0.38271604938271603,COC(=O)[C@@H](O)CC(=O)Nc1nnc2nc(C)ccn12,66323473_14585673
0.5,CC(C)C[C@@H](CN)C(=O)Nc1nncc2ccccc12,20984652_40710639
0.36,COC(=O)[C@@H](O)CC(=O)Nc1cc(O)ccc1C,4293750_14585673
0.3157894736842105,COC(=O)[C@@H](O)CC(=O)N[C@H](C)c1cnsc1,82836380_14585673
0.3466666666666667,COC(=O)[C@@H](O)CC(=O)Nc1ccc(C)cc1F,389592_14585673
0.5833333333333334,N[C@H](CC(=O)Nc1nncc2ccccc12)C1CCC1,20984652_26896311
0.3026315789473684,COC(=O)[C@@H](O)CC(=O)NC[C@@H](F)C1CCCC1,108280411_14585673
0.5352112676056338,CC(C)(CO)[C@H](O)C(=O)Nc1nncc2ccccc12,20984652_3870050
0.32142857142857145,COC(=O)[C@@H](O)CC(=O)N/C(=N\C#N)c1ccccn1,43769341_14585673
0.32894736842105265,COC(=O)[C@@H](O)CC(=O)N[C@H](C)c1nnco1,19676424_14585673
0.31645569620253167,COC(=O)[C@@H](O)CC(=O)N[C](C)c1cccc(F)c1,1560410007_14585673
0.3048780487804878,COC(=O)[C@@H](O)CC(=O)NCc1ncc(C#N)s1,38540482_14585673
0.5066666666666667,Nc1nnnn1CC(=O)Nc1nncc2ccccc12,20984652_4143886
0.3076923076923077,COC(=O)[C@@H](O)CC(=O)NC(=O)c1cnn(C)n1,104586232_14585673
0.3972602739726027,COC(=O)[C@@H](O)CC(=O)Nc1nccnc1C(C)=O,39068775_14585673
0.5405405405405406,C[C@@H](N)CCCCC(=O)Nc1nncc2ccccc12,20984652_34111248
0.38666666666666666,C#Cc1ccc(NC(=O)C[C@H](O)C(=O)OC)cn1,209820944_14585673
0.5428571428571428,O=C(C[c-]1cccc1)Nc1nncc2ccccc12,20984652_62086696
0.45569620253164556,C[C@H](C(=O)Nc1nncc2ccccc12)c1ncc[nH]1,20984652_82410340
0.47297297297297297,Cc1coc(C(=O)Nc2nncc3ccccc23)n1,20984652_38530119
0.4605263157894737,Cc1ncc(C(=O)Nc2nncc3ccccc23)n1C,20984652_40448696
0.5507246376811594,NC1(CC(=O)Nc2nncc3ccccc23)CC1,20984652_34622952
0.5428571428571428,CC(=O)C[C@@H](C)C(=O)Nc1nncc2ccccc12,20984652_1711338
0.34615384615384615,COC(=O)[C@@H](O)CC(=O)Nc1cc(CO)nc(C)n1,95698492_14585673
0.4358974358974359,O=C(Nc1nncc2ccccc12)[C@]12CCN[C@@H]1C2,20984652_100440787
0.4533333333333333,O=C(Nc1nncc2ccccc12)c1cscn1,20984652_1494948
0.43283582089552236,COC(=O)[C@@H](O)CC(=O)Nc1nncnn1,8251252_14585673
0.35526315789473684,COC(=O)[C@@H](O)CC(=O)Nc1[nH]ncc1C(=O)O,5116952_14585673
0.27631578947368424,COC(=O)[C@@H](O)CC(=O)NC[C@@]1([C@@H](C)O)C[C@@H]1C,96527073_14585673
0.3815789473684211,CCNc1cccc(NC(=O)C[C@H](O)C(=O)OC)n1,82707700_14585673
0.35,COC(=O)[C@@H](O)CC(=O)Nc1c(C2CC2)cnn1C,257840581_14585673
0.375,COC(=O)[C@@H](O)CC(=O)Nc1ncc(C)s1,8652421_14585673
0.4268292682926829,N#Cc1ccnc(C(=O)Nc2nncc3ccccc23)c1,20984652_12336457
0.39436619718309857,COC(=O)[C@@H](O)CC(=O)Nc1ncc(C)o1,39237104_14585673
0.3176470588235294,COC(=O)[C@@H](O)CC(=O)NCc1cnc2[nH]ncc2c1,82840027_14585673
0.3291139240506329,C#CC[C@H](NC(=O)C[C@H](O)C(=O)OC)c1ccccc1,12336864_14585673
0.33783783783783783,COC(=O)[C@@H](O)CC(=O)NCc1cncnc1,6667028_14585673
0.4794520547945205,Cc1nnc(C(=O)Nc2nncc3ccccc23)o1,20984652_2559696
0.45569620253164556,CCn1nccc1C(=O)Nc1nncc2ccccc12,20984652_392139
0.3972602739726027,CNc1cccc(NC(=O)C[C@H](O)C(=O)OC)n1,72230859_14585673
0.36,COC(=O)[C@@H](O)CC(=O)Nc1cc(C(C)(C)F)no1,44138203_14585673
0.527027027027027,CCCCC[C@H](O)C(=O)Nc1nncc2ccccc12,20984652_3846438
0.3373493975903614,COC(=O)[C@@H](O)CC(=O)Nc1nccc(C2CCC2)n1,72191755_14585673
0.4657534246575342,O=C(Nc1nncc2ccccc12)c1ccsn1,20984652_12958089
0.3375,CCCn1nc(C)cc1NC(=O)C[C@H](O)C(=O)OC,815694_14585673
0.5142857142857142,CS[C@H](C(=O)Nc1nncc2ccccc12)C(C)C,20984652_38063402
0.325,COC(=O)[C@@H](O)CC(=O)NC[C@H](C)c1nncn1C,47975240_14585673
0.39436619718309857,COC(=O)[C@@H](O)CC(=O)Nc1nc(C)co1,2581942_14585673
0.41975308641975306,C#Cc1cccc(C(=O)Nc2nncc3ccccc23)c1,20984652_27838115
0.3875,COC(=O)[C@@H](O)CC(=O)Nc1n[nH]c2ncncc12,13362450_14585673
0.5362318840579711,CO[C@H](C(=O)Nc1nncc2ccccc12)C(C)C,20984652_19513078
0.35064935064935066,COC(=O)[C@@H](O)CC(=O)Nc1ccnc(C)c1F,39116676_14585673
0.3,COC(=O)[C@@H](O)CC(=O)NC[C@@H](O)CF,104566443_14585673
0.4473684210526316,Nc1ccoc1C(=O)Nc1nncc2ccccc12,20984652_82046518
0.3291139240506329,COC(=O)[C@@H](O)CC(=O)N[C@H](C#N)Cc1ccccc1,20282705_14585673
0.5,C[C@@H](CC1CC1)C(=O)Nc1nncc2ccccc12,20984652_59534610
0.4358974358974359,Nc1ncccc1C(=O)Nc1nncc2ccccc12,20984652_331646
0.29577464788732394,COC[C@H](O)CNC(=O)C[C@H](O)C(=O)OC,2263861_14585673
0.2962962962962963,COC(=O)[C@@H](O)CC(=O)N[C@H](C)c1cncc(F)c1,44463354_14585673
0.547945205479452,COC[C@@](C)(N)CC(=O)Nc1nncc2ccccc12,20984652_82762630
0.4868421052631579,COCC[C@@](C)(N)C(=O)Nc1nncc2ccccc12,20984652_39072873
0.5428571428571428,CNC[C@H](C)C(=O)Nc1nncc2ccccc12,20984652_28769717
0.2857142857142857,COCc1nc(CNC(=O)C[C@H](O)C(=O)OC)c[nH]1,39132601_14585673
0.4473684210526316,Nc1ccc(C(=O)Nc2nncc3ccccc23)cn1,20984652_334127
0.47435897435897434,CCc1conc1C(=O)Nc1nncc2ccccc12,20984652_71614234
0.6231884057971014,CC[C@@H](CC(=O)Nc1nncc2ccccc12)[C@H](C)N,20984652_72208262
0.3918918918918919,COC(=O)[C@@H](O)CC(=O)Nc1nc[nH]c1C(=O)O,2580801_14585673
0.4666666666666667,Cn1ccc(C(=O)Nc2nncc3ccccc23)c1,20984652_34327586
0.3333333333333333,COC(=O)[C@@H](O)CC(=O)NCc1nncs1,2548452_14585673
0.2857142857142857,CCn1ccc(CCNC(=O)C[C@H](O)C(=O)OC)n1,72209716_14585673
0.3783783783783784,CCc1ccc(NC(=O)C[C@H](O)C(=O)OC)cn1,34171709_14585673
0.4935064935064935,O=C(CN1CCCC1=O)Nc1nncc2ccccc12,20984652_4204933
0.4675324675324675,Cn1cc(F)c(C(=O)Nc2nncc3ccccc23)n1,20984652_88189721
0.33766233766233766,COC(=O)[C@@H](O)CC(=O)NCC(=O)Cc1ccccc1,39474807_14585673
0.5735294117647058,O=C(COC(F)(F)F)Nc1nncc2ccccc12,20984652_32629452
0.5555555555555556,C[C@H](N)C(=O)NCC(=O)Nc1nncc2ccccc12,20984652_1888744
0.5277777777777778,CCC[C@H](OC)C(=O)Nc1nncc2ccccc12,20984652_22122715
0.34146341463414637,COC(=O)[C@@H](O)CC(=O)Nc1ccc2c(n1)OCO2,18532389_14585673
0.5211267605633803,CN(C)[C@@H](CO)C(=O)Nc1nncc2ccccc12,20984652_1677416
0.5606060606060606,CC(C)[C@H](O)C(=O)Nc1nncc2ccccc12,20984652_389853
0.5555555555555556,C[C@H](CN)CCC(=O)Nc1nncc2ccccc12,20984652_82836728
0.47368421052631576,COc1ccc(C(=O)Nc2nncc3ccccc23)o1,20984652_253676
0.39436619718309857,COC(=O)[C@@H](O)CC(=O)Nc1oncc1C,39119938_14585673
0.4931506849315068,CO[C@H]1[C@@H](C(=O)Nc2nncc3ccccc23)C1(C)C,20984652_76576500
0.2962962962962963,COC(=O)[C@@H](O)CC(=O)NCCc1ccnn1C,69022025_14585673
0.37333333333333335,COC(=O)[C@@H](O)CC(=O)Nc1ccc(C#N)nn1,40448547_14585673
0.5142857142857142,CC(C)[C@H](C(=O)Nc1nncc2ccccc12)[C@@H](C)N,20984652_113966807
0.27631578947368424,CCC[C@H](CCC(=O)O)NC(=O)C[C@H](O)C(=O)OC,2090489_14585673
0.3170731707317073,COC(=O)[C@@H](O)CC(=O)NCCNc1cccnc1,19090972_14585673
0.35064935064935066,COC(=O)[C@@H](O)CC(=O)Nc1cnc(Cl)c(F)c1,71863703_14585673
0.36486486486486486,COC(=O)[C@@H](O)CC(=O)Nc1cc(F)c(O)cc1F,2243352_14585673
0.5571428571428572,CC[C@@](C)(O)CC(=O)Nc1nncc2ccccc12,20984652_12953982
0.36,COC(=O)[C@@H](O)CC(=O)Nc1ccc(F)c(C)c1F,39291954_14585673
0.3088235294117647,COC(=O)[C@@H](O)CC(=O)N[C@H](CO)C(=O)OC,19230193_14585673
0.36486486486486486,CCOc1ncc(NC(=O)C[C@H](O)C(=O)OC)cn1,39052909_14585673
0.5138888888888888,N[C@@H](C(=O)Nc1nncc2ccccc12)[C@H](O)CO,20984652_5502281
0.38271604938271603,COC(=O)[C@@H](O)CC(=O)Nc1noc2cc(C)ccc12,82713328_14585673
0.48,Cc1nccnc1C(=O)Nc1nncc2ccccc12,20984652_16124332
0.4666666666666667,Cn1nccc1C(=O)Nc1nncc2ccccc12,20984652_1049740
0.4594594594594595,O=C(Nc1nncc2ccccc12)c1coc(Cl)n1,20984652_38540808
0.34615384615384615,COC(=O)[C@@H](O)CC(=O)Nc1cnc(C#N)cc1C,72231318_14585673
0.44871794871794873,N[C@H](C(=O)Nc1nncc2ccccc12)c1ccc[nH]1,20984652_59743623
0.3466666666666667,COC(=O)[C@@H](O)CC(=O)NC(=O)[C@H](C)c1ccccc1,2044229_14585673
0.5633802816901409,CC(C)[C@](C)(N)CC(=O)Nc1nncc2ccccc12,20984652_44139066
0.4473684210526316,O=C(Nc1nncc2ccccc12)c1cnc(Cl)o1,20984652_108365796
0.3875,COC(=O)[C@@H](O)CC(=O)Nc1nccc2[nH]ccc12,1565269_14585673
0.45454545454545453,N[C@H](C(=O)Nc1nncc2ccccc12)c1ccco1,20984652_6059074
0.5135135135135135,C[C@H](OC(=O)CO)C(=O)Nc1nncc2ccccc12,20984652_59569925
0.5064935064935064,C[C@@]1(CC(=O)Nc2nncc3ccccc23)CCCN1,20984652_228975277
0.6515151515151515,CC(C)[C@@H](N)CC(=O)Nc1nncc2ccccc12,20984652_170090
0.45454545454545453,Cn1nc(C(=O)Nc2nncc3ccccc23)cc1O,20984652_15022089
0.3023255813953488,COC(=O)[C@@H](O)CC(=O)NC[C@H]1C[C@@H]1c1ccccn1,54587055_14585673
0.30303030303030304,COC(=O)C(NC(=O)C[C@H](O)C(=O)OC)C(=O)OC,36532919_14585673
0.34210526315789475,CC[C@@H](NC(=O)C[C@H](O)C(=O)OC)c1ccco1,20264952_14585673
0.6056338028169014,CCCC[C@@H](C)CC(=O)Nc1nncc2ccccc12,20984652_2578913
0.5857142857142857,CC[C@@H](C)OCC(=O)Nc1nncc2ccccc12,20984652_34306552
0.5,COC(=O)C1(C(=O)Nc2nncc3ccccc23)CC1,20984652_12359095
0.44871794871794873,O=C(Nc1nncc2ccccc12)c1cc(F)ccn1,20984652_21304417
0.5735294117647058,C[N+](C)(C)CCC(=O)Nc1nncc2ccccc12,20984652_897434
0.325,COC(=O)[C@@H](O)CC(=O)N[C@H](C)c1cccnc1F,83591337_14585673
0.43037974683544306,N#Cc1ccc(C(=O)Nc2nncc3ccccc23)cn1,20984652_1495010
0.4,COC(=O)[C@@H](O)CC(=O)Nc1ncncc1C(=O)O,967326_14585673
0.5915492957746479,C#CC[C@@H](N)CC(=O)Nc1nncc2ccccc12,20984652_2385797
0.5405405405405406,CC[C@H](C)CCCC(=O)Nc1nncc2ccccc12,20984652_5924641
0.2972972972972973,CCOC(=O)[C@@H](CC)CNC(=O)C[C@H](O)C(=O)OC,78724372_14585673
0.2976190476190476,COC(=O)[C@@H](O)CC(=O)N[C@H]1c2ccccc2O[C@@H]1C,43633473_14585673
0.527027027027027,C[C@@H]1CCC[C@@H]1CC(=O)Nc1nncc2ccccc12,20984652_1442751
0.33783783783783783,COC(=O)[C@@H](O)CC(=O)NCc1cc(C)nc(C)c1,39050607_14585673
0.358974358974359,COC(=O)[C@@H](O)CC(=O)Nc1cccnc1N(C)C,20317402_14585673
0.5571428571428572,CCC(F)(F)CC(=O)Nc1nncc2ccccc12,20984652_115074683
0.35,COCCc1coc(NC(=O)C[C@H](O)C(=O)OC)n1,252483000_14585673
0.4675324675324675,Cn1nc(C(=O)Nc2nncc3ccccc23)cc1F,20984652_258604089
0.3373493975903614,COC(=O)[C@@H](O)CC(=O)Nc1cc2[nH]ncc2cn1,18544333_14585673
0.6119402985074627,C[C@H](O)CCC(=O)Nc1nncc2ccccc12,20984652_6020467
0.44871794871794873,C[n+]1cccc(C(=O)Nc2nncc3ccccc23)c1,20984652_1082
0.3875,COC(=O)[C@@H](O)CC(=O)Nc1ncnn2cccc12,8764136_14585673
0.3888888888888889,COC(=O)[C@@H](O)CC(=O)Nc1ccc(C)nc1,8294948_14585673
0.46153846153846156,C[C@@H](C(=O)Nc1nncc2ccccc12)c1ccoc1,20984652_68978516
0.3466666666666667,COC(=O)[C@@H](O)CC(=O)NCc1ccccc1F,161604_14585673
0.5,CC[C@H](C)[C@@H](NC)C(=O)Nc1nncc2ccccc12,20984652_163157
0.29213483146067415,COC(=O)[C@@H](O)CC(=O)NCc1ncc2cccn2n1,82408752_14585673
0.5138888888888888,C[C@H]([C@H](C)O)[C@H](N)C(=O)Nc1nncc2ccccc12,20984652_5759723
0.3684210526315789,COC(=O)[C@@H](O)CC(=O)NC1(Cc2ccccc2)CC1,6096117_14585673
0.4864864864864865,CO[C@H]1C[C@H](C(=O)Nc2nncc3ccccc23)C1,20984652_102237478
0.35064935064935066,CCc1cc(NC(=O)C[C@H](O)C(=O)OC)nc(C)n1,1736158_14585673
0.5909090909090909,CCC(=O)CC(=O)Nc1nncc2ccccc12,20984652_901313
0.3246753246753247,COC(=O)[C@@H](O)CC(=O)NC[C@@H](O)c1ccncc1,2513177_14585673
0.33766233766233766,COC(=O)[C@@H](O)CC(=O)Nc1nc(C(F)F)nn1C,128231468_14585673
0.40298507462686567,COC(=O)[C@@H](O)CC(=O)Nc1nnc(C)nn1,967265_14585673
0.345679012345679,COC(=O)[C@@H](O)CC(=O)Nc1ccc2nc[nH]c2n1,18544386_14585673
0.325,CCCn1cc(NC(=O)C[C@H](O)C(=O)OC)c(C)n1,2537956_14585673
0.4868421052631579,CCO[C@H]1C[C@H]1C(=O)Nc1nncc2ccccc12,20984652_32629450
0.3717948717948718,COC(=O)[C@@H](O)CC(=O)N[C]1CCc2ccccc21,1560406258_14585673
0.5492957746478874,CCO[C@@H](CC)C(=O)Nc1nncc2ccccc12,20984652_37373706
0.30864197530864196,COC(=O)[C@@H](O)CC(=O)N[C@H](C)c1nc(=O)cc[nH]1,71024798_14585673
0.43037974683544306,Nc1cncnc1C(=O)Nc1nncc2ccccc12,20984652_11804330
0.34615384615384615,COC(=O)[C@@H](O)CC(=O)Nc1cc([C@H](C)O)ccn1,39325623_14585673
0.5205479452054794,COC[C@@H](C)[C@@H](C)C(=O)Nc1nncc2ccccc12,20984652_86338187
0.4666666666666667,Cn1cnc(C(=O)Nc2nncc3ccccc23)n1,20984652_40448574
0.6515151515151515,C[C@@H](CC(=O)Nc1nncc2ccccc12)C(C)(C)C,20984652_5368207
0.4861111111111111,O=C(Nc1nncc2ccccc12)c1ccc(F)cc1,20984652_159828
0.5797101449275363,C[C@@H](N)CCC(=O)Nc1nncc2ccccc12,20984652_1706201
0.3974358974358974,COC(=O)[C@@H](O)CC(=O)Nc1nccc2occc12,95755953_14585673
0.5,CCO[C@@H](C)[C@H](N)C(=O)Nc1nncc2ccccc12,20984652_2559039
0.5294117647058824,O=C(Nc1nncc2ccccc12)[C@@H](O)C(F)(F)F,20984652_5018516
0.4657534246575342,O=C(Nc1nncc2ccccc12)c1nn[nH]n1,20984652_6505186
0.5131578947368421,Cn1cnc(CC(=O)Nc2nncc3ccccc23)c1,20984652_25722461
0.2916666666666667,COC(=O)C[C@@H](O)CNC(=O)C[C@H](O)C(=O)OC,34406484_14585673
0.4722222222222222,O=C(Nc1nncc2ccccc12)c1ccco1,20984652_158555
0.3246753246753247,COC(=O)[C@@H](O)CC(=O)NCc1ccc(OC)nn1,51523636_14585673
0.5070422535211268,C[C@@H](F)[C@@H](N)C(=O)Nc1nncc2ccccc12,20984652_1556414
0.4931506849315068,O=C(Nc1nncc2ccccc12)[C@@H](O)C1CCC1,20984652_82707842
0.45454545454545453,Nc1cncc(C(=O)Nc2nncc3ccccc23)c1,20984652_967308
0.5373134328358209,CC(C)[C@@H](C)C(=O)Nc1nncc2ccccc12,20984652_2019248
0.4594594594594595,Nc1ncc(C(=O)Nc2nncc3ccccc23)cn1,20984652_2563807
0.35526315789473684,COC(=O)[C@@H](O)CC(=O)Nc1ncc(SC)s1,16952003_14585673
0.35365853658536583,COC(=O)[C@@H](O)CC(=O)Nc1cnc2[nH]ccc2c1,6643328_14585673
0.5797101449275363,CNC(=O)COCC(=O)Nc1nncc2ccccc12,20984652_41167068
0.5,Cn1cccc1C(=O)Nc1nncc2ccccc12,20984652_158566
0.29411764705882354,COC(=O)[C@@H](O)CC(=O)NC[C@@H]1CNc2ccccc21,24319170_14585673
0.4057971014492754,COC(=O)[C@@H](O)CC(=O)Nc1ccno1,6661039_14585673
0.3375,CC[C@@H](C)n1ccc(NC(=O)C[C@H](O)C(=O)OC)n1,20313610_14585673
0.35365853658536583,COC(=O)[C@@H](O)CC(=O)Nc1nc2ncccc2[nH]1,17060146_14585673
0.5285714285714286,C/C=C/[C@@H](O)C(=O)Nc1nncc2ccccc12,20984652_34083801
0.547945205479452,COC1(CC(=O)Nc2nncc3ccccc23)COC1,20984652_258620179
0.34615384615384615,COC(=O)[C@@H](O)CC(=O)NC(=N)c1cccnn1,57990139_14585673
0.5606060606060606,C[C@H](O)[C@@H](O)C(=O)Nc1nncc2ccccc12,20984652_1695856
0.5352112676056338,CC[C@H](O)[C@@H](C)C(=O)Nc1nncc2ccccc12,20984652_5923127
0.35365853658536583,COC(=O)[C@@H](O)CC(=O)Nc1cccc2c1nnn2C,32189614_14585673
0.3,COC(=O)[C@@H](O)CC(=O)NCc1cc(OC)no1,4198780_14585673
0.4675324675324675,C[C@H](C(=O)Nc1nncc2ccccc12)c1ccn[nH]1,20984652_80058497
0.3684210526315789,COC(=O)[C@@H](O)CC(=O)Nc1cncc(OC)c1C,35270426_14585673
0.4666666666666667,Cc1ccc(C(=O)Nc2nncc3ccccc23)cn1,20984652_391224
0.4594594594594595,O=C(Nc1nncc2ccccc12)c1nccnn1,20984652_20357932
0.375,COC(=O)[C@@H](O)CC(=O)Nc1ncc(C(C)=O)cn1,34299888_14585673
0.6231884057971014,CC(C)C[C@H](N)CC(=O)Nc1nncc2ccccc12,20984652_170350
0.3333333333333333,COC(=O)[C@@H](O)CC(=O)NCCc1ccnnc1,20417457_14585673
0.4142857142857143,COC(=O)[C@@H](O)CC(=O)Nc1ncsc1C,57354280_14585673
0.41975308641975306,N#Cc1cccnc1C(=O)Nc1nncc2ccccc12,20984652_13542302
0.5522388059701493,CCC(CC)C(=O)Nc1nncc2ccccc12,20984652_388073
0.3048780487804878,COC(=O)[C@@H](O)CC(=O)N[C@@H](C)CCc1ccco1,3882374_14585673
0.47368421052631576,O=C(Nc1nncc2ccccc12)[C@H](O)c1cnc[nH]1,20984652_34498510
0.44155844155844154,Nc1nscc1C(=O)Nc1nncc2ccccc12,20984652_22861807
0.35365853658536583,COC(=O)[C@@H](O)CC(=O)Nc1cncc2[nH]ccc12,44713226_14585673
0.3493975903614458,COC(=O)[C@@H](O)CC(=O)Nc1ccc2[nH]ncc2c1C,14985954_14585673
0.36,COC(=O)[C@@H](O)CC(=O)Nc1cccc(F)c1C,407040_14585673
0.5205479452054794,CO[C@@H](CCN)C(=O)Nc1nncc2ccccc12,20984652_82776002
0.4358974358974359,C#Cc1ccc(C(=O)Nc2nncc3ccccc23)nc1,20984652_35570292
0.44871794871794873,Cc1ccnc(C(=O)Nc2nncc3ccccc23)c1,20984652_1702288
0.325,COC(=O)[C@@H](O)CC(=O)NC[C@@H](C)c1nncn1C,47975242_14585673
0.5428571428571428,O=C(CN1CCC1)Nc1nncc2ccccc12,20984652_83255076
0.4931506849315068,CO[C@@H]1CC[C@@H]1C(=O)Nc1nncc2ccccc12,20984652_238327805
0.44871794871794873,Cn1[nH]c(C(=O)Nc2nncc3ccccc23)cc1=O,20984652_100502493
0.547945205479452,CC(C)(N)COCC(=O)Nc1nncc2ccccc12,20984652_74526226
0.5352112676056338,COC[C@@H](N)C(=O)Nc1nncc2ccccc12,20984652_1691081
0.3493975903614458,COC(=O)[C@@H](O)CC(=O)Nc1cccc2oc(C)nc12,8730198_14585673
0.47297297297297297,O=C(Nc1nncc2ccccc12)c1ncns1,20984652_59758155
0.5135135135135135,CCC[C@@H](N)[C@@H](O)C(=O)Nc1nncc2ccccc12,20984652_35050458
0.45454545454545453,O=C(Nc1nncc2ccccc12)c1ccc(CO)[nH]1,20984652_40537985
0.4246575342465753,CCc1ccc(C)nc1NC(=O)C[C@H](O)C(=O)OC,5197379_14585673
0.4810126582278481,O=C(C[C@H]1C=CCCC1)Nc1nncc2ccccc12,20984652_5413230
0.4931506849315068,CO[C@@H]1[C@@H](C(=O)Nc2nncc3ccccc23)C1(C)C,20984652_76576510
0.5066666666666667,O=C(CCC1CCCC1)Nc1nncc2ccccc12,20984652_404344
0.32051282051282054,COC(=O)[C@@H](O)CC(=O)NC(=O)c1ccc(F)cn1,35923513_14585673
0.5492957746478874,C#CCNCC(=O)Nc1nncc2ccccc12,20984652_1858411
0.6323529411764706,CCN[C@H](C)CC(=O)Nc1nncc2ccccc12,20984652_35747442
0.379746835443038,COC(=O)[C@@H](O)CC(=O)Nc1nccc(C)c1C1CC1,18342756_14585673
0.37142857142857144,COC(=O)[C@@H](O)CC(=O)Nc1cc[n+](C)cc1,160232_14585673
0.35526315789473684,CC[C@@H](CNC(=O)C[C@H](O)C(=O)OC)c1ccccc1,1598924_14585673
0.3333333333333333,COC(=O)[C@@H](O)CC(=O)Nc1nc(C)c(C#N)s1,77260222_14585673
0.2898550724637681,CC[C@@H](O)C(=O)NC(=O)C[C@H](O)C(=O)OC,50977090_14585673
0.35802469135802467,COC(=O)[C@@H](O)CC(=O)NCc1c[nH]c2ccccc12,152322_14585673
0.38271604938271603,COC(=O)[C@@H](O)CC(=O)Nc1ncnc2c1ccn2C,1674697_14585673
0.4605263157894737,Cc1c(C(=O)Nc2nncc3ccccc23)cnn1C,20984652_1088697
0.4050632911392405,COC(=O)[C@@H](O)CC(=O)Nc1nccc2n[nH]cc12,79274864_14585673
0.5131578947368421,CCOCC[C@@H](N)C(=O)Nc1nncc2ccccc12,20984652_13352843
0.5633802816901409,CC[C@@H](C)CCC(=O)Nc1nncc2ccccc12,20984652_1767965
0.2857142857142857,C#C[C@@H](NC(=O)C[C@H](O)C(=O)OC)c1cccc(C)c1,39147454_14585673
0.36486486486486486,COC(=O)[C@@H](O)CC(=O)NCc1cnncc1C,95743040_14585673
0.5205479452054794,COC[C@@H](C)[C@H](C)C(=O)Nc1nncc2ccccc12,20984652_86338191
0.45569620253164556,CCc1nn[nH]c1C(=O)Nc1nncc2ccccc12,20984652_34113136
0.45454545454545453,Cc1ncccc1C(=O)Nc1nncc2ccccc12,20984652_336741
0.2727272727272727,CCOC(=O)C[C@@H](C)CNC(=O)C[C@H](O)C(=O)OC,80574780_14585673
0.38271604938271603,COC(=O)[C@@H](O)CC(=O)Nc1noc2ccc(C)cc12,60051160_14585673
0.3076923076923077,COC(=O)[C@@H](O)CC(=O)NC(C)(C)c1cc(C)no1,82838027_14585673
0.5588235294117647,O=C(CCC(F)(F)F)Nc1nncc2ccccc12,20984652_2149736
0.6231884057971014,C[C@H](CCN)CC(=O)Nc1nncc2ccccc12,20984652_78809022
0.4666666666666667,Cc1cnc(C(=O)Nc2nncc3ccccc23)cn1,20984652_1320164
0.5362318840579711,CC(=O)N[C@@H](C)C(=O)Nc1nncc2ccccc12,20984652_114134
0.36585365853658536,COC(=O)[C@@H](O)CC(=O)Nc1cccc2ncc(C)n12,30677913_14585673
0.45454545454545453,N[C@@H](C(=O)Nc1nncc2ccccc12)c1ccco1,20984652_5063824
0.4675324675324675,C[C@H]1NC(=O)C[C@H]1C(=O)Nc1nncc2ccccc12,20984652_82839277
0.26666666666666666,COC(=O)[C@@H](O)CC(=O)N[C@@H](C(=O)OC)C1CCC1,26896530_14585673
0.3291139240506329,COC(=O)[C@@H](O)CC(=O)Nc1nnn(CC(=O)O)n1,4294607_14585673
0.582089552238806,CNCCC(=O)Nc1nncc2ccccc12,20984652_1841100
0.3125,C#C[C@H](NC(=O)C[C@H](O)C(=O)OC)c1ccccc1F,83947012_14585673
0.5405405405405406,COCCN(C)CC(=O)Nc1nncc2ccccc12,20984652_19090737
0.5970149253731343,CC(C)(C)CCC(=O)Nc1nncc2ccccc12,20984652_2039899
0.4666666666666667,Cc1nc(C(=O)Nc2nncc3ccccc23)no1,20984652_20357823
0.4935064935064935,O=C(CCn1cccn1)Nc1nncc2ccccc12,20984652_814061
0.3291139240506329,CC[C@H](NC(=O)C[C@H](O)C(=O)OC)c1ccccn1,19091456_14585673
0.5211267605633803,CSC[C@H](N)C(=O)Nc1nncc2ccccc12,20984652_3861771
0.3466666666666667,COC(=O)[C@@H](O)CC(=O)N[C@@H](C)[C@H](C)c1ccccc1,1670067_14585673
0.5211267605633803,COCC(C)(C)C(=O)Nc1nncc2ccccc12,20984652_19093215
0.32558139534883723,COC(=O)[C@@H](O)CC(=O)NCc1cnc2ccnn2c1,82617847_14585673
0.5522388059701493,C[C@H](O)[C@@H](C)C(=O)Nc1nncc2ccccc12,20984652_6036974
0.5205479452054794,CCO[C@@H](C(=O)Nc1nncc2ccccc12)C(C)C,20984652_19477714
0.2875,COC(=O)[C@@H](O)CC(=O)N[C@@H](C)c1cc(C)on1,45929666_14585673
0.29577464788732394,COC(=O)[C@@H](O)CC(=O)NC[C@H](OC)C(=O)O,78684453_14585673
0.33766233766233766,COC(=O)[C@@H](O)CC(=O)NC(=N)N(C)c1ccccc1,1571101_14585673
0.5138888888888888,CC(C)[C@H](O)[C@@H](N)C(=O)Nc1nncc2ccccc12,20984652_1715388
0.3375,COCc1ccnc(NC(=O)C[C@H](O)C(=O)OC)c1,52734238_14585673
0.2926829268292683,COC(=O)[C@@H](O)CC(=O)N[C@H](C)Cn1ccc(C)n1,4519995_14585673
0.35526315789473684,COC(=O)[C@@H](O)CC(=O)Nc1cc(C)c(F)cn1,19615667_14585673
0.5522388059701493,CO[C@@H](C)C(=O)Nc1nncc2ccccc12,20984652_2382894
0.5068493150684932,CO[C@H](NC(N)=O)C(=O)Nc1nncc2ccccc12,20984652_2025416
0.46153846153846156,O=C(Nc1nncc2ccccc12)[C@H](O)n1ccnc1,20984652_68604167
0.2857142857142857,COC(=O)[C@H](CF)NC(=O)C[C@H](O)C(=O)OC,34326190_14585673
0.375,COC(=O)[C@@H](O)CC(=O)Nc1nc(C)cs1,5438431_14585673
0.5806451612903226,O=C(Nc1nncc2ccccc12)C(O)O,20984652_6660936
0.35526315789473684,COC(=O)[C@@H](O)CC(=O)Nc1nc(NC(C)=O)n[nH]1,5170524_14585673
0.3176470588235294,COC(=O)[C@@H](O)CC(=O)NCc1cc2cccnc2[nH]1,82631720_14585673
0.35135135135135137,CCc1cc(NC(=O)C[C@H](O)C(=O)OC)on1,26512405_14585673
