score,SMILES,Name
1.0,COC(=O)[C@@H](O)CC(=O)Nc1nncc2ccccc12,20984652_14585673
1.0,COC(=O)[C@H](O)CC(=O)Nc1nncc2ccccc12,20984652_14585674
0.71875,COC(=O)[C@H](C)CC(=O)Nc1nncc2ccccc12,20984652_13511425
0.71875,COC(=O)[C@@H](C)CC(=O)Nc1nncc2ccccc12,20984652_13511422
0.6818181818181818,COC[C@H](O)CC(=O)Nc1nncc2ccccc12,20984652_78749373
0.5942028985507246,COC(=O)C[C@@H](O)C(=O)Nc1nncc2ccccc12,20984652_14585704
0.7076923076923077,COC(=O)[C@@H](N)CC(=O)Nc1nncc2ccccc12,20984652_1709620
0.5277777777777778,COC(=O)[C@@H](O)CC(=O)Nc1cncc2ccccc12,332648_14585673
0.6567164179104478,C/C=C/[C@@H](O)CC(=O)Nc1nncc2ccccc12,20984652_31161983
0.5714285714285714,COC(=O)[C@@H](O)CC(=O)Nc1nccc2ccccc12,154817_14585673
0.4155844155844156,COC(=O)[C@@H](O)CC(=O)Nc1onc2ccccc12,26053358_14585673
0.6567164179104478,COC[C@@H](C)CC(=O)Nc1nncc2ccccc12,20984652_53172982
0.4722222222222222,COC(=O)[C@@H](O)CC(=O)Nc1cccc2ccccc12,1673028_14585673
0.7076923076923077,COC(=O)[C@H](N)CC(=O)Nc1nncc2ccccc12,20984652_2560988
0.5205479452054794,COC(=O)[C@@H](O)CC(=O)Nc1nncc2occc12,225756693_14585673
0.5970149253731343,COC[C@H](O)C(=O)Nc1nncc2ccccc12,20984652_39192220
0.48,COC(=O)[C@@H](O)CC(=O)Nc1cnnc2ccccc12,331948_14585673
0.3888888888888889,COC(=O)[C@@H](O)CC(=O)Nc1cncc(OC)n1,8488296_14585673
0.3835616438356164,CNc1ccc(NC(=O)C[C@H](O)C(=O)OC)nc1,20381664_14585673
0.4305555555555556,COC(=O)[C@@H](O)CC(=O)Nc1nc(OC)ccc1F,104393374_14585673
0.5277777777777778,COC(=O)[C@@H](O)CC(=O)Nc1nnnc2ccccc12,20981139_14585673
0.5942028985507246,COC(=O)C[C@H](O)C(=O)Nc1nncc2ccccc12,20984652_14585706
0.5970149253731343,COC[C@@H](O)C(=O)Nc1nncc2ccccc12,20984652_39192222
0.4507042253521127,COC(=O)[C@@H](O)CC(=O)Nc1nc(Cl)ccc1F,82163103_14585673
0.6875,CC(C)[C@@H](O)CC(=O)Nc1nncc2ccccc12,20984652_39258467
0.6567164179104478,C/C=C/[C@H](O)CC(=O)Nc1nncc2ccccc12,20984652_31161987
0.375,COC(=O)[C@@H](O)CC(=O)Nc1cccc2[nH]ncc12,169219_14585673
0.6666666666666666,C[C@H](O)[C@@H](N)CC(=O)Nc1nncc2ccccc12,20984652_4240317
0.5857142857142857,CO[C@H](C)CCC(=O)Nc1nncc2ccccc12,20984652_6491647
0.6875,CO[C@H](C)CC(=O)Nc1nncc2ccccc12,20984652_4794590
0.4666666666666667,COC(=O)[C@@H](O)CC(=O)Nc1cccc2cnncc12,16677889_14585673
0.4657534246575342,O=C(Nc1nncc2ccccc12)c1cccnn1,20984652_1702762
0.6567164179104478,CO[C@H](CC(=O)Nc1nncc2ccccc12)C(N)=O,20984652_72207153
0.5205479452054794,O=C(Cc1cccnn1)Nc1nncc2ccccc12,20984652_20417425
0.6470588235294118,CC[C@H](C)[C@@H](O)CC(=O)Nc1nncc2ccccc12,20984652_52249198
0.5135135135135135,O=C(Cc1cccnc1)Nc1nncc2ccccc12,20984652_152270
0.38461538461538464,COC(=O)[C@@H](O)CC(=O)Nc1ncc(C#N)cc1OC,148800370_14585673
0.6567164179104478,CC(C)C[C@H](O)CC(=O)Nc1nncc2ccccc12,20984652_3649919
0.7333333333333333,C[C@@H](O)CC(=O)Nc1nncc2ccccc12,20984652_895486
0.4861111111111111,C[C](C(=O)Nc1nncc2ccccc12)c1ccccc1,20984652_1560406647
0.6818181818181818,COC[C@@H](O)CC(=O)Nc1nncc2ccccc12,20984652_78749377
0.39436619718309857,COC(=O)[C@@H](O)CC(=O)Nc1cnc(OC)cn1,33358876_14585673
0.3780487804878049,COC(=O)[C@@H](O)CC(=O)Nc1cccc2cncnc12,21987234_14585673
0.5633802816901409,CC(C)(C)OCCC(=O)Nc1nncc2ccccc12,20984652_153957
0.3333333333333333,COC(=O)[C@@H](O)CC(=O)NCc1cccc(C)n1,1690010_14585673
0.6,CC[C@@H](O)C(=O)Nc1nncc2ccccc12,20984652_1693559
0.4246575342465753,COC(=O)[C@@H](O)CC(=O)Nc1nc(OC)ncc1F,37594085_14585673
0.6060606060606061,COC(=O)[C@H](C)C(=O)Nc1nncc2ccccc12,20984652_6442610
0.547945205479452,Cc1cn(CC(=O)Nc2nncc3ccccc23)nn1,20984652_14628926
0.5588235294117647,O=C(Cc1ccccc1)Nc1nncc2ccccc12,20984652_388462
0.6323529411764706,CC[C@H](CN)CC(=O)Nc1nncc2ccccc12,20984652_26376875
0.4246575342465753,COC(=O)[C@@H](O)CC(=O)Nc1nc(F)ccc1OC,307022617_14585673
0.5205479452054794,O=C(Cc1ccccn1)Nc1nncc2ccccc12,20984652_156530
0.4666666666666667,Cc1cc(C(=O)Nc2nncc3ccccc23)cnn1,20984652_82837056
0.43661971830985913,COC(=O)[C@@H](O)CC(=O)Nc1cnnc(C)n1,19801101_14585673
0.6515151515151515,CC(C)[C@@H](N)CC(=O)Nc1nncc2ccccc12,20984652_170090
0.5735294117647058,O=C(COC(F)(F)F)Nc1nncc2ccccc12,20984652_32629452
0.4305555555555556,COC(=O)[C@@H](O)CC(=O)Nc1nc(C)ncc1C,3591110_14585673
0.6461538461538462,N[C@@H](CO)CC(=O)Nc1nncc2ccccc12,20984652_4181821
0.4520547945205479,COC(=O)[C@@H](O)CC(=O)Nc1nnccc1C#N,34213306_14585673
0.5342465753424658,COCC[C@H](N)C(=O)Nc1nncc2ccccc12,20984652_1699922
0.5942028985507246,CCC(CC)OCC(=O)Nc1nncc2ccccc12,20984652_74938108
0.5882352941176471,COCC(=O)CC(=O)Nc1nncc2ccccc12,20984652_95938153
0.5373134328358209,O=C(Nc1nncc2ccccc12)[C@@H](O)C(F)F,20984652_34016748
0.5492957746478874,COC(=O)C[C@H](C)C(=O)Nc1nncc2ccccc12,20984652_6763328
0.547945205479452,Cc1cnnn1CC(=O)Nc1nncc2ccccc12,20984652_62429835
0.463768115942029,COC(=O)[C@@H](O)CC(=O)Nc1nnccc1C,21300847_14585673
0.6231884057971014,CCN(C)[C@@H](C)CC(=O)Nc1nncc2ccccc12,20984652_19092958
0.6376811594202898,CC[C@H](O)[C@@H](N)CC(=O)Nc1nncc2ccccc12,20984652_38282083
0.4230769230769231,COC(=O)[C@@H](O)CC(=O)Nc1nccc2ccncc12,20984640_14585673
0.42857142857142855,COC(=O)[C@@H](O)CC(=O)Nc1cc2ccccc2nn1,5332249_14585673
0.35135135135135137,CC[C@@](C)(NC(=O)C[C@H](O)C(=O)OC)c1ccccc1,1686424_14585673
0.6615384615384615,CC(=O)[C@@H](C)CC(=O)Nc1nncc2ccccc12,20984652_2044242
0.5735294117647058,COC(=O)[C@@H](OC)C(=O)Nc1nncc2ccccc12,20984652_34426529
0.44,COC(=O)[C@@H](O)CC(=O)Nc1cc2ccccc2cn1,157801_14585673
0.4,COC(=O)[C@@H](O)CC(=O)Nc1nccc(F)c1OC,144679519_14585673
0.36486486486486486,COC(=O)[C@@H](O)CC(=O)Nc1cc(C)c(C)cn1,14985912_14585673
0.527027027027027,CCCCC[C@H](O)C(=O)Nc1nncc2ccccc12,20984652_3846438
0.3181818181818182,COC(=O)[C@H](O)CNC(=O)C[C@H](O)C(=O)OC,38212551_14585673
0.43661971830985913,COC(=O)[C@@H](O)CC(=O)Nc1nc(C)ccc1F,82835967_14585673
0.6567164179104478,CC(C)C[C@@H](O)CC(=O)Nc1nncc2ccccc12,20984652_3649921
0.5774647887323944,CCOC(=O)NCC(=O)Nc1nncc2ccccc12,20984652_4887178
0.4666666666666667,Cc1cnnc(C(=O)Nc2nncc3ccccc23)c1,20984652_82410716
0.52,Cc1ocnc1CC(=O)Nc1nncc2ccccc12,20984652_82838177
0.5797101449275363,CC[C@@H](C(=O)Nc1nncc2ccccc12)C(=O)OC,20984652_97053707
0.6323529411764706,C[C@@H](CC(=O)Nc1nncc2ccccc12)C(C)(C)N,20984652_40544557
0.4166666666666667,COC(=O)[C@@H](O)CC(=O)Nc1cc(C)cnn1,34354816_14585673
0.5352112676056338,CN[C@H](COC)C(=O)Nc1nncc2ccccc12,20984652_14696243
0.45454545454545453,COC(=O)[C@@H](O)CC(=O)Nc1nccc2cnccc12,20984635_14585673
0.527027027027027,Cc1[nH]ncc1CC(=O)Nc1nncc2ccccc12,20984652_20438969
0.527027027027027,Cn1cc(CC(=O)Nc2nncc3ccccc23)nn1,20984652_82838238
0.3918918918918919,COC(=O)[C@@H](O)CC(=O)Nc1ccc(Cl)c(F)n1,71256951_14585673
0.4675324675324675,CCn1ccc(C(=O)Nc2nncc3ccccc23)n1,20984652_392140
0.6875,CC[C@H](O)CC(=O)Nc1nncc2ccccc12,20984652_4975458
0.3888888888888889,COC(=O)[C@@H](O)CC(=O)Nc1ccc(F)nc1Cl,263623751_14585673
0.4722222222222222,O=C(Nc1nncc2ccccc12)c1cnns1,20984652_5426002
0.5416666666666666,CC[C@@H](C)[C@H](OC)C(=O)Nc1nncc2ccccc12,20984652_159685980
0.4189189189189189,COC(=O)[C@@H](O)CC(=O)Nc1nc(C)ncc1OC,39053783_14585673
0.5,COC(=O)[C@@H](O)CC(=O)Nc1nncc2c1cnn2C,337147_14585673
0.6615384615384615,CC[C@H](C)CC(=O)Nc1nncc2ccccc12,20984652_391784
0.4473684210526316,Nc1cc(C(=O)Nc2nncc3ccccc23)cnn1,20984652_82837321
0.4605263157894737,O=C(Nc1nncc2ccccc12)c1cccnc1F,20984652_1682742
0.4166666666666667,COC(=O)[C@@H](O)CC(=O)Nc1nnc(Cl)cc1C,39212995_14585673
0.3924050632911392,COC(=O)[C@@H](O)CC(=O)Nc1cccc2cn[nH]c12,112557_14585673
0.5135135135135135,O=C(C[C@@H]1CCC[C@H]1O)Nc1nncc2ccccc12,20984652_39275663
0.6666666666666666,CO[C@@H](CN)CC(=O)Nc1nncc2ccccc12,20984652_84230420
0.5277777777777778,COC(C)(C)[C@@H](N)C(=O)Nc1nncc2ccccc12,20984652_2045134
0.7333333333333333,C[C@H](O)CC(=O)Nc1nncc2ccccc12,20984652_901665
0.5652173913043478,O=C(Nc1nncc2ccccc12)[C](O)[C@@H](O)CO,20984652_1560405354
0.35526315789473684,COC(=O)[C@@H](O)CC(=O)Nc1cnc(OC)cc1F,299890317_14585673
0.5797101449275363,CC[C@H](C(=O)Nc1nncc2ccccc12)C(=O)OC,20984652_97053712
0.6567164179104478,CCC[C@H](O)CC(=O)Nc1nncc2ccccc12,20984652_5838229
0.4666666666666667,Cc1cccc(C(=O)Nc2nncc3ccccc23)n1,20984652_336720
0.6231884057971014,C[C@@H](CC(=O)Nc1nncc2ccccc12)NC(N)=O,20984652_13547997
0.4507042253521127,CCc1ccnnc1NC(=O)C[C@H](O)C(=O)OC,91366093_14585673
0.6666666666666666,CO[C@H](CN)CC(=O)Nc1nncc2ccccc12,20984652_84230414
0.4507042253521127,COC(=O)[C@@H](O)CC(=O)Nc1nnccc1C(C)C,104528686_14585673
0.4,COC(=O)[C@@H](O)CC(=O)Nc1cccc2ccncc12,8698449_14585673
0.6515151515151515,CS[C@@H](C)CC(=O)Nc1nncc2ccccc12,20984652_5734781
0.527027027027027,Nc1nncn1CC(=O)Nc1nncc2ccccc12,20984652_227173267
0.27906976744186046,COC(=O)[C@@H](O)CC(=O)NCc1cn(CCF)cn1,255188307_14585673
0.527027027027027,Cn1cccc1CC(=O)Nc1nncc2ccccc12,20984652_5783630
0.40540540540540543,COC(=O)[C@@H](O)CC(=O)Nc1ncc(OC)cc1F,98181124_14585673
0.3875,COC(=O)[C@@H](O)CC(=O)Nc1cccc2cnoc12,82836803_14585673
0.5507246376811594,CC[C@H](OC)C(=O)Nc1nncc2ccccc12,20984652_19091090
0.42857142857142855,COC(=O)[C@@H](O)CC(=O)Nc1ncc2ccccc2n1,5519265_14585673
0.36585365853658536,COC(=O)[C@@H](O)CC(=O)Nc1[nH]nc2nnccc12,25924205_14585673
0.40789473684210525,COC(=O)[C@@H](O)CC(=O)Nc1nnc2ccccc2n1,1866060_14585673
0.4177215189873418,COC(=O)[C@@H](O)CC(=O)Nc1nn(C)c2ncccc12,168469_14585673
0.6231884057971014,C[C@H](N)C[C@@H](N)CC(=O)Nc1nncc2ccccc12,20984652_1703903
0.5342465753424658,Cc1ccc(CC(=O)Nc2nncc3ccccc23)o1,20984652_1595537
0.47297297297297297,COC(=O)[C@@H](O)CC(=O)Nc1noc2ccccc12,161908_14585673
0.4050632911392405,COC(=O)[C@@H](O)CC(=O)Nc1nccc2cn[nH]c12,34408015_14585673
0.4794520547945205,Nc1cnc(C(=O)Nc2nncc3ccccc23)nc1,20984652_26896534
0.5857142857142857,C[C@H](N)COCC(=O)Nc1nncc2ccccc12,20984652_34453612
0.3466666666666667,COC(=O)[C@@H](O)CC(=O)Nc1ccc(OC)cc1F,2382629_14585673
0.6060606060606061,COC(=O)[C@@H](C)C(=O)Nc1nncc2ccccc12,20984652_1720457
0.5735294117647058,COC(=O)[C@H](OC)C(=O)Nc1nncc2ccccc12,20984652_34426530
0.6376811594202898,CC[C@@H](O)[C@H](N)CC(=O)Nc1nncc2ccccc12,20984652_84426505
0.5882352941176471,CC(=O)C[C@H](O)C(=O)Nc1nncc2ccccc12,20984652_14500541
0.5342465753424658,O=C(Cc1cn[nH]c1)Nc1nncc2ccccc12,20984652_20438761
0.4084507042253521,COC(=O)[C@@H](O)CC(=O)Nc1cc2cccccc-2c1,33797214_14585673
0.3918918918918919,COC(=O)[C@@H](O)CC(=O)Nc1ccc(OC)nc1F,238362745_14585673
0.6470588235294118,CN(C)C[C@H](O)CC(=O)Nc1nncc2ccccc12,20984652_1671843
0.35526315789473684,COC(=O)[C@@H](O)CC(=O)Nc1cc(OC)ccn1,6643273_14585673
0.5205479452054794,O=C(Cc1ccnnc1)Nc1nncc2ccccc12,20984652_20417428
0.3974358974358974,COC(=O)[C@@H](O)CC(=O)Nc1ncnc2ncncc12,20981217_14585673
0.4,COC(=O)[C@@H](O)CC(=O)Nc1cccc2ccnnc12,24602504_14585673
0.44285714285714284,COC(=O)[C@@H](O)CC(=O)Nc1ncccc1F,19616068_14585673
0.4666666666666667,COC(=O)[C@@H](O)CC(=O)Nc1ncnc2ccccc12,331945_14585673
0.463768115942029,COC(=O)[C@@H](O)CC(=O)Nc1nnccc1Cl,117451708_14585673
0.547945205479452,CCOCCOCC(=O)Nc1nncc2ccccc12,20984652_3650898
0.6231884057971014,CCS[C@@H](C)CC(=O)Nc1nncc2ccccc12,20984652_1757857
0.5342465753424658,Cn1ccc(CC(=O)Nc2nncc3ccccc23)n1,20984652_34927098
0.5671641791044776,NC[C@H](O)C(=O)Nc1nncc2ccccc12,20984652_2034711
0.6875,CC(C)[C@H](O)CC(=O)Nc1nncc2ccccc12,20984652_38759339
0.4605263157894737,Cc1ccnnc1C(=O)Nc1nncc2ccccc12,20984652_71611195
0.6231884057971014,CC[C@@H](CC(=O)Nc1nncc2ccccc12)[C@H](C)N,20984652_72208262
0.4246575342465753,CCc1ccc(C)nc1NC(=O)C[C@H](O)C(=O)OC,5197379_14585673
0.5138888888888888,C[C@@H](CCN)C(=O)Nc1nncc2ccccc12,20984652_518266
0.6567164179104478,CCC[C@@H](O)CC(=O)Nc1nncc2ccccc12,20984652_2579355
0.6875,CO[C@@H](C)CC(=O)Nc1nncc2ccccc12,20984652_397922
0.38028169014084506,COC(=O)[C@@H](O)CC(=O)N[C](C)c1ccccc1,1560406604_14585673
0.4230769230769231,COC(=O)[C@@H](O)CC(=O)Nc1nc(C)nc2[nH]ccc12,39052756_14585673
0.6363636363636364,NC(=O)[C@@H](N)CC(=O)Nc1nncc2ccccc12,20984652_2516163
0.37333333333333335,CCn1nncc1NC(=O)C[C@H](O)C(=O)OC,39280721_14585673
0.4177215189873418,COC(=O)[C@@H](O)CC(=O)Nc1cccc2cnccc12,154819_14585673
0.6470588235294118,CC[C@@H](C)[C@H](O)CC(=O)Nc1nncc2ccccc12,20984652_52249195
0.6086956521739131,N[C@@H](CC(=O)Nc1nncc2ccccc12)C1CC1,20984652_2511673
0.5066666666666667,Nc1cnn(CC(=O)Nc2nncc3ccccc23)n1,20984652_82409814
0.35526315789473684,COC(=O)[C@@H](O)CC(=O)Nc1cccc(F)c1OC,403404_14585673
0.4246575342465753,COC(=O)[C@@H](O)CC(=O)Nc1ncc(OC)nc1C,95929615_14585673
0.4305555555555556,CCc1cccnc1NC(=O)C[C@H](O)C(=O)OC,21985770_14585673
0.3972602739726027,COC(=O)[C@@H](O)CC(=O)Nc1ccc(C(F)F)nn1,211804994_14585673
0.35526315789473684,COC(=O)[C@@H](O)CC(=O)Nc1cccc(OC)c1F,21304522_14585673
0.47297297297297297,COC(=O)[C@@H](O)CC(=O)Nc1n[nH]c2ccccc12,3954002_14585673
0.625,COC(=O)CC(=O)Nc1nncc2ccccc12,20984652_2146608
0.6417910447761194,C[C@H](CC(=O)Nc1nncc2ccccc12)C(C)(C)O,20984652_84327985
0.6774193548387096,O=C(CC(F)F)Nc1nncc2ccccc12,20984652_37755958
0.42105263157894735,COC(=O)[C@@H](O)CC(=O)Nc1ccc2ccccc2n1,19074717_14585673
0.375,COC(=O)[C@@H](O)CC(=O)Nc1cccc2oncc12,95830566_14585673
0.527027027027027,O=C(Cn1nnc(O)n1)Nc1nncc2ccccc12,20984652_4127029
0.37662337662337664,COC(=O)[C@@H](O)CC(=O)Nc1c(C)cnn1CCF,223252245_14585673
0.39473684210526316,COC(=O)[C@@H](O)CC(=O)Nc1cc(SC)cnn1,30678126_14585673
0.4264705882352941,COC(=O)[C@@H](O)CC(=O)Nc1n[nH]cc1C,35655479_14585673
0.4057971014492754,COC(=O)[C@@H](O)CC(=O)Nc1ncc(C)cn1,39053208_14585673
0.29577464788732394,COC[C@@H](O)CNC(=O)C[C@H](O)C(=O)OC,2263862_14585673
0.6363636363636364,N[C@@H](CC(=O)Nc1nncc2ccccc12)C(F)F,20984652_39439655
0.4189189189189189,COC(=O)[C@@H](O)CC(=O)Nc1ncc(C)nc1OC,22006949_14585673
0.35064935064935066,CCc1cncc(NC(=O)C[C@H](O)C(=O)OC)c1,72192704_14585673
0.4166666666666667,COC(=O)[C@@H](O)CC(=O)Nc1ncc(C)cc1C,26146228_14585673
0.43661971830985913,COC(=O)[C@@H](O)CC(=O)Nc1n[nH]ccc1=O,39118454_14585673
0.44155844155844154,COC(=O)[C@@H](O)CC(=O)Nc1nnn2ccccc12,26049865_14585673
0.3103448275862069,COC(=O)[C@@H](O)CC(=O)NCc1nc2ncccc2o1,71477381_14585673
0.38666666666666666,COC(=O)[C@@H](O)CC(=O)Nc1cccc(C(C)C)n1,40448826_14585673
0.4305555555555556,COC(=O)[C@@H](O)CC(=O)Nc1nc(C)ncc1F,95093303_14585673
0.3181818181818182,COC(=O)[C@@H](O)CNC(=O)C[C@H](O)C(=O)OC,38251036_14585673
0.4605263157894737,O=C1C=C[C@H](C(=O)Nc2nncc3ccccc23)N=N1,20984652_198676931
0.4025974025974026,COC(=O)[C@@H](O)CC(=O)Nc1csc2ccccc12,30677853_14585673
0.3783783783783784,COC(=O)[C@@H](O)CC(=O)Nc1ccc(C(F)F)cn1,60107121_14585673
0.6323529411764706,NCC[C@@H](O)CC(=O)Nc1nncc2ccccc12,20984652_104634560
0.5857142857142857,C[C@@H](N)COCC(=O)Nc1nncc2ccccc12,20984652_34453614
0.6615384615384615,C[C@H](CO)CC(=O)Nc1nncc2ccccc12,20984652_6020365
0.33766233766233766,COCc1n[nH]c(NC(=O)C[C@H](O)C(=O)OC)n1,3723194_14585673
0.6060606060606061,COCCC(=O)Nc1nncc2ccccc12,20984652_2584375
0.5571428571428572,CN(C)C[C@@H](O)C(=O)Nc1nncc2ccccc12,20984652_6437143
0.6470588235294118,CN(C)C[C@@H](O)CC(=O)Nc1nncc2ccccc12,20984652_2042472
0.6515151515151515,C[C@@H](CC(=O)Nc1nncc2ccccc12)C(C)(C)C,20984652_5368207
0.52,COCCC[C@H](N)C(=O)Nc1nncc2ccccc12,20984652_37753861
0.2857142857142857,COC(=O)[C@@H](O)CCNC(=O)C[C@H](O)C(=O)OC,71186808_14585673
0.4864864864864865,Cc1cnn(C)c1C(=O)Nc1nncc2ccccc12,20984652_32302989
0.4605263157894737,Cc1nnccc1C(=O)Nc1nncc2ccccc12,20984652_45921027
0.44285714285714284,COC(=O)[C@@H](O)CC(=O)Nc1nc(F)ccc1F,72230946_14585673
0.3918918918918919,COC(=O)[C@@H](O)CC(=O)Nc1cnc(C)nc1Cl,39053493_14585673
0.5492957746478874,COC(=O)C[C@@H](C)C(=O)Nc1nncc2ccccc12,20984652_2558238
0.35135135135135137,COC(=O)[C@@H](O)CC(=O)NC(C)(C)Cc1ccccc1,8403947_14585673
0.6417910447761194,CC[C@@H](CC(=O)Nc1nncc2ccccc12)C(C)C,20984652_2578879
0.3684210526315789,CCOc1ccccc1NC(=O)C[C@H](O)C(=O)OC,157538_14585673
0.3717948717948718,CCOc1ncccc1NC(=O)C[C@H](O)C(=O)OC,19754170_14585673
0.5135135135135135,CC[C@@H](CCOC)C(=O)Nc1nncc2ccccc12,20984652_40377760
0.28169014084507044,COC[C@H](NC(=O)C[C@H](O)C(=O)OC)C(=O)OC,34194783_14585673
0.4861111111111111,Cc1ccccc1C(=O)Nc1nncc2ccccc12,20984652_1850420
0.5138888888888888,COCC(F)(F)C(=O)Nc1nncc2ccccc12,20984652_72194432
0.7049180327868853,CC(C)CC(=O)Nc1nncc2ccccc12,20984652_388188
0.4605263157894737,C[n+]1ccccc1C(=O)Nc1nncc2ccccc12,20984652_565313
0.6142857142857143,C[C@@H](CC(=O)Nc1nncc2ccccc12)NC(=N)N,20984652_1681194
0.6363636363636364,NC[C@@H](N)CC(=O)Nc1nncc2ccccc12,20984652_40448670
0.4,COC(=O)[C@@H](O)CC(=O)Nc1ncncc1C(C)C,39053712_14585673
0.4675324675324675,O=C(Nc1nncc2ccccc12)c1cnn(CF)c1,20984652_167586636
0.32098765432098764,COC(=O)[C@@H](O)CC(=O)N[C@H](C)Cc1cccnc1,7277178_14585673
0.3188405797101449,COC(=O)[C@H](CC(=O)O)NC(=O)C[C@H](O)C(=O)OC,1709620_14585673
0.35064935064935066,COC(=O)[C@@H](O)CC(=O)Nc1cc(OC)ncc1F,79052266_14585673
0.38571428571428573,COC(=O)[C@@H](O)CC(=O)NCc1ccccc1,6096244_14585673
0.5416666666666666,CC[C@H](C)[C@H](OC)C(=O)Nc1nncc2ccccc12,20984652_159686105
0.4794520547945205,Cc1cnc(C(=O)Nc2nncc3ccccc23)o1,20984652_38530122
0.3684210526315789,COC(=O)[C@@H](O)CC(=O)Nc1cnccc1OC,4344107_14585673
0.6119402985074627,C[C@@H](O)CCC(=O)Nc1nncc2ccccc12,20984652_6036206
0.38666666666666666,COC(=O)[C@@H](O)CC(=O)Nc1ncc(OC)c(C)n1,39053761_14585673
0.6615384615384615,CN[C@H](C)CC(=O)Nc1nncc2ccccc12,20984652_13347076
0.582089552238806,CC#CCC(=O)Nc1nncc2ccccc12,20984652_5158089
0.6231884057971014,C[C@H](CC(=O)Nc1nncc2ccccc12)C1CC1,20984652_20259950
0.527027027027027,O=C(Cn1cc(F)cn1)Nc1nncc2ccccc12,20984652_26510174
0.4864864864864865,Cc1cnsc1C(=O)Nc1nncc2ccccc12,20984652_19801458
0.4189189189189189,COC(=O)[C@@H](O)CC(=O)Nc1nc(C)cnc1Cl,95631128_14585673
0.5342465753424658,O=C(Cc1cnoc1)Nc1nncc2ccccc12,20984652_20417417
0.5633802816901409,CNC(=O)C[C@@H](N)C(=O)Nc1nncc2ccccc12,20984652_1573266
0.3875,COC(=O)[C@@H](O)CC(=O)Nc1c(C)[nH]c2ncccc12,82408871_14585673
0.36486486486486486,COC(=O)[C@@H](O)CC(=O)NC[C@H](C)c1ccccc1,1506851_14585673
0.4461538461538462,COC(=O)[C@@H](O)CC(=O)Nc1ccccc1,17886255_14585673
0.6323529411764706,CCC[C@H](C)CC(=O)Nc1nncc2ccccc12,20984652_2037119
0.3783783783783784,COC(=O)[C@@H](O)CC(=O)NC[C@@H](F)c1ccccc1,39258263_14585673
0.44155844155844154,Nc1ccnc(C(=O)Nc2nncc3ccccc23)c1,20984652_2456180
0.36486486486486486,COC(=O)[C@@H](O)CC(=O)Nc1ncc(C(C)C)s1,38948732_14585673
0.671875,CCC(CC)CC(=O)Nc1nncc2ccccc12,20984652_2383169
0.41333333333333333,COC(=O)[C@@H](O)CC(=O)Nc1ncccc1C(F)F,104582596_14585673
0.6567164179104478,CO[C@@H](CC(=O)Nc1nncc2ccccc12)C(N)=O,20984652_72207152
0.4666666666666667,COC(=O)[C@@H](O)CC(=O)Nc1nn(C)c2ccccc12,15020373_14585673
0.4358974358974359,COC(=O)[C@@H](O)CC(=O)Nc1noc2ncccc12,168472_14585673
0.35365853658536583,COC(=O)[C@@H](O)CC(=O)Nc1cccc2c1nnn2C,32189614_14585673
0.6376811594202898,CC[C@@H](O)[C@@H](N)CC(=O)Nc1nncc2ccccc12,20984652_38292440
0.37662337662337664,CCOc1cccc(NC(=O)C[C@H](O)C(=O)OC)n1,19801062_14585673
0.35064935064935066,COC(=O)[C@@H](O)CC(=O)NC[C@@H](C)Cc1ccccc1,11974909_14585673
0.6231884057971014,C[C@@H](N)C[C@@H](N)CC(=O)Nc1nncc2ccccc12,20984652_1703904
0.4246575342465753,COC(=O)[C@@H](O)CC(=O)Nc1ncccc1C(C)C,69841514_14585673
0.2916666666666667,C=C(C)C[C@H](NC(=O)C[C@H](O)C(=O)OC)C(=O)OC,38948741_14585673
0.4666666666666667,O=C(Nc1nncc2ccccc12)c1cccc(F)n1,20984652_1733806
0.5507246376811594,CO[C@@H](C)[C@H](O)C(=O)Nc1nncc2ccccc12,20984652_1586415
0.5714285714285714,COC(=O)COCC(=O)Nc1nncc2ccccc12,20984652_34064790
0.3783783783783784,COC(=O)[C@@H](O)CC(=O)Nc1ccc([C@H](C)O)cn1,72225122_14585673
0.5285714285714286,C/C=C/[C@@H](O)C(=O)Nc1nncc2ccccc12,20984652_34083801
0.4225352112676056,COC(=O)[C@@H](O)CC(=O)Nc1cnnc(C)c1,40546730_14585673
0.4246575342465753,COC(=O)[C@@H](O)CC(=O)Nc1nc(Cl)ncc1F,1718953_14585673
0.6875,CC[C@@H](O)CC(=O)Nc1nncc2ccccc12,20984652_4975461
0.3717948717948718,COC(=O)[C@@H](O)CC(=O)Nc1ccc2c(c1)=NC(=O)N=2,100063390_14585673
0.4084507042253521,COC(=O)[C@@H](O)CC(=O)Nc1cccnc1,967327_14585673
0.5211267605633803,COC(=O)N[C@@H](C)C(=O)Nc1nncc2ccccc12,20984652_19815918
0.6323529411764706,CCN[C@@H](C)CC(=O)Nc1nncc2ccccc12,20984652_35747440
0.5797101449275363,CC(C)(C)C[C@@H](O)C(=O)Nc1nncc2ccccc12,20984652_34016779
0.3684210526315789,COC(=O)[C@@H](O)CC(=O)Nc1ccnc(OC)n1,347124_14585673
0.34615384615384615,COC(=O)[C@@H](O)CC(=O)NC[C@H](C)c1ccccc1C,37245701_14585673
0.5774647887323944,CCC[C@@H](C)OCC(=O)Nc1nncc2ccccc12,20984652_1693442
0.34210526315789475,COC(=O)c1cc(NC(=O)C[C@H](O)C(=O)OC)on1,95929697_14585673
0.6567164179104478,COC[C@H](C)CC(=O)Nc1nncc2ccccc12,20984652_53172984
0.47297297297297297,Cn1nncc1C(=O)Nc1nncc2ccccc12,20984652_62298114
0.47297297297297297,O=C(Nc1nncc2ccccc12)c1ccc(F)cn1,20984652_2599027
0.39436619718309857,COC(=O)[C@@H](O)CC(=O)Nc1ccc(O)cn1,51951624_14585673
0.4189189189189189,COC(=O)[C@@H](O)CC(=O)Nc1ncccc1[C@H](C)O,21985760_14585673
0.3950617283950617,COC(=O)[C@@H](O)CC(=O)Nc1nn(C)c2cnccc12,108281864_14585673
0.44155844155844154,O=C(Nc1nncc2ccccc12)c1cc[nH]c(=O)n1,20984652_1690468
0.47368421052631576,O=C(Nc1nncc2ccccc12)[C@@H](O)c1cnc[nH]1,20984652_34498508
0.36,COC(=O)[C@@H](O)CC(=O)Nc1c(F)cccc1Cl,2389922_14585673
0.5652173913043478,C=C(CCC)CC(=O)Nc1nncc2ccccc12,20984652_39410361
0.35526315789473684,COC(=O)[C@@H](O)CC(=O)NCc1ccc(OC)nc1,9596244_14585673
0.6376811594202898,CC[C@H](O)[C@H](N)CC(=O)Nc1nncc2ccccc12,20984652_84426504
0.6056338028169014,C[C@@H](CC(=O)Nc1nncc2ccccc12)C1CCC1,20984652_82839042
0.6349206349206349,COCC(=O)Nc1nncc2ccccc12,20984652_1683467
0.52,Cc1ccn(CC(=O)Nc2nncc3ccccc23)n1,20984652_2549361
0.6,CC[C@H](O)C(=O)Nc1nncc2ccccc12,20984652_895970
0.48,C[C@@H](C(=O)Nc1nncc2ccccc12)c1ccco1,20984652_19726377
0.4246575342465753,COC(=O)[C@@H](O)CC(=O)Nc1ncccc1OC,14982093_14585673
0.39473684210526316,COCc1cncnc1NC(=O)C[C@H](O)C(=O)OC,26440874_14585673
0.3466666666666667,COC(=O)[C@@H](O)CC(=O)Nc1nc(C(F)F)n[nH]1,19485644_14585673
0.35443037974683544,COC(=O)[C@@H](O)CC(=O)Nc1c(C#N)cccc1OC,11919413_14585673
0.41333333333333333,COC(=O)[C@@H](O)CC(=O)Nc1cnnc(SC)n1,104632400_14585673
0.3875,COC(=O)[C@@H](O)CC(=O)Nc1cnn2ccccc12,26049608_14585673
0.40540540540540543,CNc1cncnc1NC(=O)C[C@H](O)C(=O)OC,1654212_14585673
0.527027027027027,Cn1nncc1CC(=O)Nc1nncc2ccccc12,20984652_62298117
0.527027027027027,Cc1nc(CC(=O)Nc2nncc3ccccc23)co1,20984652_14988220
0.4025974025974026,COC(=O)[C@@H](O)CC(=O)Nc1cc2ccccc2n1C,16698184_14585673
0.2898550724637681,COC(=O)[C@@H](O)CC(=O)N[C@@H](C(=O)OC)[C@@H](C)O,34924611_14585673
0.6666666666666666,C[C@@H](O)[C@H](N)CC(=O)Nc1nncc2ccccc12,20984652_2386834
0.4675324675324675,COc1ccoc1C(=O)Nc1nncc2ccccc12,20984652_43214692
0.34615384615384615,COC(=O)[C@@H](O)CC(=O)NC[C@@H](O)c1ccccn1,2513176_14585673
0.410958904109589,COC(=O)[C@@H](O)CC(=O)Nc1nccc(C)c1C,26145526_14585673
0.5972222222222222,CCCC[C@H](N)CC(=O)Nc1nncc2ccccc12,20984652_2124044
0.410958904109589,COC(=O)[C@@H](O)CC(=O)Nc1nccc(F)c1C,95761873_14585673
0.5714285714285714,C[C@H](N)C(C)(C)CC(=O)Nc1nncc2ccccc12,20984652_72208361
0.3466666666666667,COC(=O)[C@@H](O)CC(=O)NC(=O)[C@H](C)c1ccccc1,2044229_14585673
0.35365853658536583,COC(=O)[C@@H](O)CC(=O)NCc1cccc2cn[nH]c12,36533300_14585673
0.5735294117647058,CC(=O)N(C)CC(=O)Nc1nncc2ccccc12,20984652_12480427
0.6615384615384615,CC[C@@H](C)CC(=O)Nc1nncc2ccccc12,20984652_391783
0.39436619718309857,COC(=O)[C@@H](O)CC(=O)Nc1ccccc1SC,391221_14585673
0.4050632911392405,COC(=O)[C@@H](O)CC(=O)Nc1nccc2n[nH]cc12,79274864_14585673
0.5135135135135135,CO[C@H](C(=O)Nc1nncc2ccccc12)C1CCC1,20984652_160599731
0.4,COC(=O)[C@@H](O)CC(=O)Nc1nccc(OC)c1C,238385067_14585673
0.6417910447761194,CC(C)(C)[C@H](N)CC(=O)Nc1nncc2ccccc12,20984652_2387070
0.46153846153846156,CCn1nncc1C(=O)Nc1nncc2ccccc12,20984652_20438778
0.3875,COC(=O)[C@@H](O)CC(=O)Nc1cnc2cccnn12,15020289_14585673
0.5857142857142857,C[C@@H](O)CNCC(=O)Nc1nncc2ccccc12,20984652_34286884
0.5633802816901409,COC(=O)NCCC(=O)Nc1nncc2ccccc12,20984652_18193752
0.5142857142857142,CC(C)[C@H](C(=O)Nc1nncc2ccccc12)[C@H](C)N,20984652_113966810
0.3037974683544304,COC(=O)[C@@H](O)CC(=O)NC(=O)c1cccc(C)c1C,167077_14585673
0.41025641025641024,COC(=O)[C@@H](O)CC(=O)Nc1ccnc2ccccc12,4202478_14585673
0.41025641025641024,COC(=O)[C@@H](O)CC(=O)Nc1c2ccccc2nn1C,32189297_14585673
0.5205479452054794,COC[C@@H](C(=O)Nc1nncc2ccccc12)N(C)C,20984652_36466213
0.6060606060606061,CC(C)=CCC(=O)Nc1nncc2ccccc12,20984652_1846597
0.6615384615384615,C[C@@H](CN)CC(=O)Nc1nncc2ccccc12,20984652_13818298
0.4605263157894737,O=C(Nc1nncc2ccccc12)c1cncc(F)n1,20984652_60109085
0.4246575342465753,COC(=O)[C@@H](O)CC(=O)Nc1nc(C)ccc1OC,19911426_14585673
0.5797101449275363,COCCCC(=O)Nc1nncc2ccccc12,20984652_5997802
0.48,O=C(Nc1nncc2ccccc12)[C@@H](O)c1ccco1,20984652_221509
0.6285714285714286,C[C@H](CC(=O)Nc1nncc2ccccc12)NCCO,20984652_35749905
0.34615384615384615,COC(=O)[C@@H](O)CC(=O)N[C@@H](C)c1cccc(F)n1,104665084_14585673
0.52,Cn1nccc1CC(=O)Nc1nncc2ccccc12,20984652_69021240
0.5352112676056338,N[C@H](CCF)C(=O)Nc1nncc2ccccc12,20984652_83119819
0.3783783783783784,COC(=O)[C@@H](O)CC(=O)Nc1ccccc1C(F)F,77032059_14585673
0.38571428571428573,COC(=O)[C@@H](O)CC(=O)Nc1ncc(OC)cn1,3123156_14585673
0.3670886075949367,COC(=O)[C@@H](O)CC(=O)Nc1cc2ccccn2n1,84312700_14585673
0.5757575757575758,O=C(Nc1nncc2ccccc12)[C@H](O)CO,20984652_895140
0.34615384615384615,COCn1cc(NC(=O)C[C@H](O)C(=O)OC)cn1,2537624_14585673
0.4230769230769231,COC(=O)[C@@H](O)CC(=O)Nc1cnc2ccccc2c1,39224_14585673
0.38666666666666666,COC(=O)[C@@H](O)CC(=O)Nc1cccc(C(=O)O)n1,336886_14585673
0.2702702702702703,C#CC[C@@H](NC(=O)C[C@H](O)C(=O)OC)C(=O)OC,13356440_14585673
0.35064935064935066,COC(=O)[C@@H](O)CC(=O)Nc1cc(OC)nc(C)n1,25491748_14585673
0.45454545454545453,Nc1cnccc1C(=O)Nc1nncc2ccccc12,20984652_165882
0.38666666666666666,COC(=O)[C@@H](O)CC(=O)Nc1nocc1C#N,4289162_14585673
0.6417910447761194,CC[C@H](CC(=O)Nc1nncc2ccccc12)C(C)C,20984652_15205233
0.4142857142857143,COC(=O)[C@@H](O)CC(=O)Nc1ccccn1,13952160_14585673
0.3972602739726027,COC(=O)[C@@H](O)CC(=O)Nc1cccc(OC)n1,19736831_14585673
0.5277777777777778,O=C(Cc1ccncc1)Nc1nncc2ccccc12,20984652_157065
0.3132530120481928,COC(=O)[C@@H](O)CC(=O)NCCOc1cccnc1,33961386_14585673
0.4861111111111111,Nc1ncc(C(=O)Nc2nncc3ccccc23)s1,20984652_1762884
0.4675324675324675,COc1nc(C(=O)Nc2nncc3ccccc23)co1,20984652_82839237
0.4675324675324675,CCc1ncc(C(=O)Nc2nncc3ccccc23)o1,20984652_58517530
0.6231884057971014,C[C@@H](CC(=O)Nc1nncc2ccccc12)CN(C)C,20984652_43502605
0.34615384615384615,COC(=O)[C@@H](O)CC(=O)NCc1cccnc1F,35570026_14585673
0.49333333333333335,Cn1cc(C(=O)Nc2nncc3ccccc23)c(F)n1,20984652_203089095
0.5714285714285714,COC(=O)N(C)CC(=O)Nc1nncc2ccccc12,20984652_19815702
0.6285714285714286,CCCC[C@H](O)CC(=O)Nc1nncc2ccccc12,20984652_33903518
0.5507246376811594,O=C(Nc1nncc2ccccc12)[C@H](O)CCO,20984652_3651026
0.47368421052631576,Cn1c(C(=O)Nc2nncc3ccccc23)cnc1N,20984652_36243908
0.3125,COC(=O)[C@@H](O)CC(=O)NCCc1ncc(C)o1,11587023_14585673
0.5915492957746479,C#CC[C@@H](N)CC(=O)Nc1nncc2ccccc12,20984652_2385797
0.6417910447761194,O=C(C[C@H](O)C1CC1)Nc1nncc2ccccc12,20984652_38391880
0.31645569620253167,COC(=O)[C@@H](O)CC(=O)NCc1ccc(OC)cn1,78676129_14585673
0.4177215189873418,COC(=O)[C@@H](O)CC(=O)Nc1ncnc2ncccc12,20981201_14585673
0.47297297297297297,Nc1cnc(C(=O)Nc2nncc3ccccc23)cn1,20984652_23528995
0.35135135135135137,CC[C@@H](NC(=O)C[C@H](O)C(=O)OC)c1ccccc1,2014818_14585673
0.6231884057971014,C[C@@H](CC(=O)Nc1nncc2ccccc12)C1CC1,20984652_20259949
0.6825396825396826,C[C@@H](N)CC(=O)Nc1nncc2ccccc12,20984652_1713399
0.3466666666666667,COC(=O)[C@@H](O)CC(=O)NCc1nncn1C,19809501_14585673
0.5833333333333334,NCCC[C@H](N)CC(=O)Nc1nncc2ccccc12,20984652_1532872
0.5522388059701493,CO[C@@H](C)C(=O)Nc1nncc2ccccc12,20984652_2382894
0.6615384615384615,CC(=O)[C@H](C)CC(=O)Nc1nncc2ccccc12,20984652_1689749
0.38666666666666666,COC(=O)[C@@H](O)CC(=O)Nc1ccnnc1C(=O)O,19854095_14585673
0.5633802816901409,COCC(C)(C)CC(=O)Nc1nncc2ccccc12,20984652_87924318
0.6323529411764706,C[C@H](CC(=O)Nc1nncc2ccccc12)C(C)(C)N,20984652_40544559
0.3783783783783784,COC(=O)[C@@H](O)CC(=O)Nc1cnc(C#N)s1,39134554_14585673
0.35802469135802467,COC(=O)[C@@H](O)CC(=O)Nc1c[nH]c2nc(C)ccc12,16678063_14585673
0.4166666666666667,COC(=O)[C@@H](O)CC(=O)Nc1ncc(C)cc1Cl,26466278_14585673
0.36363636363636365,COC(=O)[C@@H](O)CC(=O)Nc1c(C)ccnc1OC,8698247_14585673
0.5694444444444444,CCC[C@H](O)CCC(=O)Nc1nncc2ccccc12,20984652_3846436
0.5652173913043478,CC(C)C[C@H](O)C(=O)Nc1nncc2ccccc12,20984652_407031
0.4084507042253521,COC(=O)[C@@H](O)CC(=O)Nc1nccnc1OC,20357594_14585673
0.6285714285714286,C[C@@H](CC(=O)Nc1nncc2ccccc12)NCCO,20984652_35749904
0.3188405797101449,COC(=O)[C@@H](O)CC(=O)N[C@H](CC(=O)O)C(=O)OC,2560988_14585673
0.3170731707317073,COC(=O)[C@@H](O)CC(=O)NC[C@@H]1C[C@H]1c1ccccc1,29480846_14585673
0.52,Cn1cncc1CC(=O)Nc1nncc2ccccc12,20984652_12496497
0.5,O=C(Nc1nncc2ccccc12)c1ccccc1,20984652_1011
0.527027027027027,C#C[C@H](N)CCC(=O)Nc1nncc2ccccc12,20984652_3872662
0.37333333333333335,COC(=O)[C@@H](O)CC(=O)Nc1cc(F)nc(F)c1F,34203641_14585673
0.6515151515151515,CC(C)[C@H](N)CC(=O)Nc1nncc2ccccc12,20984652_170089
0.37333333333333335,COC(=O)[C@@H](O)CC(=O)Nc1ccc(OC)c(C)n1,21982008_14585673
0.4189189189189189,COC(=O)[C@@H](O)CC(=O)Nc1ccc2ccccc2c1,968125_14585673
0.4935064935064935,O=C(CNc1ccn[nH]1)Nc1nncc2ccccc12,20984652_16957694
0.5507246376811594,CO[C@H](C)[C@@H](O)C(=O)Nc1nncc2ccccc12,20984652_1586418
0.3684210526315789,COC(=O)[C@@H](O)CC(=O)Nc1ccccc1CC(C)C,33605873_14585673
0.4794520547945205,O=C(Nc1nncc2ccccc12)[C@@H]1C[C@H]1CO,20984652_113737495
0.46153846153846156,C[C@@H](C(=O)Nc1nncc2ccccc12)n1ccnc1,20984652_19735553
0.6515151515151515,CC[C@@H](N)CC(=O)Nc1nncc2ccccc12,20984652_12648171
0.5,Nc1ccn(CC(=O)Nc2nncc3ccccc23)n1,20984652_2537410
0.45454545454545453,O=C(Nc1nncc2ccccc12)c1cnccc1F,20984652_2599080
0.3466666666666667,COC(=O)[C@@H](O)CC(=O)N[C@@H](C)C(=O)c1ccccc1,53165481_14585673
0.33766233766233766,COC(=O)[C@@H](O)CC(=O)Nc1ccc(C2CC2)s1,103624536_14585673
0.48,Cn1ncc(C(=O)Nc2nncc3ccccc23)c1F,20984652_145276015
0.4189189189189189,COC(=O)[C@@H](O)CC(=O)Nc1ncccc1SC,39051061_14585673
0.44155844155844154,Nc1nnccc1C(=O)Nc1nncc2ccccc12,20984652_4202687
0.5633802816901409,CNC(=O)C[C@H](N)C(=O)Nc1nncc2ccccc12,20984652_1566730
0.3698630136986301,COC(=O)[C@@H](O)CC(=O)NCc1ccccc1Cl,157592_14585673
0.37333333333333335,COC(=O)[C@@H](O)CC(=O)Nc1ccncc1SC,211727222_14585673
0.3684210526315789,CC[n+]1ccccc1NC(=O)C[C@H](O)C(=O)OC,124384_14585673
0.5882352941176471,COC(C)(C)CC(=O)Nc1nncc2ccccc12,20984652_88189688
0.3625,COC(=O)[C@@H](O)CC(=O)Nc1ccc2ccnn2c1,18556022_14585673
0.5882352941176471,COC(=O)NCC(=O)Nc1nncc2ccccc12,20984652_2562526
0.4657534246575342,O=C(Nc1nncc2ccccc12)c1csnn1,20984652_967389
0.5131578947368421,O=C(CCc1cnoc1)Nc1nncc2ccccc12,20984652_20417432
0.3918918918918919,COC(=O)[C@@H](O)CC(=O)Nc1ccc(N(C)C)nc1,5698869_14585673
0.37333333333333335,COC(=O)[C@@H](O)CC(=O)Nc1cccnc1[C@@H](C)O,103191759_14585673
0.37333333333333335,COCc1ccccc1NC(=O)C[C@H](O)C(=O)OC,13346815_14585673
0.3493975903614458,COC(=O)[C@@H](O)CC(=O)Nc1nc(C)cc2ccnn12,953047394_14585673
0.5211267605633803,CC[C@@](C)(OC)C(=O)Nc1nncc2ccccc12,20984652_14488948
0.38666666666666666,COC(=O)[C@@H](O)CC(=O)Nc1cccc(C(C)=O)n1,34753285_14585673
0.527027027027027,Cc1n[nH]c(CC(=O)Nc2nncc3ccccc23)n1,20984652_2559698
0.6417910447761194,O=C(C[C@@H](O)C1CC1)Nc1nncc2ccccc12,20984652_38391879
0.4230769230769231,COC(=O)[C@@H](O)CC(=O)Nc1n[nH]c2ncccc12,168464_14585673
0.4225352112676056,COC(=O)[C@@H](O)CC(=O)Nc1nc(F)nc(F)c1C,2025696_14585673
0.48,C[C@H](C(=O)Nc1nncc2ccccc12)c1ccco1,20984652_19726378
0.46153846153846156,CCn1ncc(C(=O)Nc2nncc3ccccc23)n1,20984652_218553550
0.5342465753424658,O=C1C=C(CC(=O)Nc2nncc3ccccc23)N=N1,20984652_39599933
0.3684210526315789,COC(=O)[C@@H](O)CC(=O)Nc1ccncc1OC,14982098_14585673
0.5205479452054794,COC[C@H](C(=O)Nc1nncc2ccccc12)N(C)C,20984652_82707840
0.6,CC(C)(C)CC(=O)Nc1nncc2ccccc12,20984652_388597
0.3888888888888889,CCNc1ccccc1NC(=O)C[C@H](O)C(=O)OC,5139781_14585673
0.52,Cc1nnn(CC(=O)Nc2nncc3ccccc23)n1,20984652_75528352
0.45454545454545453,O=C(Nc1nncc2ccccc12)c1ccncc1F,20984652_1595320
0.40789473684210525,COC(=O)[C@@H](O)CC(=O)Nc1ncc(C#N)nc1C,91692971_14585673
0.35526315789473684,COC(=O)[C@@H](O)CC(=O)Nc1cnc(OC)c(F)c1,38339257_14585673
0.35526315789473684,CC[C@H](CNC(=O)C[C@H](O)C(=O)OC)c1ccccc1,3621803_14585673
0.43661971830985913,COC(=O)[C@@H](O)CC(=O)Nc1nncc(C)n1,1672563_14585673
0.38461538461538464,COC(=O)[C@@H](O)CC(=O)Nc1nccc(C#N)c1C,306639817_14585673
0.5970149253731343,CC(C)NC(=O)CC(=O)Nc1nncc2ccccc12,20984652_20204964
0.6825396825396826,O=C(C[C@H](O)CO)Nc1nncc2ccccc12,20984652_3593479
0.3698630136986301,COC(=O)[C@@H](O)CC(=O)NC[C@@H](O)c1ccccc1,403283_14585673
0.35443037974683544,COC(=O)[C@@H](O)CC(=O)Nc1ccncc1C#N,32141637_14585673
0.42857142857142855,COC(=O)[C@@H](O)CC(=O)Nc1cccnn1,1621830_14585673
0.4444444444444444,COC(=O)[C@@H](O)CC(=O)Nc1nnccc1C(=O)O,4202687_14585673
0.6515151515151515,C[C@@H](CC(=O)Nc1nncc2ccccc12)N(C)C,20984652_13347096
0.6615384615384615,NC[C@@H](O)CC(=O)Nc1nncc2ccccc12,20984652_901808
0.6231884057971014,CCN(C)[C@H](C)CC(=O)Nc1nncc2ccccc12,20984652_19092960
0.2962962962962963,COC(=O)[C@@H](O)CC(=O)NC(=N)c1cccc(F)c1,1443069_14585673
0.6470588235294118,CC[C@@H](C)[C@@H](O)CC(=O)Nc1nncc2ccccc12,20984652_52249197
0.34615384615384615,COC(=O)[C@@H](O)CC(=O)Nc1cc(=O)[nH]c(OC)n1,14982068_14585673
0.45454545454545453,O=C(Nc1nncc2ccccc12)c1ncccc1F,20984652_2598969
0.3835616438356164,CCc1ccc(NC(=O)C[C@H](O)C(=O)OC)nn1,43214521_14585673
0.33766233766233766,COC(=O)[C@@H](O)CC(=O)NC(=N)[C@@H](C)c1ccccc1,39269050_14585673
0.4675324675324675,O=C(Nc1nncc2ccccc12)[C@H](O)c1ccoc1,20984652_22204561
0.5416666666666666,COC(=O)C[C@@H](N)C(=O)Nc1nncc2ccccc12,20984652_2560671
0.4,COC(=O)[C@@H](O)CC(=O)Nc1nncs1,17744119_14585673
0.3698630136986301,COC(=O)[C@@H](O)CC(=O)Nc1nc(C)cn1C,82828813_14585673
0.5205479452054794,O=C(Cc1cncs1)Nc1nncc2ccccc12,20984652_6499760
0.3684210526315789,COC(=O)c1cnc(NC(=O)C[C@H](O)C(=O)OC)o1,15021590_14585673
0.5633802816901409,COCC(=O)NCC(=O)Nc1nncc2ccccc12,20984652_20205651
0.33766233766233766,COC(=O)[C@@H](O)CC(=O)N[C@H]1C[C@@H](c2ccccc2)C1,103539963_14585673
0.5066666666666667,O=C(Cc1cnccn1)Nc1nncc2ccccc12,20984652_12650881
0.38666666666666666,COC(=O)[C@@H](O)CC(=O)Nc1cnccc1CO,4352659_14585673
0.5,COCCC[C@@H](C)C(=O)Nc1nncc2ccccc12,20984652_1641741
0.5131578947368421,O=C(CCc1cc[nH]n1)Nc1nncc2ccccc12,20984652_80540513
0.41333333333333333,CCOc1cccnc1NC(=O)C[C@H](O)C(=O)OC,19092421_14585673
0.379746835443038,COC(=O)[C@@H](O)CC(=O)Nc1nccc(OC)c1C#N,168320_14585673
0.3972602739726027,COC(=O)[C@@H](O)CC(=O)Nc1nc(C)nc(C)c1F,85005479_14585673
0.3088235294117647,COC(=O)[C@@H](O)CC(=O)N[C@H](CO)C(=O)OC,19230193_14585673
0.3815789473684211,CCNc1cccc(NC(=O)C[C@H](O)C(=O)OC)n1,82707700_14585673
0.5942028985507246,CC(C)COCC(=O)Nc1nncc2ccccc12,20984652_168059
0.6142857142857143,C[C@H](CC(=O)Nc1nncc2ccccc12)NC(=N)N,20984652_2044818
0.34210526315789475,COC(=O)[C@@H](O)CC(=O)Nc1ccc(F)cc1OC,16159540_14585673
0.3684210526315789,COC(=O)[C@@H](O)CC(=O)Nc1cccc(CO)c1C,389568_14585673
0.44285714285714284,COC(=O)[C@@H](O)CC(=O)Nc1ncccc1Cl,19737460_14585673
0.410958904109589,COC(=O)[C@@H](O)CC(=O)Nc1cnnc(OC)c1,84312344_14585673
0.4027777777777778,COC(=O)[C@@H](O)CC(=O)Nc1ccc(F)nc1F,39051942_14585673
0.5,Cc1ncc(C(=O)Nc2nncc3ccccc23)s1,20984652_1688638
0.3888888888888889,COC(=O)[C@@H](O)CC(=O)Nc1ccc(OC)nc1,404286_14585673
0.6515151515151515,C[C@@H](CC(=O)Nc1nncc2ccccc12)C(N)=O,20984652_77260148
0.38571428571428573,COC(=O)[C@@H](O)CC(=O)Nc1cnsn1,26479221_14585673
0.325,COC(=O)[C@@H](O)CC(=O)N[C@@H]1C[C@]1(C)c1ccccc1,52126358_14585673
0.4722222222222222,O=C(Nc1nncc2ccccc12)c1ccccn1,20984652_39905
0.4666666666666667,O=C(Nc1nncc2ccccc12)c1nccnc1F,20984652_116295222
0.6461538461538462,N[C@H](CO)CC(=O)Nc1nncc2ccccc12,20984652_4181820
0.5416666666666666,Cc1nonc1CC(=O)Nc1nncc2ccccc12,20984652_801648
0.5857142857142857,CO[C@@H](C)CCC(=O)Nc1nncc2ccccc12,20984652_5085437
0.40789473684210525,COC(=O)[C@@H](O)CC(=O)Nc1nc(C)cnc1C#N,39194346_14585673
0.52,COCCC[C@@H](N)C(=O)Nc1nncc2ccccc12,20984652_37753862
0.358974358974359,COC(=O)[C@@H](O)CC(=O)NCc1cnnc(OC)c1,84238126_14585673
0.5131578947368421,Nc1ncn(CC(=O)Nc2nncc3ccccc23)n1,20984652_2537440
0.3561643835616438,COC(=O)[C@@H](O)CC(=O)NC(C)(C)c1ccccc1,1693209_14585673
0.3670886075949367,COC(=O)[C@@H](O)CC(=O)Nc1ccc(C#N)nc1OC,88187525_14585673
0.6470588235294118,CC[C@H](C)[C@H](O)CC(=O)Nc1nncc2ccccc12,20984652_52249196
0.4473684210526316,Nc1cccc(C(=O)Nc2nncc3ccccc23)n1,20984652_336886
0.6417910447761194,CC(C)N[C@@H](C)CC(=O)Nc1nncc2ccccc12,20984652_35747432
0.4473684210526316,O=C(Nc1nncc2ccccc12)c1ncccc1O,20984652_157108
0.4675324675324675,C[C@H](C(=O)Nc1nncc2ccccc12)n1ccnn1,20984652_59843750
0.4533333333333333,O=C(Nc1nncc2ccccc12)c1ccnnc1O,20984652_20357821
0.35,C#C[C@@H](NC(=O)C[C@H](O)C(=O)OC)c1cccnc1,83945108_14585673
0.33766233766233766,COC(=O)[C@@H](O)CC(=O)NC(=N)N(C)c1ccccc1,1571101_14585673
0.43243243243243246,COC(=O)[C@@H](O)CC(=O)Nc1nc(C)ncc1CO,895559_14585673
0.3835616438356164,COC(=O)[C@@H](O)CC(=O)Nc1ccccc1[C@H](C)O,5141567_14585673
0.5138888888888888,CC(C)[C@@H](O)[C](N)C(=O)Nc1nncc2ccccc12,20984652_1560408812
0.43243243243243246,COC(=O)[C@@H](O)CC(=O)Nc1nc(O)ncc1C#N,492965_14585673
0.47297297297297297,Cn1cc(C(=O)Nc2nncc3ccccc23)cn1,20984652_1088698
0.35526315789473684,COC(=O)[C@@H](O)CC(=O)Nc1cnn(C)c1OC,82836152_14585673
0.6515151515151515,C[C@H](N)[C@@H](C)CC(=O)Nc1nncc2ccccc12,20984652_72208146
0.3466666666666667,COC(=O)[C@@H](O)CC(=O)Nc1ccc(C)c(F)c1F,12359276_14585673
0.6515151515151515,C[C@H](CC(=O)Nc1nncc2ccccc12)[C@@H](C)N,20984652_72208145
0.3170731707317073,CCc1cccc(C(=N)NC(=O)C[C@H](O)C(=O)OC)n1,39049936_14585673
0.6285714285714286,CCCC[C@@H](O)CC(=O)Nc1nncc2ccccc12,20984652_33903519
0.527027027027027,Cc1cnn(CC(=O)Nc2nncc3ccccc23)c1,20984652_2549481
0.4025974025974026,COC(=O)[C@@H](O)CC(=O)Nc1nc(C)ncc1C#N,165358_14585673
0.47435897435897434,CCc1conc1C(=O)Nc1nncc2ccccc12,20984652_71614234
0.5135135135135135,CCC[C@H](N)[C@H](O)C(=O)Nc1nncc2ccccc12,20984652_35050455
0.5205479452054794,O=C(Cc1cccs1)Nc1nncc2ccccc12,20984652_157069
0.4935064935064935,O=C(CCc1ncc[nH]1)Nc1nncc2ccccc12,20984652_2527499
0.34615384615384615,COC(=O)[C@@H](O)CC(=O)NC[C@@H](C)c1ccccc1C,37245704_14585673
0.40540540540540543,COC(=O)[C@@H](O)CC(=O)Nc1ncncc1OC,331862_14585673
0.37333333333333335,CCc1cnn(C)c1NC(=O)C[C@H](O)C(=O)OC,42413659_14585673
0.34210526315789475,CC[C@@H](NC(=O)C[C@H](O)C(=O)OC)c1ccco1,20264952_14585673
0.3835616438356164,COC(=O)[C@@H](O)CC(=O)Nc1ccc(C(=O)O)nn1,20357819_14585673
0.3614457831325301,COC(=O)[C@@H](O)CC(=O)Nc1cccc2c1O[C@@H](C)C2,34083037_14585673
0.39436619718309857,COC(=O)[C@@H](O)CC(=O)Nc1ccc(F)nn1,30678112_14585673
0.547945205479452,NCCCOCC(=O)Nc1nncc2ccccc12,20984652_1618814
0.5138888888888888,CCN(CC)[C@H](C)C(=O)Nc1nncc2ccccc12,20984652_21521031
0.4533333333333333,O=C(Nc1nncc2ccccc12)c1cccc(O)c1,20984652_388754
0.5555555555555556,COC1(CC(=O)Nc2nncc3ccccc23)CCC1,20984652_95740497
0.44285714285714284,COC(=O)[C@@H](O)CC(=O)Nc1nc(F)ncc1F,3129093_14585673
0.4666666666666667,O=C(Nc1nncc2ccccc12)c1cnc(F)cn1,20984652_137877734
0.5972222222222222,CCCC[C@@H](N)CC(=O)Nc1nncc2ccccc12,20984652_2124046
0.5857142857142857,CC[C@H](C)OCC(=O)Nc1nncc2ccccc12,20984652_34306553
0.379746835443038,COC(=O)[C@@H](O)CC(=O)Nc1nnc2ccccn12,8616242_14585673
0.375,COC(=O)[C@@H](O)CC(=O)Nc1ccnc2ncccc12,95192359_14585673
0.6417910447761194,C[C@@H](CC(=O)Nc1nncc2ccccc12)C(C)(C)O,20984652_84327982
0.6086956521739131,N[C@H](CC(=O)Nc1nncc2ccccc12)C1CC1,20984652_2386292
0.3684210526315789,COC(=O)[C@@H](O)CC(=O)Nc1cnc(OC)nc1C,82837467_14585673
0.29411764705882354,COC(=O)[C@@H](O)CC(=O)NC[C@@H]1CNc2ccccc21,24319170_14585673
0.52,Cc1cncn1CC(=O)Nc1nncc2ccccc12,20984652_39320988
0.6231884057971014,CCC[C@@H](N)CC(=O)Nc1nncc2ccccc12,20984652_2584600
0.6515151515151515,CC(=O)[C@H](N)CC(=O)Nc1nncc2ccccc12,20984652_5434359
0.5,Nc1cc(CC(=O)Nc2nncc3ccccc23)n[nH]1,20984652_16696916
0.3037974683544304,COC(=O)[C@@H](O)CC(=O)NC1(c2ccncc2)CC1,54404923_14585673
0.3048780487804878,COC(=O)[C@@H](O)CC(=O)NCCCc1ccccc1C,11596863_14585673
0.4027777777777778,COC(=O)[C@@H](O)CC(=O)Nc1cccc(Cl)n1,19735874_14585673
0.4657534246575342,O=C(Nc1nncc2ccccc12)c1ccsn1,20984652_12958089
0.5135135135135135,O=C(Cc1nnn[nH]1)Nc1nncc2ccccc12,20984652_5178980
0.2898550724637681,COC(=O)[C@@H](NC(=O)C[C@H](O)C(=O)OC)[C@@H](C)O,34924609_14585673
0.35135135135135137,CC[C@](C)(NC(=O)C[C@H](O)C(=O)OC)c1ccccc1,3136326_14585673
0.52,Cc1ncc(CC(=O)Nc2nncc3ccccc23)o1,20984652_82410122
0.3088235294117647,COC(=O)[C@H](CO)NC(=O)C[C@H](O)C(=O)OC,19230192_14585673
0.52,Cc1conc1CC(=O)Nc1nncc2ccccc12,20984652_169244473
0.5277777777777778,COC(C)(C)[C@H](N)C(=O)Nc1nncc2ccccc12,20984652_1677635
0.5205479452054794,O=C(Cc1cnns1)Nc1nncc2ccccc12,20984652_82839640
0.6615384615384615,C[C@@H](CO)CC(=O)Nc1nncc2ccccc12,20984652_6036098
0.3333333333333333,COC(=O)[C@@H](O)CC(=O)NC[C@H](C)c1cccs1,6408903_14585673
0.3835616438356164,COC(=O)[C@@H](O)CC(=O)Nc1ccc(CO)nn1,104588358_14585673
0.5131578947368421,O=C(CCc1cn[nH]c1)Nc1nncc2ccccc12,20984652_19090129
0.33766233766233766,COC(=O)[C@@H](O)CC(=O)Nc1occc1C#N,39118283_14585673
0.3614457831325301,COC(=O)[C@@H](O)CC(=O)Nc1ccc2ncncc2c1,29483194_14585673
0.5616438356164384,COC[C@@H](C)NCC(=O)Nc1nncc2ccccc12,20984652_20376348
0.5352112676056338,O=C(Cc1ncccn1)Nc1nncc2ccccc12,20984652_2540589
0.5205479452054794,CC(C)C[C@@](C)(N)C(=O)Nc1nncc2ccccc12,20984652_403040
0.3670886075949367,C#CCOc1ccc(NC(=O)C[C@H](O)C(=O)OC)cn1,40542902_14585673
0.35064935064935066,COC(=O)[C@@H](O)CC(=O)Nc1cc(F)nc(OC)c1,220491740_14585673
0.375,COC(=O)[C@@H](O)CC(=O)Nc1cncc2cc[nH]c12,89220883_14585673
0.3783783783783784,COC(=O)[C@@H](O)CC(=O)Nc1cnc(C)nc1C,22116124_14585673
0.38666666666666666,COC(=O)[C@@H](O)CC(=O)Nc1ccnnc1OC,84312341_14585673
0.4444444444444444,COC(=O)[C@@H](O)CC(=O)Nc1ncccc1CO,19735472_14585673
0.5942028985507246,CC(=O)OCCC(=O)Nc1nncc2ccccc12,20984652_14507045
0.6323529411764706,CCN[C@H](C)CC(=O)Nc1nncc2ccccc12,20984652_35747442
0.410958904109589,COC(=O)[C@@H](O)CC(=O)Nc1cc(Cl)cnn1,34120869_14585673
0.5671641791044776,NC[C@@H](O)C(=O)Nc1nncc2ccccc12,20984652_2034713
0.5416666666666666,CC[C@@H](C)[C@@H](OC)C(=O)Nc1nncc2ccccc12,20984652_159686245
0.39705882352941174,COC(=O)[C@@H](O)CC(=O)Nc1ncccn1,967472_14585673
0.52,Cn1ncc(CC(=O)Nc2nncc3ccccc23)n1,20984652_211827455
0.3333333333333333,COCCn1ccnc1NC(=O)C[C@H](O)C(=O)OC,98213878_14585673
0.3684210526315789,COC(=O)[C@@H](O)CC(=O)Nc1ccc(C)nc1OC,8698258_14585673
0.4246575342465753,COC(=O)[C@@H](O)CC(=O)Nc1nc(F)ccc1Cl,71256078_14585673
0.46153846153846156,COc1n[nH]cc1C(=O)Nc1nncc2ccccc12,20984652_26178585
0.4057971014492754,COC(=O)[C@@H](O)CC(=O)Nc1ccno1,6661039_14585673
0.3375,CC[C@H](C)n1ncc(NC(=O)C[C@H](O)C(=O)OC)n1,98108503_14585673
0.4430379746835443,O=C(Nc1nncc2ccccc12)[C@H]1CCC[C@@H]1CF,20984652_82163004
0.36619718309859156,COC(=O)[C@@H](O)CC(=O)N[C@H](C)c1ccccc1,6037146_14585673
0.5797101449275363,CC(C)(C)C[C@H](O)C(=O)Nc1nncc2ccccc12,20984652_34016778
0.5362318840579711,C[C@H](NC(C)(C)C)C(=O)Nc1nncc2ccccc12,20984652_2516911
0.4675324675324675,C[C@@H](C(=O)Nc1nncc2ccccc12)n1cnnn1,20984652_32500131
0.5428571428571428,O=C(Cn1cnnc1)Nc1nncc2ccccc12,20984652_2598099
0.5857142857142857,CC[C@@H](O)CCC(=O)Nc1nncc2ccccc12,20984652_3650180
0.3333333333333333,COCCn1cnc(NC(=O)C[C@H](O)C(=O)OC)c1,98214008_14585673
0.5135135135135135,O=C(Cc1cscn1)Nc1nncc2ccccc12,20984652_1670739
0.36,COC(=O)[C@@H](O)CC(=O)Nc1ncnn1C(C)C,19090897_14585673
0.35365853658536583,COC(=O)[C@@H](O)CC(=O)Nc1ccc2c(C)c[nH]c2n1,238557507_14585673
0.48,CCc1nnc(C(=O)Nc2nncc3ccccc23)o1,20984652_58517532
0.4142857142857143,CNc1nccnc1NC(=O)C[C@H](O)C(=O)OC,22115548_14585673
0.41333333333333333,COCc1cccnc1NC(=O)C[C@H](O)C(=O)OC,52734230_14585673
0.3291139240506329,C#CC[C@H](NC(=O)C[C@H](O)C(=O)OC)c1ccccc1,12336864_14585673
0.4473684210526316,Nc1c[nH]c(C(=O)Nc2nncc3ccccc23)n1,20984652_38804037
0.609375,CNC(=O)CC(=O)Nc1nncc2ccccc12,20984652_5996102
0.3333333333333333,COC(=O)[C@@H](O)CC(=O)N[C@@H](C)c1ccns1,73657686_14585673
0.5774647887323944,CCC[C@H](C)OCC(=O)Nc1nncc2ccccc12,20984652_5561066
0.52,Cc1ncc(CC(=O)Nc2nncc3ccccc23)[nH]1,20984652_21982898
0.3783783783783784,COC(=O)[C@@H](O)CC(=O)Nc1oncc1C(C)C,77260050_14585673
0.32894736842105265,COC(=O)[C@@H](O)CC(=O)N[C@@H](C)c1ncc(C)cn1,70947658_14585673
0.35526315789473684,COC(=O)[C@@H](O)CC(=O)Nc1ccn(C(C)(C)C)n1,19972445_14585673
0.4794520547945205,O=C(Nc1nncc2ccccc12)c1ncc(F)cn1,20984652_85219504
0.5135135135135135,O=C(Cn1ccnn1)Nc1nncc2ccccc12,20984652_2513904
0.5616438356164384,CCCCCOCC(=O)Nc1nncc2ccccc12,20984652_1712887
0.47368421052631576,COc1ccc(C(=O)Nc2nncc3ccccc23)o1,20984652_253676
0.45454545454545453,Cc1nccc(C(=O)Nc2nncc3ccccc23)n1,20984652_19737067
0.5135135135135135,C[C@H](OCCO)C(=O)Nc1nncc2ccccc12,20984652_19870478
0.3333333333333333,COC(=O)[C@@H](O)CC(=O)NC[C@H](OC)c1ccco1,43336581_14585673
0.47297297297297297,Cn1cc(C(=O)Nc2nncc3ccccc23)nn1,20984652_20446453
0.36363636363636365,CCCc1ccc(NC(=O)C[C@H](O)C(=O)OC)nc1,44121357_14585673
0.5,Nc1cn(CC(=O)Nc2nncc3ccccc23)nn1,20984652_82409812
0.3116883116883117,COC(=O)[C@@H](O)CC(=O)NCc1csc(F)n1,211672929_14585673
0.41333333333333333,COC(=O)[C@@H](O)CC(=O)Nc1ncccc1CCO,69943952_14585673
0.41333333333333333,CCNc1cccnc1NC(=O)C[C@H](O)C(=O)OC,34538275_14585673
0.36,COC(=O)[C@@H](O)CC(=O)Nc1cccc(O)c1OC,34268616_14585673
0.5652173913043478,CCC(=O)NCC(=O)Nc1nncc2ccccc12,20984652_1606052
0.5970149253731343,O=C(COC(F)F)Nc1nncc2ccccc12,20984652_5112772
0.2777777777777778,CC[C@@H](NC(=O)C[C@H](O)C(=O)OC)[C@H](O)C(=O)OC,78725161_14585673
0.4177215189873418,COC(=O)[C@@H](O)CC(=O)Nc1n[nH]c2ccncc12,25924175_14585673
0.46835443037974683,COC[C@@]1(C)C[C@@H]1C(=O)Nc1nncc2ccccc12,20984652_53199847
0.5362318840579711,CO[C@H](C(=O)Nc1nncc2ccccc12)C(C)C,20984652_19513078
0.43283582089552236,COC(=O)[C@@H](O)CC(=O)Nc1nncnn1,8251252_14585673
0.27631578947368424,CNC(=O)C[C@H](NC(=O)C[C@H](O)C(=O)OC)C1CC1,129736990_14585673
0.47297297297297297,Cc1cnncc1C(=O)Nc1nncc2ccccc12,20984652_76914606
0.6363636363636364,N[C@H](CC(=O)Nc1nncc2ccccc12)C(F)F,20984652_34621624
0.3333333333333333,COCc1nsc(NC(=O)C[C@H](O)C(=O)OC)n1,49672144_14585673
0.5652173913043478,CC(C)C[C@@H](O)C(=O)Nc1nncc2ccccc12,20984652_407032
0.4166666666666667,CCNc1nccnc1NC(=O)C[C@H](O)C(=O)OC,40448280_14585673
0.31645569620253167,CC[C@@H](NC(=O)C[C@H](O)C(=O)OC)c1nnc[nH]1,42041085_14585673
0.3717948717948718,COC(=O)[C@@H](O)CC(=O)N[C]1CCc2ccccc21,1560406258_14585673
0.6086956521739131,N[C@H](CCO)CC(=O)Nc1nncc2ccccc12,20984652_82073082
0.38666666666666666,COC(=O)[C@@H](O)CC(=O)Nc1cncc(C(=O)O)n1,39083038_14585673
0.4675324675324675,C[C@@H](C(=O)Nc1nncc2ccccc12)n1ccnn1,20984652_59843749
0.37333333333333335,COC(=O)[C@@H](O)CC(=O)Nc1cccnc1[C@H](C)O,103191756_14585673
0.4533333333333333,Nc1cnncc1C(=O)Nc1nncc2ccccc12,20984652_39083039
0.33766233766233766,COC(=O)[C@@H](O)CC(=O)NCc1ccc(C)nc1,19420999_14585673
0.46153846153846156,COc1oncc1C(=O)Nc1nncc2ccccc12,20984652_12650085
0.4473684210526316,COC(=O)[C@@H](O)CC(=O)Nc1nccc2ncccc12,20984791_14585673
0.5909090909090909,CS(=O)(=O)CC(=O)Nc1nncc2ccccc12,20984652_2510138
0.4025974025974026,COC(=O)[C@@H](O)CC(=O)Nc1cnc2ccccc2n1,1683294_14585673
0.43037974683544306,C#Cc1cccc(C(=O)Nc2nncc3ccccc23)n1,20984652_82046790
0.4605263157894737,O=C(Nc1nncc2ccccc12)c1cccc(F)c1,20984652_157326
0.3888888888888889,COC(=O)[C@@H](O)CC(=O)Nc1ccc(F)nc1,335086_14585673
0.4473684210526316,O=C(Nc1nncc2ccccc12)c1cncc(O)c1,20984652_332673
0.6666666666666666,C[C@H](O)[C@H](N)CC(=O)Nc1nncc2ccccc12,20984652_8239857
0.47368421052631576,COc1cnc(C(=O)Nc2nncc3ccccc23)o1,20984652_1383617
0.4305555555555556,COC(=O)[C@@H](O)CC(=O)Nc1ncnc(F)c1C,39053527_14585673
0.3333333333333333,COC(=O)[C@@H](O)CC(=O)NC[C@@H](OC)c1ccco1,43336582_14585673
0.3333333333333333,COC(=O)[C@@H](O)CC(=O)NCc1nncs1,2548452_14585673
0.4666666666666667,Cn1cncc1C(=O)Nc1nncc2ccccc12,20984652_19850648
0.38666666666666666,COC(=O)[C@@H](O)CC(=O)Nc1ccc(CO)c(C)n1,72224118_14585673
0.4125,COC(=O)[C@@H](O)CC(=O)Nc1nc(C)nn2cccc12,82408753_14585673
0.39436619718309857,COC(=O)[C@@H](O)CC(=O)Nc1ccc(OC)nn1,331864_14585673
0.4,COC(=O)[C@@H](O)CC(=O)Nc1ccccc1Cl,164914_14585673
0.391304347826087,COC(=O)[C@@H](O)CC(=O)Nc1c(F)cccc1F,159273_14585673
0.6212121212121212,CC(=O)OCC(=O)Nc1nncc2ccccc12,20984652_1698817
0.35526315789473684,CCc1cnn(CC)c1NC(=O)C[C@H](O)C(=O)OC,642882641_14585673
0.5970149253731343,COC(=O)CCC(=O)Nc1nncc2ccccc12,20984652_152993
0.3068181818181818,COC(=O)[C@@H](O)CC(=O)NCc1cc2ccoc2cn1,82408785_14585673
0.5416666666666666,COC(=O)C[C@H](N)C(=O)Nc1nncc2ccccc12,20984652_1708458
0.36486486486486486,COC(=O)[C@@H](O)CC(=O)NC[C@@H](C)c1ccccc1,1506854_14585673
0.36486486486486486,COCc1ncc(NC(=O)C[C@H](O)C(=O)OC)cn1,49672142_14585673
0.3684210526315789,COC(=O)[C@@H](O)CC(=O)Nc1ncc(C)c(Cl)n1,408844_14585673
0.34615384615384615,CCNc1ncnc(NC(=O)C[C@H](O)C(=O)OC)n1,2034775_14585673
0.3972602739726027,COC(=O)[C@@H](O)CC(=O)Nc1ccnnc1Cl,40448770_14585673
0.44155844155844154,O=C(Nc1nncc2ccccc12)c1cccc(=O)[nH]1,20984652_156920
0.3125,C#C[C@@H](NC(=O)C[C@H](O)C(=O)OC)c1ccccc1F,83947013_14585673
0.5,O=C(CCc1ccco1)Nc1nncc2ccccc12,20984652_152318
0.5857142857142857,CC[C@H](O)CCC(=O)Nc1nncc2ccccc12,20984652_3650179
0.31645569620253167,COC[C@@H](NC(=O)C[C@H](O)C(=O)OC)c1ccco1,70184754_14585673
0.6515151515151515,C[C@@H](N)[C@@H](C)CC(=O)Nc1nncc2ccccc12,20984652_72208144
0.5066666666666667,O=C(Nc1nncc2ccccc12)[C@@H](O)CC1CCC1,20984652_104723567
0.6119402985074627,C[C@H](O)CCC(=O)Nc1nncc2ccccc12,20984652_6020467
0.5131578947368421,CCOCC[C@H](N)C(=O)Nc1nncc2ccccc12,20984652_5859093
0.4794520547945205,O=C(Nc1nncc2ccccc12)c1cnsc1,20984652_13534103
0.5138888888888888,CO[C@@H](C)[C@H](N)C(=O)Nc1nncc2ccccc12,20984652_1700275
0.4675324675324675,CCc1nc(C(=O)Nc2nncc3ccccc23)co1,20984652_34924959
0.3611111111111111,COC(=O)[C@@H](O)CC(=O)Nc1noc(C)n1,39191860_14585673
0.5205479452054794,C[C@H](NC(=O)CN)C(=O)Nc1nncc2ccccc12,20984652_1730665
0.47435897435897434,C[C@@H](C#N)C[C@H](N)C(=O)Nc1nncc2ccccc12,20984652_13355529
0.4657534246575342,O=C(Nc1nncc2ccccc12)c1cncs1,20984652_2586002
0.547945205479452,COC1(CC(=O)Nc2nncc3ccccc23)COC1,20984652_258620179
0.5352112676056338,CN[C@@H](COC)C(=O)Nc1nncc2ccccc12,20984652_14696241
0.5342465753424658,CN(C)CC[C@H](O)C(=O)Nc1nncc2ccccc12,20984652_142469109
0.38271604938271603,COC(=O)[C@@H](O)CC(=O)Nc1ncnc2c1cnn2C,487725_14585673
0.3783783783783784,COC(=O)[C@@H](O)CC(=O)Nc1ccc(C(C)C)cn1,39050142_14585673
0.5294117647058824,O=C(Nc1nncc2ccccc12)[C@@H](O)C(F)(F)F,20984652_5018516
0.45454545454545453,Cc1ccnc(C(=O)Nc2nncc3ccccc23)n1,20984652_20442155
0.3684210526315789,COC(=O)[C@@H](O)CC(=O)Nc1c(F)cccc1CO,39118640_14585673
0.345679012345679,COC(=O)[C@@H](O)CC(=O)Nc1ccccc1OCC#N,19400390_14585673
0.52,Cc1cc[nH]c1CC(=O)Nc1nncc2ccccc12,20984652_40546654
0.6323529411764706,CC(=O)N[C@H](C)CC(=O)Nc1nncc2ccccc12,20984652_19092050
0.4935064935064935,O=C(Cn1cn[nH]c1=O)Nc1nncc2ccccc12,20984652_95347496
0.4794520547945205,O=C(Nc1nncc2ccccc12)c1ccccc1F,20984652_164451
0.3472222222222222,COC(=O)[C@@H](O)CC(=O)Nc1onc(C)c1C,164496_14585673
0.33766233766233766,COC(=O)[C@@H](O)CC(=O)N[C@H](C)c1ccccn1,801641_14585673
0.5277777777777778,O=C(Nc1nncc2ccccc12)[C@H](O)CCCO,20984652_13539232
0.3333333333333333,COC(=O)[C@@H](O)CC(=O)N[C@@H](C)CCc1ccccc1,1705109_14585673
0.671875,CC(C)[C@H](C)CC(=O)Nc1nncc2ccccc12,20984652_1733920
0.4794520547945205,O=C(Nc1nncc2ccccc12)c1cnsn1,20984652_1270256
0.47368421052631576,CCc1nnc(C(=O)Nc2nncc3ccccc23)[nH]1,20984652_72233204
0.3103448275862069,COC(=O)[C@@H](O)CC(=O)NCc1ccc2[nH]ncc2c1,19045771_14585673
0.5428571428571428,NCC(=O)CCC(=O)Nc1nncc2ccccc12,20984652_3782550
0.5135135135135135,CCCC[C@H](OC)C(=O)Nc1nncc2ccccc12,20984652_96585170
0.3076923076923077,COC(=O)[C@@H](O)CC(=O)N[C@H](C)c1ncn[nH]1,42041021_14585673
0.3333333333333333,COCc1cc(NC(=O)C[C@H](O)C(=O)OC)n[nH]1,26511567_14585673
0.3125,COC(=O)[C@@H](O)CC(=O)NC(=O)c1ccncc1F,39051372_14585673
0.6231884057971014,C[C@@H](CCN)CC(=O)Nc1nncc2ccccc12,20984652_78809019
0.31645569620253167,COC[C@H](NC(=O)C[C@H](O)C(=O)OC)c1ccco1,70184753_14585673
0.35064935064935066,COC(=O)[C@@H](O)CC(=O)Nc1cnc(OC)c(C)c1,8698124_14585673
0.47297297297297297,Cc1ccc(C(=O)Nc2nncc3ccccc23)nn1,20984652_34088241
0.527027027027027,O=C(Cc1ncc(O)[nH]1)Nc1nncc2ccccc12,20984652_101788259
0.35443037974683544,COCc1ccnc(NC(=O)C[C@H](O)C(=O)OC)n1,34333232_14585673
0.4861111111111111,Cc1cnc(C(=O)Nc2nncc3ccccc23)nc1,20984652_26461415
0.3103448275862069,COC(=O)[C@@H](O)CC(=O)NCc1cc2ccncc2[nH]1,45328813_14585673
0.4675324675324675,C[C@@H](C(=O)Nc1nncc2ccccc12)n1cccn1,20984652_12396105
0.375,COC(=O)[C@@H](O)CC(=O)Nc1cccc2ncccc12,404292_14585673
0.4794520547945205,O=C(Nc1nncc2ccccc12)c1ccc(F)o1,20984652_85395459
0.35526315789473684,COC(=O)[C@@H](O)CC(=O)Nc1[nH]ncc1SC,40999530_14585673
0.29577464788732394,COC(=O)[C@@H](O)CC(=O)NC[C@H](O)CC(=O)O,901811_14585673
0.4675324675324675,CCn1cc(C(=O)Nc2nncc3ccccc23)cn1,20984652_356346
0.44155844155844154,Nc1nc[nH]c1C(=O)Nc1nncc2ccccc12,20984652_2580801
0.5205479452054794,O=C(Cc1ccc[nH]1)Nc1nncc2ccccc12,20984652_2576193
0.35135135135135137,COC(=O)[C@@H](O)CC(=O)Nc1nnc(C(C)C)s1,59747_14585673
0.3684210526315789,COC(=O)[C@@H](O)CC(=O)Nc1c(C(=O)O)cnn1C,19850925_14585673
0.32894736842105265,COC(=O)[C@@H](O)CC(=O)Nc1c(C)cc(F)cc1F,165010252_14585673
0.3125,COC(=O)[C@@H](O)CC(=O)NCc1cccc(OC)c1,388378_14585673
0.5857142857142857,CC(C)C[C](N)CC(=O)Nc1nncc2ccccc12,20984652_1560407699
0.3373493975903614,COC(=O)[C@@H](O)CC(=O)Nc1ccc2c(c1)C[C@H](C)O2,15635655_14585673
0.6323529411764706,CC[C@H](CC(=O)Nc1nncc2ccccc12)SC,20984652_62766653
0.52,Cc1nc(CC(=O)Nc2nncc3ccccc23)no1,20984652_19682132
0.4666666666666667,Cc1cncc(C(=O)Nc2nncc3ccccc23)n1,20984652_6523515
0.3835616438356164,COC(=O)[C@@H](O)CC(=O)Nc1ccc(OC)cn1,14982095_14585673
0.48,O=C(Nc1nncc2ccccc12)[C@H](O)c1ccco1,20984652_221512
0.31645569620253167,COC(=O)[C@@H](O)CC(=O)N[C@@H](C)c1ccc(F)nc1,82410330_14585673
0.38666666666666666,CCc1cccc(NC(=O)C[C@H](O)C(=O)OC)n1,5197414_14585673
0.2898550724637681,COC(=O)[C@@H](NC(=O)C[C@H](O)C(=O)OC)[C@H](C)O,34924608_14585673
0.26666666666666666,COC(=O)[C@@H](NC(=O)C[C@H](O)C(=O)OC)C1CCC1,38531456_14585673
0.5507246376811594,CO[C@@H](C)[C@@H](O)C(=O)Nc1nncc2ccccc12,20984652_1586417
0.5068493150684932,C#CC[C@H](C)C(=O)Nc1nncc2ccccc12,20984652_34188481
0.52,Cc1ccnn1CC(=O)Nc1nncc2ccccc12,20984652_2549475
0.5205479452054794,CCCC[C@H](N)C(=O)Nc1nncc2ccccc12,20984652_1529322
0.3972602739726027,COC(=O)[C@@H](O)CC(=O)Nc1ncnc(C)c1C,25494518_14585673
0.3625,COC(=O)[C@@H](O)CC(=O)Nc1cccc2sccc12,335903_14585673
0.4675324675324675,C[C@H](C(=O)Nc1nncc2ccccc12)n1cccn1,20984652_12396107
0.4794520547945205,Cc1cnc(C(=O)Nc2nncc3ccccc23)s1,20984652_20357789
0.4626865671641791,COC(=O)[C@@H](O)CC(=O)Nc1nccnc1F,91252205_14585673
0.35526315789473684,CCn1cncc1NC(=O)C[C@H](O)C(=O)OC,82411831_14585673
0.379746835443038,CCc1ccnc(NC(=O)C[C@H](O)C(=O)OC)c1C#N,75537936_14585673
0.3373493975903614,COC(=O)[C@@H](O)CC(=O)Nc1ccc2c(c1)C[C@@H](C)O2,15635653_14585673
0.6212121212121212,CC(C)OCC(=O)Nc1nncc2ccccc12,20984652_12243751
0.5571428571428572,CN(C)C[C@H](O)C(=O)Nc1nncc2ccccc12,20984652_1683311
0.36619718309859156,COC(=O)[C@@H](O)CC(=O)Nc1ccc([C@@H](C)O)cc1,404059_14585673
0.4266666666666667,COC(=O)[C@@H](O)CC(=O)Nc1cc2ccccc2s1,39242015_14585673
0.6666666666666666,C[C@@H](O)[C@@H](N)CC(=O)Nc1nncc2ccccc12,20984652_2504858
0.6323529411764706,CCC[C@@H](C)CC(=O)Nc1nncc2ccccc12,20984652_1591809
0.28169014084507044,CC[C@H](O)C(=S)NC(=O)C[C@H](O)C(=O)OC,43541931_14585673
0.4722222222222222,O=C(Nc1nncc2ccccc12)c1ccc[nH]1,20984652_158648
0.410958904109589,CCOc1nccnc1NC(=O)C[C@H](O)C(=O)OC,40448282_14585673
0.5135135135135135,CCCC[C@@H](OC)C(=O)Nc1nncc2ccccc12,20984652_96585171
0.527027027027027,C[C@H]1CCN1CC(=O)Nc1nncc2ccccc12,20984652_86683050
0.4657534246575342,O=C(Nc1nncc2ccccc12)c1nnc[nH]1,20984652_4017405
0.5131578947368421,Cn1ccnc1CC(=O)Nc1nncc2ccccc12,20984652_16677952
0.5285714285714286,CC[C@](C)(N)C(=O)Nc1nncc2ccccc12,20984652_901761
0.6515151515151515,CC[C@H](N)CC(=O)Nc1nncc2ccccc12,20984652_12648175
0.5135135135135135,O=C(Cc1ccon1)Nc1nncc2ccccc12,20984652_20417419
0.5882352941176471,CC(=O)C[C@@H](O)C(=O)Nc1nncc2ccccc12,20984652_14500538
0.44155844155844154,Nc1ccnnc1C(=O)Nc1nncc2ccccc12,20984652_19854095
0.35526315789473684,COC(=O)[C@@H](O)CC(=O)Nc1c(F)cccc1OC,2510742_14585673
0.671875,CC(C)[C@@H](C)CC(=O)Nc1nncc2ccccc12,20984652_2042250
0.3888888888888889,COC(=O)[C@@H](O)CC(=O)Nc1ccccc1OC,404293_14585673
0.4794520547945205,Cn1cnnc1C(=O)Nc1nncc2ccccc12,20984652_95642133
0.35064935064935066,COC(=O)[C@@H](O)CC(=O)Nc1cc(C)nnc1OC,1695387_14585673
0.3717948717948718,COC(=O)[C@@H](O)CC(=O)Nc1cccc2ccsc12,34361594_14585673
0.4533333333333333,Nc1ccc(C(=O)Nc2nncc3ccccc23)nc1,20984652_2584046
0.5652173913043478,CCC[C@H](O)C(=O)Nc1nncc2ccccc12,20984652_394027
0.4666666666666667,Cc1n[nH]c(C(=O)Nc2nncc3ccccc23)n1,20984652_22688521
0.6615384615384615,CN[C@@H](C)CC(=O)Nc1nncc2ccccc12,20984652_13347072
0.6825396825396826,C[C@H](N)CC(=O)Nc1nncc2ccccc12,20984652_2034865
0.3888888888888889,COC(=O)[C@@H](O)CC(=O)Nc1ncc(C)nn1,38322035_14585673
0.3950617283950617,COC(=O)[C@@H](O)CC(=O)Nc1ncnc2ccncc12,20981115_14585673
0.5942028985507246,CC(C)OC(=O)CC(=O)Nc1nncc2ccccc12,20984652_34764770
0.5135135135135135,O=C(Cc1cn[nH]n1)Nc1nncc2ccccc12,20984652_26507094
0.4666666666666667,Cc1ncc(C(=O)Nc2nncc3ccccc23)nn1,20984652_82410587
0.31645569620253167,COC(=O)[C@@H](O)CC(=O)N[C@@H](C)c1cnn(C)c1C,2732115_14585673
0.2777777777777778,COC(=O)[C@@H](O)CC(=O)N[C@H](CC(C)C)C(=O)OC,54954739_14585673
0.52,Cc1oncc1CC(=O)Nc1nncc2ccccc12,20984652_82410135
0.34146341463414637,COC(=O)[C@@H](O)CC(=O)Nc1cccn2ncnc12,1385374_14585673
0.6231884057971014,CC[C@H](CC(=O)Nc1nncc2ccccc12)[C@H](C)N,20984652_72208263
0.34615384615384615,COC(=O)[C@@H](O)CC(=O)Nc1c(F)ccnc1OC,39051119_14585673
0.3125,COC(=O)[C@@H](O)CC(=O)NCc1nccc(F)n1,95917705_14585673
0.49333333333333335,COC[C@](C)(CN)C(=O)Nc1nncc2ccccc12,20984652_234764663
0.47368421052631576,O=C(Nc1nncc2ccccc12)[C@H](O)c1cnc[nH]1,20984652_34498510
0.38666666666666666,COC(=O)[C@@H](O)CC(=O)Nc1cccc(CO)n1,38338299_14585673
0.3125,COC(=O)[C@@H](O)CC(=O)NCCc1nncn1C,14987633_14585673
0.4430379746835443,N[C@@H](C(=O)Nc1nncc2ccccc12)c1ccoc1,20984652_967486
0.4594594594594595,O=C(Nc1nncc2ccccc12)c1ccc(O)cn1,20984652_334926
0.47297297297297297,Cc1ccoc1C(=O)Nc1nncc2ccccc12,20984652_2560477
0.35365853658536583,COC(=O)[C@@H](O)CC(=O)Nc1cnc2nccn2c1,18555980_14585673
0.38271604938271603,COC(=O)[C@@H](O)CC(=O)Nc1nccc2c1ccn2C,34099541_14585673
0.4594594594594595,O=C(Nc1nncc2ccccc12)c1coc(Cl)n1,20984652_38540808
0.3333333333333333,COC(=O)[C@@H](O)CC(=O)Nc1cc(C#N)nc(OC)c1,220688098_14585673
0.5277777777777778,CCC[C@H](OC)C(=O)Nc1nncc2ccccc12,20984652_22122715
0.5138888888888888,C[C@@H]([C@H](N)C(=O)Nc1nncc2ccccc12)[C@@H](C)O,20984652_2578100
0.5633802816901409,COCCCCC(=O)Nc1nncc2ccccc12,20984652_5606218
0.3048780487804878,COC(=O)[C@@H](O)CC(=O)NC[C@@H](C)c1cccc(C)c1,41046990_14585673
0.3670886075949367,CCn1cc(C#N)c(NC(=O)C[C@H](O)C(=O)OC)n1,34448194_14585673
0.4125,COC(=O)[C@@H](O)CC(=O)Nc1nccc2c1cnn2C,89220376_14585673
0.4177215189873418,COC(=O)[C@@H](O)CC(=O)Nc1noc2c(C)cccc12,96529658_14585673
0.4605263157894737,Cc1nc(C(=O)Nc2nncc3ccccc23)cn1C,20984652_71493997
0.3835616438356164,COC(=O)[C@@H](O)CC(=O)Nc1ccc(C)c(C)n1,1621612_14585673
0.5066666666666667,O=C(Cc1cn[nH]c1O)Nc1nncc2ccccc12,20984652_20029292
0.45569620253164556,CCn1cncc1C(=O)Nc1nncc2ccccc12,20984652_13483637
0.47297297297297297,Cc1ccc(C(=O)Nc2nncc3ccccc23)nc1,20984652_2383150
0.36363636363636365,COC(=O)[C@@H](O)CC(=O)Nc1cccnc1C#N,1433329_14585673
0.38461538461538464,COC(=O)[C@@H](O)CC(=O)Nc1ncc(C#N)cc1C#N,20436862_14585673
0.358974358974359,COC(=O)[C@@H](O)CC(=O)Nc1cncc(C#N)n1,39118491_14585673
0.4935064935064935,O=C(CCc1ccno1)Nc1nncc2ccccc12,20984652_4997825
0.5441176470588235,C[C@H](CO)C(=O)Nc1nncc2ccccc12,20984652_895528
0.35064935064935066,COC(=O)[C@@H](O)CC(=O)Nc1cc(F)c(Cl)cn1,95768556_14585673
0.4189189189189189,CNc1cccnc1NC(=O)C[C@H](O)C(=O)OC,38549194_14585673
0.5205479452054794,CC(C)C[C@](C)(N)C(=O)Nc1nncc2ccccc12,20984652_403039
0.5352112676056338,CCO[C@@H](C)C(=O)Nc1nncc2ccccc12,20984652_19483795
0.5352112676056338,O=C(Cn1nccn1)Nc1nncc2ccccc12,20984652_2513905
0.4666666666666667,Cc1[nH]ncc1C(=O)Nc1nncc2ccccc12,20984652_8700060
0.3103448275862069,COC(=O)[C@@H](O)CC(=O)NCc1cccc2nn[nH]c12,107116935_14585673
0.46153846153846156,COc1cc(C(=O)Nc2nncc3ccccc23)n[nH]1,20984652_72190642
0.5507246376811594,O=C(Cn1cccc1)Nc1nncc2ccccc12,20984652_332065
0.6417910447761194,CC(C)C[C@H](C)CC(=O)Nc1nncc2ccccc12,20984652_2578823
0.3815789473684211,CNc1nccc(NC(=O)C[C@H](O)C(=O)OC)n1,331866_14585673
0.5135135135135135,O=C(Cc1ccno1)Nc1nncc2ccccc12,20984652_20417415
0.3375,COC(=O)[C@@H](O)CC(=O)Nc1cccc(OC)c1C#N,21304506_14585673
0.5428571428571428,NCC[C@H](O)C(=O)Nc1nncc2ccccc12,20984652_2019611
0.40540540540540543,COC(=O)[C@@H](O)CC(=O)Nc1nccc(Cl)c1C,88189850_14585673
0.35526315789473684,COC(=O)[C@@H](O)CC(=O)Nc1cc(C)c(F)cn1,19615667_14585673
0.37142857142857144,COC(=O)[C@@H](O)CC(=O)Nc1cc[n+](C)cc1,160232_14585673
0.4358974358974359,O=C(Nc1nncc2ccccc12)c1cc(O)ccn1,20984652_8717785
0.32894736842105265,COC(=O)[C@@H](O)CC(=O)NCc1cnc(OC)nc1,20446307_14585673
0.34210526315789475,C#C[C@H](NC(=O)C[C@H](O)C(=O)OC)c1ccccc1,32501210_14585673
0.358974358974359,COC(=O)[C@@H](O)CC(=O)Nc1c(C)cnn1CCO,98214183_14585673
0.35135135135135137,COC(=O)[C@@H](O)CC(=O)Nc1nc(OC)ns1,17045321_14585673
0.3333333333333333,COC(=O)[C@@H](O)CC(=O)Nc1cc(C)c(C)c(C)c1C,39311114_14585673
0.410958904109589,COC(=O)[C@@H](O)CC(=O)Nc1nccc(C)c1F,21981826_14585673
0.5070422535211268,CC(C)S[C@H](C)C(=O)Nc1nncc2ccccc12,20984652_19441113
0.4931506849315068,CO[C@H]1[C@@H](C(=O)Nc2nncc3ccccc23)C1(C)C,20984652_76576500
0.6363636363636364,NC(=O)[C@H](N)CC(=O)Nc1nncc2ccccc12,20984652_1607276
0.4935064935064935,O=C1C[C@@H](CC(=O)Nc2nncc3ccccc23)CN1,20984652_82409538
0.30434782608695654,COC(=O)[C@@H](O)CC(=O)NC[C@H](C)OC,12137832_14585673
0.37333333333333335,COC(=O)[C@@H](O)CC(=O)Nc1cncc(OC)c1,14982096_14585673
0.35064935064935066,COC(=O)[C@@H](O)CC(=O)NCc1cccc(F)n1,39050862_14585673
0.5555555555555556,CS[C@H](C)CCC(=O)Nc1nncc2ccccc12,20984652_50955991
0.2777777777777778,COC(=O)[C@@H](O)CC(=O)NC(=O)N[C@H](O)C(=O)OC,2025414_14585673
0.4189189189189189,COC(=O)[C@@H](O)CC(=O)Nc1ncccc1[C@@H](C)O,21985758_14585673
0.5857142857142857,C[C@H](O)CCCC(=O)Nc1nncc2ccccc12,20984652_4218504
0.5507246376811594,CO[C@H](CN)C(=O)Nc1nncc2ccccc12,20984652_78684455
0.6056338028169014,CC[C@H](CC(=O)Nc1nncc2ccccc12)C1CC1,20984652_82839036
0.35802469135802467,COC(=O)[C@@H](O)CC(=O)NCc1coc2ccccc12,24429085_14585673
0.5555555555555556,CC[C@H](N)CCC(=O)Nc1nncc2ccccc12,20984652_1712883
0.6231884057971014,C[C@H](CCN)CC(=O)Nc1nncc2ccccc12,20984652_78809022
0.5066666666666667,N[C@H]1CCC[C@@H]1CC(=O)Nc1nncc2ccccc12,20984652_4202470
0.45454545454545453,N[C@@H](C(=O)Nc1nncc2ccccc12)c1ccco1,20984652_5063824
0.45454545454545453,O=C(Nc1nncc2ccccc12)c1c[nH]ncc1=O,20984652_2028117
0.36585365853658536,COC(=O)[C@@H](O)CC(=O)Nc1ncc2[nH]ccc2n1,18556258_14585673
0.325,COC(=O)[C@@H](O)CC(=O)N[C@@H]1C[C@@]1(C)c1ccccc1,52126359_14585673
0.6231884057971014,C[C@H](CC(=O)Nc1nncc2ccccc12)NC(N)=O,20984652_13547999
0.52,CCCCCNCC(=O)Nc1nncc2ccccc12,20984652_1687624
0.38666666666666666,CCOc1ccc(NC(=O)C[C@H](O)C(=O)OC)nn1,16677890_14585673
0.3333333333333333,COC(=O)[C@@H](O)CC(=O)NCC[C@@H](C)c1ccccc1,11629489_14585673
0.5205479452054794,C[C@@H](NC(=O)CN)C(=O)Nc1nncc2ccccc12,20984652_1605215
0.6231884057971014,C[C@H](CC(=O)Nc1nncc2ccccc12)CN(C)C,20984652_43502606
0.5142857142857142,CC(C)[C@@H](C(=O)Nc1nncc2ccccc12)[C@H](C)N,20984652_113966812
0.38271604938271603,COC(=O)[C@@H](O)CC(=O)Nc1ncc2cccnc2n1,40434490_14585673
0.35135135135135137,CCOc1ccc(NC(=O)C[C@H](O)C(=O)OC)cc1,391847_14585673
0.3068181818181818,COC(=O)[C@@H](O)CC(=O)NCc1ccn2cnnc2c1,82840068_14585673
0.5882352941176471,CC[S@](=O)CC(=O)Nc1nncc2ccccc12,20984652_19092572
0.4931506849315068,CO[C@H]1[C@H](C(=O)Nc2nncc3ccccc23)C1(C)C,20984652_76576507
0.5652173913043478,CCC[C@@H](O)C(=O)Nc1nncc2ccccc12,20984652_394028
0.35,COCCc1coc(NC(=O)C[C@H](O)C(=O)OC)n1,252483000_14585673
0.3058823529411765,COC(=O)[C@@H](O)CC(=O)N[C@@H]1CNCc2ccccc21,20971893_14585673
0.2988505747126437,COC(=O)[C@@H](O)CC(=O)NC[C@@H]1OCc2ccccc21,24318395_14585673
0.45454545454545453,O=C(Nc1nncc2ccccc12)c1ccn(CO)n1,20984652_2537616
0.25,COC[C@H](NC(=O)C[C@H](O)C(=O)OC)C1(O)COC1,958528899_14585673
0.425,N#Cc1cccc(C(=O)Nc2nncc3ccccc23)n1,20984652_14982555
0.36585365853658536,COC(=O)[C@@H](O)CC(=O)Nc1nc(C)c2ccccn12,75843679_14585673
0.5416666666666666,CCCC[C@H](O)C(=O)Nc1nncc2ccccc12,20984652_2033564
0.425,O=C(Nc1nncc2ccccc12)[C@@H]1Cc2ccccc21,20984652_389501
0.52,Cn1nnnc1CC(=O)Nc1nncc2ccccc12,20984652_1564367
0.38028169014084506,COC(=O)[C@@H](O)CC(=O)Nc1cnc(OC)nc1,1607268_14585673
0.4657534246575342,O=C(Nc1nncc2ccccc12)c1nn[nH]n1,20984652_6505186
0.5277777777777778,O=C(Nc1nncc2ccccc12)[C@@H](O)CCCO,20984652_13539235
0.273972602739726,CC[C@@H](C)[C@@H](NC(=O)C[C@H](O)C(=O)OC)C(=O)OC,56963145_14585673
0.4861111111111111,O=C(Nc1nncc2ccccc12)c1ccns1,20984652_4344245
0.5352112676056338,C[C@H](CC(N)=O)C(=O)Nc1nncc2ccccc12,20984652_38391884
0.33766233766233766,COC(=O)[C@@H](O)CC(=O)NC(=N)[C@H](C)c1ccccc1,39269051_14585673
0.3333333333333333,COC(=O)[C@@H](O)CC(=O)N[C@H]1CC[C@@H]1c1ccccc1,68575779_14585673
0.578125,C[C@@H](O)C(=O)Nc1nncc2ccccc12,20984652_4658562
0.35365853658536583,COC(=O)[C@@H](O)CC(=O)Nc1cc(C)c2cc[nH]c2n1,238456733_14585673
0.34615384615384615,COC(=O)[C@@H](O)CC(=O)Nc1ccnc(CO)c1C,104506970_14585673
0.3783783783783784,COC(=O)c1ccc(NC(=O)C[C@H](O)C(=O)OC)[nH]1,84325574_14585673
0.5131578947368421,Nc1cn(CC(=O)Nc2nncc3ccccc23)cn1,20984652_82410116
0.5131578947368421,Cc1cc(CC(=O)Nc2nncc3ccccc23)n[nH]1,20984652_1295983
0.33783783783783783,COC(=O)[C@@H](O)CC(=O)N[C@@H](C)c1cccs1,3705356_14585673
0.5,C[C@H](C(=O)Nc1nncc2ccccc12)n1cccc1,20984652_106411
0.4931506849315068,COC(=O)[C@@H]1C[C@@H]1C(=O)Nc1nncc2ccccc12,20984652_39240024
0.39436619718309857,COC(=O)[C@@H](O)CC(=O)Nc1ncc(C)o1,39237104_14585673
0.37037037037037035,COC(=O)[C@@H](O)CC(=O)Nc1nc2cccc(C)c2o1,62498459_14585673
0.5571428571428572,CCC(F)(F)CC(=O)Nc1nncc2ccccc12,20984652_115074683
0.3291139240506329,COC(=O)[C@@H](O)CC(=O)NCc1ccc(CO)nc1,57354537_14585673
0.5571428571428572,O=C(CC1(O)CCC1)Nc1nncc2ccccc12,20984652_52249177
0.52,O=C(Cc1cc(O)on1)Nc1nncc2ccccc12,20984652_38803704
0.6515151515151515,C[C@H](CC(=O)Nc1nncc2ccccc12)C(C)(C)C,20984652_2571300
0.48717948717948717,O=C(CCc1ncon1)Nc1nncc2ccccc12,20984652_26461158
0.5138888888888888,CC[C@@H](C#N)C(=O)Nc1nncc2ccccc12,20984652_1639640
0.5205479452054794,C[C@@H](CC(C)(C)N)C(=O)Nc1nncc2ccccc12,20984652_40544553
0.3333333333333333,COC(=O)[C@@H](O)CC(=O)N[C@H](C)CCc1ccccc1,1665103_14585673
0.5882352941176471,CC(C)(C)SCC(=O)Nc1nncc2ccccc12,20984652_1718825
0.43209876543209874,N#Cc1ncccc1C(=O)Nc1nncc2ccccc12,20984652_14684159
0.52,Cc1nnnn1CC(=O)Nc1nncc2ccccc12,20984652_4529737
0.48,Cn1cc(C(=O)Nc2nncc3ccccc23)c(O)n1,20984652_26175068
0.44155844155844154,O=C(Nc1nncc2ccccc12)c1ccncc1O,20984652_334931
0.3333333333333333,COC(=O)[C@@H](O)CC(=O)NC(=O)C#Cc1ccccc1,158456_14585673
0.3333333333333333,COC(=O)[C@@H](O)CC(=O)Nc1ncc2c(n1)CNC2,18531314_14585673
0.6323529411764706,CC(=O)N[C@@H](C)CC(=O)Nc1nncc2ccccc12,20984652_19092047
0.5507246376811594,CO[C@H](C)[C@H](O)C(=O)Nc1nncc2ccccc12,20984652_1586416
0.5652173913043478,NC(=O)C[C@@H](O)C(=O)Nc1nncc2ccccc12,20984652_5131909
0.35802469135802467,COC(=O)[C@@H](O)CC(=O)NCc1c[nH]c2ccccc12,152322_14585673
0.37142857142857144,CCc1nnc(NC(=O)C[C@H](O)C(=O)OC)nn1,2023573_14585673
0.35135135135135137,COC(=O)[C@@H](O)CC(=O)Nc1nc([C@@H](C)O)n[nH]1,43647095_14585673
0.6417910447761194,CC(C)(C)[C@@H](N)CC(=O)Nc1nncc2ccccc12,20984652_4262585
0.6231884057971014,CC[C@H](CC(=O)Nc1nncc2ccccc12)[C@@H](C)N,20984652_72208261
0.5571428571428572,CCCC(=O)CCC(=O)Nc1nncc2ccccc12,20984652_2378803
0.6231884057971014,C[C@@H](N)C[C@H](N)CC(=O)Nc1nncc2ccccc12,20984652_1703902
0.3815789473684211,COC(=O)[C@@H](O)CC(=O)Nc1nc(=O)[nH]c(F)c1C,333479_14585673
0.5833333333333334,NCCC[C@@H](N)CC(=O)Nc1nncc2ccccc12,20984652_3869559
0.5633802816901409,CCOC(=O)[C@H](C)C(=O)Nc1nncc2ccccc12,20984652_2564880
0.5352112676056338,COC[C@H](N)C(=O)Nc1nncc2ccccc12,20984652_2043994
0.2916666666666667,COC(=O)C[C@@H](O)CNC(=O)C[C@H](O)C(=O)OC,34406484_14585673
0.46153846153846156,COc1cn[nH]c1C(=O)Nc1nncc2ccccc12,20984652_84233910
0.5757575757575758,O=C(Nc1nncc2ccccc12)[C@@H](O)CO,20984652_2040502
0.5135135135135135,O=C(Cc1ccn[nH]1)Nc1nncc2ccccc12,20984652_20417336
0.5,CC1(C)C=C(C(=O)Nc2nncc3ccccc23)C1,20984652_39117897
0.35526315789473684,COC(=O)[C@@H](O)CC(=O)NCc1cccnc1,1944_14585673
0.5652173913043478,CC/C=C/CC(=O)Nc1nncc2ccccc12,20984652_1634093
0.4,COC(=O)[C@@H](O)CC(=O)Nc1ncc(F)cc1OC,98181123_14585673
0.4594594594594595,O=C(Nc1nncc2ccccc12)c1ccno1,20984652_2530966
0.4864864864864865,Cc1ccc(C(=O)Nc2nncc3ccccc23)n1C,20984652_4219179
0.527027027027027,Cc1nnc(CC(=O)Nc2nncc3ccccc23)o1,20984652_20216445
0.5205479452054794,O=C(CCn1cccc1)Nc1nncc2ccccc12,20984652_1673860
0.26666666666666666,COC(=O)[C@@H](O)CC(=O)N[C@@H](C)CC1CC1,43214518_14585673
0.35135135135135137,COC(=O)[C@@H](O)CC(=O)Nc1nc(CO)n[nH]1,5183356_14585673
0.45569620253164556,CCc1[nH]ncc1C(=O)Nc1nncc2ccccc12,20984652_8700063
0.582089552238806,CCNCC(=O)Nc1nncc2ccccc12,20984652_1532340
0.4084507042253521,COC(=O)[C@@H](O)CC(=O)Nc1cccccc1=O,2034019_14585673
0.5135135135135135,C[C@@H](OCCO)C(=O)Nc1nncc2ccccc12,20984652_19870477
0.3972602739726027,COC(=O)[C@@H](O)CC(=O)Nc1ccc(C(C)=O)nc1,35570156_14585673
0.38271604938271603,COC(=O)[C@@H](O)CC(=O)Nc1cccc2cnn(C)c12,15444581_14585673
0.5068493150684932,CO[C@H](NC(N)=O)C(=O)Nc1nncc2ccccc12,20984652_2025416
0.5131578947368421,O=C(CCc1c[nH]nn1)Nc1nncc2ccccc12,20984652_9471403
0.36363636363636365,COC(=O)[C@@H](O)CC(=O)Nc1nccc(C(C)=O)n1,34099693_14585673
0.5066666666666667,O=C(Nc1nncc2ccccc12)[C@H](O)CC1CCC1,20984652_78753420
0.35135135135135137,COC(=O)[C@@H](O)CC(=O)N/C=C\c1ccccc1,103728459_14585673
0.5211267605633803,COC[C](N)C(=O)Nc1nncc2ccccc12,20984652_1560408689
0.35,COC(=O)[C@@H](O)CC(=O)NC1(Cc2ccccn2)CC1,54404919_14585673
0.35064935064935066,COC(=O)[C@@H](O)CC(=O)Nc1cncc(SC)c1,39050730_14585673
0.34615384615384615,CNc1ccc(CNC(=O)C[C@H](O)C(=O)OC)cn1,40538696_14585673
0.4657534246575342,O=C(Nc1nncc2ccccc12)c1ccnnc1,20984652_154089
0.5066666666666667,O=C(CCC1CCCC1)Nc1nncc2ccccc12,20984652_404344
0.5211267605633803,N[C@H](CCO)C(=O)Nc1nncc2ccccc12,20984652_1742215
0.5352112676056338,COC[C@@H](N)C(=O)Nc1nncc2ccccc12,20984652_1691081
0.5416666666666666,CCC/C=C\CC(=O)Nc1nncc2ccccc12,20984652_20231704
0.3972602739726027,CNc1ccc(NC(=O)C[C@H](O)C(=O)OC)cn1,22141615_14585673
0.5352112676056338,CC[C@H](O)[C@H](C)C(=O)Nc1nncc2ccccc12,20984652_5923167
0.3684210526315789,COC(=O)c1c[nH]c(NC(=O)C[C@H](O)C(=O)OC)n1,32180621_14585673
0.5441176470588235,C[C@@H](O)[C@H](N)C(=O)Nc1nncc2ccccc12,20984652_895103
0.5671641791044776,O=C(CCCO)Nc1nncc2ccccc12,20984652_1532805
0.4868421052631579,NC[C@H](CC1CC1)C(=O)Nc1nncc2ccccc12,20984652_44196601
0.410958904109589,COC(=O)[C@@H](O)CC(=O)Nc1ncc(C)cc1F,80052631_14585673
0.6363636363636364,NC[C@H](N)CC(=O)Nc1nncc2ccccc12,20984652_40448663
0.375,COC(=O)[C@@H](O)CC(=O)Nc1cccn2nncc12,104586043_14585673
0.375,COC(=O)[C@@H](O)CC(=O)Nc1cn2ccccc2n1,57791423_14585673
0.38461538461538464,COC(=O)[C@@H](O)CC(=O)Nc1nc2ccccc2n1C,163724_14585673
0.2926829268292683,CCn1ccc([C@@H](C)NC(=O)C[C@H](O)C(=O)OC)n1,2732029_14585673
0.3,COC(=O)[C@@H](O)CC(=O)NCc1cnc(OC)s1,39134483_14585673
0.38571428571428573,CCc1cccc(CC)c1NC(=O)C[C@H](O)C(=O)OC,967715_14585673
0.35526315789473684,COC(=O)[C@@H](O)CC(=O)Nc1cccc([C@@H](C)O)c1,404425_14585673
0.6142857142857143,CC[C@@H](C)[C@@H](N)CC(=O)Nc1nncc2ccccc12,20984652_170370
0.273972602739726,COC(=O)[C@@H](C)CCNC(=O)C[C@H](O)C(=O)OC,34295271_14585673
0.4657534246575342,O=C(Nc1nncc2ccccc12)c1nncs1,20984652_2548448
0.5,Cn1cccc1C(=O)Nc1nncc2ccccc12,20984652_158566
0.4722222222222222,O=C(Nc1nncc2ccccc12)c1ccncc1,20984652_158593
0.37037037037037035,COC(=O)[C@@H](O)CC(=O)Nc1c(C)nc2ccccn12,20357620_14585673
0.6231884057971014,CCC[C@H](N)CC(=O)Nc1nncc2ccccc12,20984652_26895613
0.5,Nc1nnn(CC(=O)Nc2nncc3ccccc23)n1,20984652_4294607
0.3684210526315789,COC(=O)[C@@H](O)CC(=O)Nc1c(C)cccc1CO,389567_14585673
0.4868421052631579,C[C@H](CC#N)[C@@H](N)C(=O)Nc1nncc2ccccc12,20984652_207031379
0.45454545454545453,O=C(Nc1nncc2ccccc12)c1cnn(CO)c1,20984652_8733282
0.6323529411764706,NCC[C@H](O)CC(=O)Nc1nncc2ccccc12,20984652_104634557
0.3783783783783784,COC(=O)[C@@H](O)CC(=O)NC[C@H](F)c1ccccc1,39258264_14585673
0.4246575342465753,COC(=O)[C@@H](O)CC(=O)Nc1nncnc1C(=O)O,39083028_14585673
0.4605263157894737,Cn1nnc(C(=O)Nc2nncc3ccccc23)c1N,20984652_95761717
0.35365853658536583,COC(=O)[C@@H](O)CC(=O)Nc1cccn2nc(C)nc12,32189568_14585673
0.5507246376811594,CC[C@@H](OC)C(=O)Nc1nncc2ccccc12,20984652_19091086
0.3176470588235294,COC(=O)[C@@H](O)CC(=O)NCc1cc2cccnc2[nH]1,82631720_14585673
0.35365853658536583,COC(=O)[C@@H](O)CC(=O)NCc1noc2ccccc12,20438891_14585673
0.5428571428571428,CC[C@H](C)[C@@H](O)C(=O)Nc1nncc2ccccc12,20984652_5925366
0.3783783783783784,COC(=O)[C@@H](O)CC(=O)Nc1ncc(C(C)=O)o1,39068234_14585673
0.35365853658536583,COC(=O)[C@@H](O)CC(=O)Nc1ccc2cn[nH]c2c1C,89197556_14585673
0.3670886075949367,CCNc1ncccc1NC(=O)C[C@H](O)C(=O)OC,20278619_14585673
0.3,CNC(=O)C[C@H](C)NC(=O)C[C@H](O)C(=O)OC,37475650_14585673
0.6417910447761194,CC(C)N[C@H](C)CC(=O)Nc1nncc2ccccc12,20984652_35747434
0.3684210526315789,C#Cc1ccc(NC(=O)C[C@H](O)C(=O)OC)nc1,72230783_14585673
0.3780487804878049,COC(=O)[C@@H](O)CC(=O)Nc1cc2cccnc2cn1,39117979_14585673
0.5882352941176471,CC(C)N(C)CC(=O)Nc1nncc2ccccc12,20984652_19092497
0.6323529411764706,CC[C@@H](CC(=O)Nc1nncc2ccccc12)SC,20984652_62766652
0.5142857142857142,CS[C@@H](C(=O)Nc1nncc2ccccc12)C(C)C,20984652_38063403
0.3333333333333333,COC(=O)[C@@H](O)CC(=O)Nc1cnc(C#N)c(OC)c1,39048376_14585673
0.3333333333333333,COC(=O)[C@@H](O)CC(=O)NC(=N)CCc1ccccc1,1664249_14585673
0.6142857142857143,CC[C@H](C)[C@H](N)CC(=O)Nc1nncc2ccccc12,20984652_170368
0.4666666666666667,CC1(C)C(=O)C[C@H]1C(=O)Nc1nncc2ccccc12,20984652_5049396
0.35443037974683544,COCc1nccc(NC(=O)C[C@H](O)C(=O)OC)n1,50847181_14585673
0.5285714285714286,CC(C)[C@H](N)[C@@H](O)C(=O)Nc1nncc2ccccc12,20984652_34306968
0.5135135135135135,O=C(Cc1csnn1)Nc1nncc2ccccc12,20984652_82839641
0.3684210526315789,COC(=O)[C@@H](O)CC(=O)Nc1c(C(C)C)cnn1C,77260227_14585673
0.40789473684210525,COC(=O)[C@@H](O)CC(=O)Nc1ncc(C#N)nc1C#N,8698500_14585673
0.4084507042253521,CCc1c[nH]nc1NC(=O)C[C@H](O)C(=O)OC,21985136_14585673
0.3698630136986301,COC(=O)[C@@H](O)CC(=O)NC[C@H](O)c1ccccc1,403284_14585673
0.37142857142857144,COC(=O)[C@@H](O)CC(=O)NC1=CC(=O)N=N1,4582838_14585673
0.358974358974359,C/N=C(/NC(=O)C[C@H](O)C(=O)OC)c1ccccn1,32166315_14585673
0.34210526315789475,COC(=O)[C@@H](O)CC(=O)NCCNc1ccccc1,1736738_14585673
0.47297297297297297,Cc1nc(C(=O)Nc2nncc3ccccc23)c[nH]1,20984652_1701248
0.4675324675324675,CCc1cn[nH]c1C(=O)Nc1nncc2ccccc12,20984652_83962099
0.358974358974359,COC(=O)[C@@H](O)CC(=O)Nc1cnc(C#N)c(C)n1,91692969_14585673
0.32098765432098764,COC(=O)[C@@H](O)CC(=O)NCc1ccncc1OC,35569971_14585673
0.3924050632911392,CCc1ncc(C#N)c(NC(=O)C[C@H](O)C(=O)OC)n1,39052878_14585673
0.37333333333333335,CCn1ncc(C)c1NC(=O)C[C@H](O)C(=O)OC,19090102_14585673
0.4788732394366197,O=C(Nc1nncc2ccccc12)c1ncccn1,20984652_2570791
0.3291139240506329,COC(=O)[C@@H](O)CC(=O)N[C@H](C#N)Cc1ccccc1,20282705_14585673
0.5342465753424658,CCNCCCC(=O)Nc1nncc2ccccc12,20984652_19411342
0.37662337662337664,CNCc1cccc(NC(=O)C[C@H](O)C(=O)OC)n1,39050966_14585673
0.5285714285714286,C[C@H](O)[C@](C)(O)C(=O)Nc1nncc2ccccc12,20984652_1731109
0.4594594594594595,O=C(Nc1nncc2ccccc12)c1cccnc1,20984652_1795
0.47435897435897434,CCc1[nH]ccc1C(=O)Nc1nncc2ccccc12,20984652_82410561
0.5352112676056338,CC(C)C[C@@](C)(O)C(=O)Nc1nncc2ccccc12,20984652_34454412
0.5,CC[C@H](NC(N)=O)C(=O)Nc1nncc2ccccc12,20984652_402799
0.4935064935064935,O=C(CCn1cnnn1)Nc1nncc2ccccc12,20984652_1088365
0.325,COC(=O)[C@@H](O)CC(=O)NCc1cccc(OC)n1,20446131_14585673
0.547945205479452,COC[C@@](C)(N)CC(=O)Nc1nncc2ccccc12,20984652_82762630
0.52,Cc1c[nH]c(CC(=O)Nc2nncc3ccccc23)n1,20984652_82410357
0.34210526315789475,COC(=O)[C@@H](O)CC(=O)N[C@@H](C#N)c1ccccc1,19230194_14585673
0.3333333333333333,COCc1noc(NC(=O)C[C@H](O)C(=O)OC)n1,52708835_14585673
0.36585365853658536,COC(=O)[C@@H](O)CC(=O)Nc1cnc2ccnn2c1,12396940_14585673
0.35,COC(=O)[C@@H](O)CC(=O)Nc1cnc2c(n1)CCCC2,104598606_14585673
0.3561643835616438,COC(=O)[C@@H](O)CC(=O)Nc1nc(OC)n[nH]1,17024988_14585673
0.33766233766233766,COC(=O)[C@@H](O)CC(=O)Nc1ccc(F)c(OC)c1,2567174_14585673
0.4358974358974359,N#Cc1ccccc1C(=O)Nc1nncc2ccccc12,20984652_1733086
0.5428571428571428,COC[C@@H](C)C(=O)Nc1nncc2ccccc12,20984652_35755627
0.6515151515151515,C[C@H](CC(=O)Nc1nncc2ccccc12)N(C)C,20984652_13347100
0.4868421052631579,CCO[C@H]1C[C@H]1C(=O)Nc1nncc2ccccc12,20984652_32629450
0.3783783783783784,COC(=O)[C@@H](O)CC(=O)Nc1c(F)ccnc1F,148049233_14585673
0.38271604938271603,COC(=O)[C@@H](O)CC(=O)Nc1cccc2nnccc12,1857381_14585673
0.5205479452054794,COCC[C@@H](C)C(=O)Nc1nncc2ccccc12,20984652_34319316
0.5616438356164384,CC(C)OCCCC(=O)Nc1nncc2ccccc12,20984652_19505007
0.44871794871794873,N[C@@H](C(=O)Nc1nncc2ccccc12)c1ccc[nH]1,20984652_59743626
0.5555555555555556,C[C@@H](CCC(=O)Nc1nncc2ccccc12)N(C)C,20984652_20439338
0.4,COC(=O)[C@@H](O)CC(=O)Nc1ccccc1F,157599_14585673
0.4027777777777778,COC(=O)[C@@H](O)CC(=O)Nc1ccccc1CO,331680_14585673
0.4189189189189189,COC(=O)[C@@H](O)CC(=O)Nc1nc(C)ncc1Cl,4566331_14585673
0.47297297297297297,Cn1nnc(C(=O)Nc2nncc3ccccc23)n1,20984652_1564369
0.34177215189873417,COC(=O)[C@@H](O)CC(=O)NC[C@@H](O)c1cccnc1,4245373_14585673
0.52,Cc1cc(CC(=O)Nc2nncc3ccccc23)on1,20984652_403274
0.4358974358974359,C#Cc1ccc(C(=O)Nc2nncc3ccccc23)cn1,20984652_39049643
0.35443037974683544,CCOc1cncc(NC(=O)C[C@H](O)C(=O)OC)c1,14982058_14585673
0.33766233766233766,CCC[C@H](NC(=O)C[C@H](O)C(=O)OC)c1ccccc1,3333288_14585673
0.4027777777777778,COC(=O)[C@@H](O)CC(=O)Nc1cccc(C)n1,19075790_14585673
0.5352112676056338,C[C@@H](CC(C)(C)C)C(=O)Nc1nncc2ccccc12,20984652_1587708
0.3783783783783784,COC(=O)[C@@H](O)CC(=O)Nc1ccncc1C,4721887_14585673
0.4868421052631579,NC[C@@H](CC1CC1)C(=O)Nc1nncc2ccccc12,20984652_44196605
0.36,COC(=O)[C@@H](O)CC(=O)Nc1cccn(C)c1=O,34628466_14585673
0.4,COC(=O)[C@@H](O)CC(=O)Nc1ccccc1C,1706910_14585673
0.47297297297297297,Cc1nc(C(=O)Nc2nncc3ccccc23)oc1C,20984652_82410131
0.37333333333333335,COC(=O)[C@@H](O)CC(=O)Nc1c(Cl)ccnc1F,95768767_14585673
0.5068493150684932,COC[C@@](C)(N)C(=O)Nc1nncc2ccccc12,20984652_32240800
0.3466666666666667,COC(=O)[C@@H](O)CC(=O)N[C@@H](CF)c1ccccc1,20285792_14585673
0.6515151515151515,C[C@H](N)[C@H](C)CC(=O)Nc1nncc2ccccc12,20984652_72208147
0.5131578947368421,Cn1ncnc1CC(=O)Nc1nncc2ccccc12,20984652_54498740
0.6176470588235294,NC[C@H](CO)CC(=O)Nc1nncc2ccccc12,20984652_38482054
0.35526315789473684,COC(=O)[C@@H](O)CC(=O)Nc1nc(C#N)cs1,12320990_14585673
0.3780487804878049,COC(=O)[C@@H](O)CC(=O)Nc1nccc2cc(C)[nH]c12,95919938_14585673
0.44155844155844154,O=C(Nc1nncc2ccccc12)c1cccnc1O,20984652_8698121
0.3684210526315789,COC(=O)[C@@H](O)CC(=O)Nc1ccc(C)nc1CO,104638161_14585673
0.38271604938271603,COC(=O)[C@@H](O)CC(=O)Nc1n[nH]c2cccc(O)c12,39423065_14585673
0.47297297297297297,Cc1coc(C(=O)Nc2nncc3ccccc23)n1,20984652_38530119
0.37333333333333335,COC(=O)[C@@H](O)CC(=O)Nc1c([C@H](C)O)cnn1C,83747195_14585673
0.5205479452054794,COC[C@H](C)[C@@H](C)C(=O)Nc1nncc2ccccc12,20984652_86338185
0.36,CCn1cc(NC(=O)C[C@H](O)C(=O)OC)cn1,2554028_14585673
0.44871794871794873,N[C@H](C(=O)Nc1nncc2ccccc12)c1ccc[nH]1,20984652_59743623
0.45454545454545453,Cc1ncccc1C(=O)Nc1nncc2ccccc12,20984652_336741
0.4805194805194805,CCC[C@@H](F)[C@H](N)C(=O)Nc1nncc2ccccc12,20984652_2555195
0.34615384615384615,COC(=O)[C@@H](O)CC(=O)Nc1cc(F)cnc1Cl,8698228_14585673
0.34177215189873417,COC(=O)[C@@H](O)CC(=O)Nc1cncc(C#N)c1,21984988_14585673
0.3972602739726027,COC(=O)[C@@H](O)CC(=O)Nc1ccc(C)nc1F,2384073_14585673
0.32098765432098764,COC(=O)[C@@H](O)CC(=O)NCc1ncccc1CO,14984852_14585673
0.38271604938271603,COC(=O)[C@@H](O)CC(=O)Nc1ccc2ncccc2c1,163693_14585673
0.5571428571428572,O=C(COC1CC1)Nc1nncc2ccccc12,20984652_104735165
0.4675324675324675,O=C(Nc1nncc2ccccc12)[C@@H](O)c1ccoc1,20984652_22204565
0.3253012048192771,COC(=O)[C@@H](O)CC(=O)Nc1cc(CC#N)ncc1C,307023339_14585673
0.5135135135135135,O=C(Cc1ccsc1)Nc1nncc2ccccc12,20984652_334136
0.33766233766233766,COC(=O)[C@@H](O)CC(=O)NCCOc1ccccc1,2039265_14585673
0.37662337662337664,COC(=O)[C@@H](O)CC(=O)Nc1nccc(N(C)C)n1,39053775_14585673
0.3291139240506329,C#C[C@H](Cc1ccccc1)NC(=O)C[C@H](O)C(=O)OC,39250339_14585673
0.3333333333333333,COC(=O)[C@@H](O)CC(=O)Nc1nc2nc(C)ccn2n1,104636446_14585673
0.40789473684210525,CCc1ccc(C#N)c(NC(=O)C[C@H](O)C(=O)OC)n1,82408885_14585673
0.4794520547945205,Cc1nnc(C(=O)Nc2nncc3ccccc23)o1,20984652_2559696
0.5205479452054794,O=C(CCn1cnnc1)Nc1nncc2ccccc12,20984652_2573102
0.3783783783783784,CCc1cnc(NC(=O)C[C@H](O)C(=O)OC)o1,54159074_14585673
0.4675324675324675,CCc1nc(C(=O)Nc2nncc3ccccc23)c[nH]1,20984652_26895975
0.35526315789473684,COC(=O)[C@@H](O)CC(=O)NCc1cccnn1,2548441_14585673
0.4861111111111111,O=C(Nc1nncc2ccccc12)c1cn[nH]c1,20984652_2167062
0.5205479452054794,COC[C@H](C)[C@H](C)C(=O)Nc1nncc2ccccc12,20984652_86338188
0.46153846153846156,C[C@@H](C(=O)Nc1nncc2ccccc12)n1cncn1,20984652_13479947
0.29411764705882354,COC(=O)[C@@H](O)CC(=O)NC[C@H]1Cc2ccccc2O1,4200652_14585673
0.5714285714285714,CC(C)/C=C/CC(=O)Nc1nncc2ccccc12,20984652_3848408
0.36486486486486486,COC(=O)[C@@H](O)CC(=O)Nc1cnc(C(=O)O)s1,1752172_14585673
0.5735294117647058,C[N+](C)(C)CCC(=O)Nc1nncc2ccccc12,20984652_897434
0.4084507042253521,COC(=O)[C@@H](O)CC(=O)Nc1nonc1CO,32617185_14585673
0.3698630136986301,COC(=O)[C@@H](O)CC(=O)N[C@@H](C(C)=O)c1ccccc1,165129_14585673
0.39436619718309857,COC(=O)[C@@H](O)CC(=O)Nc1nc(C)co1,2581942_14585673
0.5441176470588235,C[C@H](O)[C@@H](N)C(=O)Nc1nncc2ccccc12,20984652_1747073
0.5138888888888888,CO[C@@H](C)[C@@H](N)C(=O)Nc1nncc2ccccc12,20984652_1700277
0.5205479452054794,O=C(Cc1ccco1)Nc1nncc2ccccc12,20984652_1841060
0.6056338028169014,CC[C@@H](CC(=O)Nc1nncc2ccccc12)C1CC1,20984652_82839034
0.345679012345679,COC(=O)[C@@H](O)CC(=O)Nc1ccnc(CC#N)n1,39052517_14585673
0.5,CC(C)CC1(C(=O)Nc2nncc3ccccc23)CC1,20984652_59493460
0.5068493150684932,NCCC[C@@H](N)C(=O)Nc1nncc2ccccc12,20984652_1532678
0.36486486486486486,COC(=O)[C@@H](O)CC(=O)NCc1ccnnc1,20417407_14585673
0.30864197530864196,COC(=O)[C@@H](O)CC(=O)N[C@H](C)c1nc(=O)cc[nH]1,71024798_14585673
0.527027027027027,C[C@@H]1CCC[C@H]1CC(=O)Nc1nncc2ccccc12,20984652_1442749
0.4375,C#Cc1c[nH]nc1C(=O)Nc1nncc2ccccc12,20984652_1857781099
0.40540540540540543,COC(=O)[C@@H](O)CC(=O)Nc1ncc(OC)cc1C,95642677_14585673
0.3466666666666667,COC(=O)[C@@H](O)CC(=O)Nc1nnnn1C(C)C,1712710_14585673
0.5,COCCC[C@H](C)C(=O)Nc1nncc2ccccc12,20984652_2048738
0.2976190476190476,COC(=O)[C@@H](O)CC(=O)NCC#Cc1cccc(F)c1,37470989_14585673
0.375,COC(=O)[C@@H](O)CC(=O)Nc1cnn(C)c1,2552486_14585673
0.4358974358974359,N#Cc1ccc(C(=O)Nc2nncc3ccccc23)nc1,20984652_12336459
0.5135135135135135,O=C(Cc1cnco1)Nc1nncc2ccccc12,20984652_20417413
0.32926829268292684,COC(=O)[C@@H](O)CC(=O)Nc1[nH]ncc1CCCO,57218740_14585673
0.3783783783783784,COC(=O)[C@@H](O)CC(=O)Nc1nccc(C)n1,404289_14585673
0.3815789473684211,CNc1ncccc1NC(=O)C[C@H](O)C(=O)OC,19770005_14585673
0.35135135135135137,COC(=O)[C@@H](O)CC(=O)Nc1cc(OC)no1,40537843_14585673
0.4605263157894737,Cc1ncc(C(=O)Nc2nncc3ccccc23)n1C,20984652_40448696
0.3684210526315789,COC(=O)[C@@H](O)CC(=O)Nc1cnn(C(F)F)c1C,72209417_14585673
0.29850746268656714,COC(=O)[C@@H](O)CC(=O)NC(=O)C[C@@H](O)C(=O)O,5131909_14585673
0.37037037037037035,COC(=O)[C@@H](O)CC(=O)Nc1ccc2nnccc2c1,45817307_14585673
0.5882352941176471,C[S@@](=O)CCC(=O)Nc1nncc2ccccc12,20984652_37921891
0.5555555555555556,CCC(C)(C)OCC(=O)Nc1nncc2ccccc12,20984652_26515409
0.35365853658536583,COC(=O)[C@@H](O)CC(=O)Nc1nnc2cccc(C)n12,8616269_14585673
0.547945205479452,CC(C)CCNCC(=O)Nc1nncc2ccccc12,20984652_5759068
0.4864864864864865,O=C(Nc1nncc2ccccc12)c1n[nH]cc1F,20984652_95870698
0.5352112676056338,CCC[C@@H](N)C(=O)Nc1nncc2ccccc12,20984652_391822
0.35526315789473684,COCc1csc(NC(=O)C[C@H](O)C(=O)OC)n1,31772050_14585673
0.4605263157894737,O=C(Nc1nncc2ccccc12)c1cc(F)n[nH]1,20984652_307076819
0.3246753246753247,COC(=O)[C@@H](O)CC(=O)N[C@@H](CO)c1ccco1,34518809_14585673
0.3972602739726027,COC(=O)[C@@H](O)CC(=O)Nc1cccnc1F,2506896_14585673
0.52,Cn1cc(CC(=O)Nc2nncc3ccccc23)cn1,20984652_20442159
0.4,COC(=O)[C@@H](O)CC(=O)Nc1nc(C)[nH]c(=O)c1F,8462067_14585673
0.4225352112676056,COC(=O)[C@@H](O)CC(=O)Nc1ncncc1Cl,39052643_14585673
0.5138888888888888,COC[C@@](C)(O)C(=O)Nc1nncc2ccccc12,20984652_53199112
0.5857142857142857,C[C@H](O)C(=O)NCC(=O)Nc1nncc2ccccc12,20984652_104630597
0.325,CC[C@H](NC(=O)C[C@H](O)C(=O)OC)c1cccnc1,19091641_14585673
0.3333333333333333,COC(=O)[C@@H](O)CC(=O)N[C@H]1[C@@H](C)[C@H]1c1ccccc1,227697706_14585673
0.4666666666666667,Cc1cc[nH]c1C(=O)Nc1nncc2ccccc12,20984652_4228206
0.4594594594594595,O=C(Nc1nncc2ccccc12)c1cnco1,20984652_49632635
0.3157894736842105,COC(=O)[C@@H](O)CC(=O)NCc1cc[nH]n1,4244020_14585673
0.5,CC[C@H](C(=O)Nc1nncc2ccccc12)N(C)CC,20984652_19092809
0.36363636363636365,COC(=O)[C@@H](O)CC(=O)Nc1ccnc(F)c1Cl,71256007_14585673
0.34210526315789475,COC(=O)[C@@H](O)CC(=O)NC(=O)c1ccccn1,388048_14585673
0.4594594594594595,Nc1cnc(C(=O)Nc2nncc3ccccc23)s1,20984652_1752172
0.33766233766233766,CCOc1cc(NC(=O)C[C@H](O)C(=O)OC)ncn1,39053745_14585673
0.4675324675324675,C[C@H](C(=O)Nc1nncc2ccccc12)c1ccn[nH]1,20984652_80058497
0.5066666666666667,CCC[C@@H](OCC)C(=O)Nc1nncc2ccccc12,20984652_5840868
0.5633802816901409,CCOC(=O)[C@@H](C)C(=O)Nc1nncc2ccccc12,20984652_394087
0.4473684210526316,O=C(Nc1nncc2ccccc12)c1cnc(Cl)[nH]1,20984652_81112905
0.33766233766233766,CC[C@@H](Cc1ccccc1)NC(=O)C[C@H](O)C(=O)OC,4072146_14585673
0.5797101449275363,COC(=O)CCCC(=O)Nc1nncc2ccccc12,20984652_1609498
0.5285714285714286,CN[C@H](C(=O)Nc1nncc2ccccc12)[C@H](C)O,20984652_13352720
0.5,N[C@H]1C[C@@H](CCC(=O)Nc2nncc3ccccc23)C1,20984652_1535644795
0.4473684210526316,Nc1cccc(C(=O)Nc2nncc3ccccc23)c1,20984652_388179
0.4810126582278481,O=C(CNC1=NCCN1)Nc1nncc2ccccc12,20984652_1592098
0.3783783783783784,CCOc1cnc(NC(=O)C[C@H](O)C(=O)OC)cn1,40448358_14585673
0.4666666666666667,Cc1ccc(C(=O)Nc2nncc3ccccc23)cn1,20984652_391224
0.5833333333333334,N[C@@H](CC(=O)Nc1nncc2ccccc12)C1CCC1,20984652_26896308
0.5857142857142857,CC(C)OCCC(=O)Nc1nncc2ccccc12,20984652_12481080
0.34615384615384615,COC(=O)[C@@H](O)CC(=O)Nc1cc(C)cnc1OC,39051109_14585673
0.6056338028169014,CCCC[C@@H](C)CC(=O)Nc1nncc2ccccc12,20984652_2578913
0.3972602739726027,COC(=O)[C@@H](O)CC(=O)Nc1ccnnc1C,79720199_14585673
0.4166666666666667,COC(=O)[C@@H](O)CC(=O)Nc1ncc(F)cc1C,40448817_14585673
0.2876712328767123,CNC(=O)C[C@@H](C)[C@@H](C)NC(=O)C[C@H](O)C(=O)OC,72208149_14585673
0.375,COC(=O)[C@@H](O)CC(=O)Nc1ncc(F)s1,34179225_14585673
0.44871794871794873,Cc1ccnc(C(=O)Nc2nncc3ccccc23)c1,20984652_1702288
0.5066666666666667,CCC[C@H](OCC)C(=O)Nc1nncc2ccccc12,20984652_5837500
0.5,Nc1ccnn1CC(=O)Nc1nncc2ccccc12,20984652_39118692
0.5205479452054794,O=C(Cc1ncc[nH]1)Nc1nncc2ccccc12,20984652_66348452
0.5211267605633803,CC(C)(C)[C@H](CO)C(=O)Nc1nncc2ccccc12,20984652_95883509
0.2916666666666667,C=C(C)C[C@@H](NC(=O)C[C@H](O)C(=O)OC)C(=O)OC,38948743_14585673
0.4473684210526316,Nc1nc(C(=O)Nc2nncc3ccccc23)n[nH]1,20984652_1239568
0.4666666666666667,O=C(Nc1nncc2ccccc12)c1ccsc1F,20984652_4099270
0.4675324675324675,C[C@@H](C(=O)Nc1nncc2ccccc12)c1ccn[nH]1,20984652_80058502
0.37333333333333335,COC(=O)[C@@H](O)CC(=O)Nc1cc(C)ccc1C(C)=O,34190886_14585673
0.48717948717948717,O=C(C[C@H]1COC(=O)C1)Nc1nncc2ccccc12,20984652_14724381
0.3561643835616438,COC(=O)[C@@H](O)CC(=O)NC(=O)Cc1ccccc1,394644_14585673
0.32894736842105265,COC(=O)[C@@H](O)CC(=O)N[C@@H](C)c1cncs1,11760640_14585673
0.5735294117647058,CCNC(=O)CC(=O)Nc1nncc2ccccc12,20984652_20205189
0.46153846153846156,CCc1cc[nH]c1C(=O)Nc1nncc2ccccc12,20984652_82410576
0.2597402597402597,COCCNCC(=O)NC(=O)C[C@H](O)C(=O)OC,20036151_14585673
0.31645569620253167,COC(=O)[C@@H](O)CC(=O)NCc1ccc(C)c(F)c1,2382210_14585673
0.35365853658536583,COC(=O)[C@@H](O)CC(=O)Nc1c(C)ccc2cn[nH]c12,13571656_14585673
0.4868421052631579,COCC[C@@](C)(N)C(=O)Nc1nncc2ccccc12,20984652_39072873
0.3783783783783784,COC(=O)[C@@H](O)CC(=O)Nc1ccnc(F)n1,1585904_14585673
0.4,COC(=O)[C@@H](O)CC(=O)Nc1nccc(C)c1CO,33992102_14585673
0.35,COCCn1nccc1NC(=O)C[C@H](O)C(=O)OC,39118690_14585673
0.47297297297297297,O=C(Nc1nncc2ccccc12)[C@@H]1C[C@H](O)CO1,20984652_39596227
0.6615384615384615,NC[C@H](O)CC(=O)Nc1nncc2ccccc12,20984652_901811
0.3918918918918919,COC(=O)[C@@H](O)CC(=O)Nc1n[nH]cc1C(C)(C)C,98213847_14585673
0.4675324675324675,C[C@H](C(=O)Nc1nncc2ccccc12)n1cnnn1,20984652_82655458
0.3333333333333333,CC[C@@H](NC(=O)C[C@H](O)C(=O)OC)c1ccccc1C,34099855_14585673
0.5671641791044776,NS(=O)(=O)CC(=O)Nc1nncc2ccccc12,20984652_12899491
0.3780487804878049,COC(=O)[C@@H](O)CC(=O)Nc1cncc2cccnc12,24602517_14585673
0.3132530120481928,COC(=O)[C@@H](O)CC(=O)NC(=O)c1cccc(C#N)n1,39064580_14585673
0.5135135135135135,O=C(Cc1ccoc1)Nc1nncc2ccccc12,20984652_334130
0.44871794871794873,O=C(Nc1nncc2ccccc12)c1n[nH]ccc1=O,20984652_90225724
0.5616438356164384,COC[C@H](C)NCC(=O)Nc1nncc2ccccc12,20984652_20376351
0.5797101449275363,C[C@@H](N)CCC(=O)Nc1nncc2ccccc12,20984652_1706201
0.45454545454545453,O=C(Nc1nncc2ccccc12)c1cncc(F)c1,20984652_2244270
0.37037037037037035,COC(=O)[C@@H](O)CC(=O)Nc1ncc2ccccn12,25936485_14585673
0.3333333333333333,COC(=O)[C@@H](O)CC(=O)Nc1ccc2onc(C)c2c1,19844379_14585673
0.4246575342465753,COC(=O)[C@@H](O)CC(=O)Nc1nc(OC)ccc1C,82046902_14585673
0.35064935064935066,CNc1cc(C)nc(NC(=O)C[C@H](O)C(=O)OC)n1,38803849_14585673
0.5492957746478874,CCC(=O)CCCC(=O)Nc1nncc2ccccc12,20984652_2378789
0.3875,COC(=O)[C@@H](O)CC(=O)Nc1noc2cccnc12,25924587_14585673
0.5616438356164384,CC(C)COCCC(=O)Nc1nncc2ccccc12,20984652_19518202
0.26666666666666666,COC(=O)[C@@H](O)CC(=O)N[C@@H](C(=O)OC)C1CCC1,26896530_14585673
0.3023255813953488,COC(=O)[C@@H](O)CC(=O)NCc1cc2ccccn2n1,2527294_14585673
0.2857142857142857,COC(=O)[C@@H](O)CC(=O)N[C@H](CF)C(=O)OC,34326189_14585673
0.35526315789473684,COC(=O)[C@@H](O)CC(=O)Nc1nc[nH]c(=O)n1,12358729_14585673
0.47297297297297297,CC1(C(=O)Nc2nncc3ccccc23)CC(F)C1,20984652_1535644207
0.2898550724637681,COCCNC(=O)C[C@H](O)C(=O)OC,2041075_14585673
0.5,CC[C@](N)(COC)C(=O)Nc1nncc2ccccc12,20984652_70657003
0.3875,COC(=O)[C@@H](O)CC(=O)Nc1nccc2[nH]ccc12,1565269_14585673
0.4,CNc1ccccc1NC(=O)C[C@H](O)C(=O)OC,395550_14585673
0.3783783783783784,COC(=O)[C@@H](O)CC(=O)Nc1ccc[nH]c1=O,8698104_14585673
0.2839506172839506,COC[C@H](NC(=O)C[C@H](O)C(=O)OC)c1nnn[nH]1,95190633_14585673
0.5205479452054794,COC[C@@H](C)[C@H](C)C(=O)Nc1nncc2ccccc12,20984652_86338191
0.313953488372093,COC(=O)[C@@H](O)CC(=O)NCc1nnc2cccnn12,24551011_14585673
0.2898550724637681,CC[C@H](NC(=O)C[C@H](O)C(=O)OC)C(=O)OC,35186321_14585673
0.5277777777777778,CO[C@H](CC(C)C)C(=O)Nc1nncc2ccccc12,20984652_96585180
0.3974358974358974,COC(=O)[C@@H](O)CC(=O)Nc1nccc2occc12,95755953_14585673
0.5633802816901409,CC(C)[C@H](N)CCC(=O)Nc1nncc2ccccc12,20984652_26441384
0.36619718309859156,COC(=O)[C@@H](O)CC(=O)N[C@@H](C)c1ccccc1,6030374_14585673
0.4794520547945205,Cc1ccc(C(=O)Nc2nncc3ccccc23)o1,20984652_62699
0.5211267605633803,CN(C)[C@H](CO)C(=O)Nc1nncc2ccccc12,20984652_2045313
0.37333333333333335,COC(=O)[C@@H](O)CC(=O)Nc1c(C)cnn1C(C)C,20578751_14585673
0.325,COCc1cc(NC(=O)C[C@H](O)C(=O)OC)nn1C,72209664_14585673
0.48717948717948717,O=C(CCc1ncn[nH]1)Nc1nncc2ccccc12,20984652_42041189
0.4594594594594595,Nc1ccccc1C(=O)Nc1nncc2ccccc12,20984652_47985
0.2631578947368421,CCOC(=O)C[C@@H](CC)NC(=O)C[C@H](O)C(=O)OC,36437019_14585673
0.325,COC(=O)[C@@H](O)CC(=O)NCCc1ccc(O)cn1,83267537_14585673
0.3037974683544304,COC(=O)[C@@H](O)CC(=O)N[C@H](C)c1cnccn1,37467083_14585673
0.5735294117647058,CN(C)CCC(=O)Nc1nncc2ccccc12,20984652_1677413
0.36486486486486486,CCOc1cnc(NC(=O)C[C@H](O)C(=O)OC)nc1,39053265_14585673
0.3493975903614458,COC(=O)[C@@H](O)CC(=O)Nc1ccc2cncnc2c1,29544518_14585673
0.3561643835616438,COC(=O)[C@@H](O)CC(=O)Nc1cc(OC)on1,21298963_14585673
0.36,COC(=O)[C@@H](O)CC(=O)Nc1nc(C(C)(C)C)c[nH]1,95079389_14585673
0.4666666666666667,O=C(Nc1nncc2ccccc12)c1c[nH]c(=O)s1,20984652_51943784
0.34210526315789475,COC(=O)[C@@H](O)CC(=O)Nc1ccc(O)cc1Cl,395500_14585673
0.5492957746478874,CC(C)(C)CCCC(=O)Nc1nncc2ccccc12,20984652_2508030
0.5294117647058824,COC(C)(C)C(=O)Nc1nncc2ccccc12,20984652_14000346
0.34210526315789475,COC(=O)[C@@H](O)CC(=O)Nc1c(C)ccc(F)c1F,218141426_14585673
0.46153846153846156,C[C@H](C(=O)Nc1nncc2ccccc12)n1cncn1,20984652_13479948
0.40789473684210525,COC(=O)[C@@H](O)CC(=O)Nc1nccc2ccoc12,95642504_14585673
0.3466666666666667,COC(=O)c1ccc(NC(=O)C[C@H](O)C(=O)OC)o1,405147_14585673
0.5285714285714286,C/C=C/[C@H](O)C(=O)Nc1nncc2ccccc12,20984652_34083798
0.35526315789473684,COC(=O)[C@@H](O)CC(=O)Nc1cc(F)c(C)cn1,95761874_14585673
0.3684210526315789,COC(=N)c1nonc1NC(=O)C[C@H](O)C(=O)OC,5248327_14585673
0.5492957746478874,CC/C(C)=C/CC(=O)Nc1nncc2ccccc12,20984652_34246095
0.3333333333333333,COCCn1ccc(NC(=O)C[C@H](O)C(=O)OC)n1,11920286_14585673
0.6086956521739131,N[C@@H](CCO)CC(=O)Nc1nncc2ccccc12,20984652_82073081
0.325,COC(=O)[C@@H](O)CC(=O)N[C@@H](C)Cc1ccccn1,11570829_14585673
0.5416666666666666,CCCC[C@@H](O)C(=O)Nc1nncc2ccccc12,20984652_1757853
0.37037037037037035,COC(=O)[C@@H](O)CC(=O)Nc1c[nH]c2ncccc12,14984902_14585673
0.3835616438356164,COC(=O)[C@@H](O)CC(=O)Nc1c(Cl)cnn1C,34154281_14585673
0.3,CC[C@H](CNC(=O)C[C@H](O)C(=O)OC)C(=O)OC,78724897_14585673
0.3246753246753247,COC(=O)[C@@H](O)CC(=O)NC[C@H](O)c1ccco1,4240322_14585673
0.34177215189873417,COC(=O)[C@@H](O)CC(=O)Nc1cn(CC(F)F)nn1,86491404_14585673
0.3333333333333333,COC(=O)[C@@H](O)CC(=O)NCc1ncc(C)cn1,34963984_14585673
0.5342465753424658,CC1CN(CC(=O)Nc2nncc3ccccc23)C1,20984652_86683038
0.5416666666666666,CCC(C)(C)CCC(=O)Nc1nncc2ccccc12,20984652_2578824
0.3466666666666667,COC(=O)[C@@H](O)CC(=O)N[C@@H](C)Cc1ccccc1,6021033_14585673
0.5735294117647058,C=C(C)CCC(=O)Nc1nncc2ccccc12,20984652_14592840
0.35365853658536583,COC(=O)[C@@H](O)CC(=O)Nc1nc2cnccc2o1,34257684_14585673
0.410958904109589,COC(=O)[C@@H](O)CC(=O)Nc1nc(=O)[nH]cc1F,896546_14585673
0.5571428571428572,CNCCCC(=O)Nc1nncc2ccccc12,20984652_1615390
0.5068493150684932,CO[C@@H](NC(N)=O)C(=O)Nc1nncc2ccccc12,20984652_2025419
0.375,COC(=O)[C@@H](O)CC(=O)Nc1ccc2cccnc2n1,5394946_14585673
0.2777777777777778,CC[C@H](NC(=O)C[C@H](O)C(=O)OC)[C@@H](O)C(=O)OC,78725164_14585673
0.3493975903614458,COC(=O)[C@@H](O)CC(=O)Nc1ccc2c(c1)nnn2C,1734074_14585673
0.527027027027027,CC(=O)OC[C@H](N)C(=O)Nc1nncc2ccccc12,20984652_895446
0.32142857142857145,COC(=O)[C@@H](O)CC(=O)NCc1cccc2ccoc12,82839953_14585673
0.5405405405405406,COCCN(C)CC(=O)Nc1nncc2ccccc12,20984652_19090737
0.37037037037037035,COC(=O)[C@@H](O)CC(=O)Nc1cnnc2[nH]cnc12,8616408_14585673
0.4666666666666667,O=C(Nc1nncc2ccccc12)c1[nH]ccc1F,20984652_307692773
0.36363636363636365,COC(=O)[C@@H](O)CC(=O)Nc1cnccc1SC,34617262_14585673
0.5,O=C(Cn1cnc(O)n1)Nc1nncc2ccccc12,20984652_217043264
0.5211267605633803,CC(=O)O[C@H](C)C(=O)Nc1nncc2ccccc12,20984652_389740
0.5066666666666667,O=C(Cc1cc(=O)[nH][nH]1)Nc1nncc2ccccc12,20984652_12428242
0.5352112676056338,CC(C)(CN)[C@@H](O)C(=O)Nc1nncc2ccccc12,20984652_366418
0.5,CC[C@](C)(COC)C(=O)Nc1nncc2ccccc12,20984652_141390891
0.5362318840579711,CC(=O)N[C@H](C)C(=O)Nc1nncc2ccccc12,20984652_114138
0.36486486486486486,COC(=O)[C@@H](O)CC(=O)Nc1ccc(O)c(F)c1F,2243354_14585673
0.5492957746478874,CC(C)(C)NCCC(=O)Nc1nncc2ccccc12,20984652_12505463
0.49333333333333335,COCC[C@](C)(O)C(=O)Nc1nncc2ccccc12,20984652_45040720
0.5205479452054794,CC(C)CO[C@H](C)C(=O)Nc1nncc2ccccc12,20984652_19427151
0.4605263157894737,Cc1cccc(C(=O)Nc2nncc3ccccc23)c1,20984652_330142
0.5205479452054794,COCC[C@H](C)C(=O)Nc1nncc2ccccc12,20984652_34319315
0.5522388059701493,CO[C@H](C)C(=O)Nc1nncc2ccccc12,20984652_2382888
0.5135135135135135,O=C(Cc1ccsn1)Nc1nncc2ccccc12,20984652_39325983
0.36486486486486486,COC(=O)[C@@H](O)CC(=O)Nc1cc(C)ccc1C,3860836_14585673
0.35135135135135137,CC[C@H](NC(=O)C[C@H](O)C(=O)OC)c1ccccc1,1665102_14585673
0.5882352941176471,CC[S@@](=O)CC(=O)Nc1nncc2ccccc12,20984652_19092569
0.3333333333333333,COC(=O)[C@@H](O)CC(=O)Nc1ncnc(CC#N)n1,199744626_14585673
0.2839506172839506,COC(=O)[C@@H](O)CC(=O)NCCc1cc(C)n[nH]1,9009205_14585673
0.3466666666666667,COC(=O)[C@@H](O)CC(=O)Nc1oc(C)nc1C#N,335545_14585673
0.4358974358974359,Nc1ccncc1C(=O)Nc1nncc2ccccc12,20984652_333065
0.35443037974683544,COC(=O)[C@@H](O)CC(=O)Nc1nncn1C1CC1,54499598_14585673
0.6515151515151515,CC(=O)[C@@H](N)CC(=O)Nc1nncc2ccccc12,20984652_5434383
0.3333333333333333,CC[C@H](NC(=O)C[C@H](O)C(=O)OC)c1ccccc1C,34099854_14585673
0.5714285714285714,CC(C)NCCC(=O)Nc1nncc2ccccc12,20984652_12505518
0.4666666666666667,O=C(Nc1nncc2ccccc12)c1ccc(F)nc1,20984652_1682844
0.5277777777777778,O=C(Cc1cncnc1)Nc1nncc2ccccc12,20984652_15022135
0.4666666666666667,Cc1nc(C(=O)Nc2nncc3ccccc23)co1,20984652_49538689
0.4935064935064935,O=C(CCc1cnc[nH]1)Nc1nncc2ccccc12,20984652_91688852
0.30952380952380953,COC(=O)[C@@H](O)CC(=O)N[C@H]1CCn2c(C)cnc21,18727485_14585673
0.4594594594594595,Nc1ccsc1C(=O)Nc1nncc2ccccc12,20984652_1433084
0.5555555555555556,COCCNCC(=O)Nc1nncc2ccccc12,20984652_20376246
0.4864864864864865,O=C(Nc1nncc2ccccc12)[C@@H](O)C1(O)CCC1,20984652_104732101
0.3333333333333333,COC(=O)[C@@H](O)CC(=O)N[C@H](CO)c1ccccn1,39050026_14585673
0.34210526315789475,COC(=O)[C@@H](O)CC(=O)Nc1nc(=O)nc(C)[nH]1,14989103_14585673
0.3684210526315789,CCOc1ccc(NC(=O)C[C@H](O)C(=O)OC)nc1,19868934_14585673
0.5211267605633803,CCC[C@H](C)C(=O)Nc1nncc2ccccc12,20984652_388071
0.5135135135135135,O=C(Cc1nccs1)Nc1nncc2ccccc12,20984652_2389519
0.5652173913043478,C[C@H]1C[C@H]1CC(=O)Nc1nncc2ccccc12,20984652_26638530
0.5352112676056338,CC(C)(CN)[C@H](O)C(=O)Nc1nncc2ccccc12,20984652_366415
0.39436619718309857,COC(=O)[C@@H](O)CC(=O)Nc1cnnn1C,39280719_14585673
0.30864197530864196,COC(=O)[C@@H](O)CC(=O)NCCc1ccc(F)cn1,20445911_14585673
0.5416666666666666,CCC(=O)NCCC(=O)Nc1nncc2ccccc12,20984652_11891603
0.4166666666666667,COC(=O)[C@@H](O)CC(=O)Nc1ncc(O)cc1Cl,21981818_14585673
0.38271604938271603,COC(=O)[C@@H](O)CC(=O)Nc1ncnc2cccnc12,13517868_14585673
0.36363636363636365,COC(=O)[C@@H](O)CC(=O)Nc1c(C(F)F)cnn1C,211824533_14585673
0.35802469135802467,COC(=O)[C@@H](O)CC(=O)Nc1cccc2ccn(C)c12,82839930_14585673
0.325,COC(=O)[C@@H](O)CC(=O)Nc1cn(CC(F)F)cn1,685951048_14585673
0.46153846153846156,CCn1cc(C(=O)Nc2nncc3ccccc23)nn1,20984652_50213127
0.4533333333333333,O=C(Nc1nncc2ccccc12)c1cocn1,20984652_12471803
0.3291139240506329,CC[C@@H](NC(=O)C[C@H](O)C(=O)OC)c1ccccn1,19091453_14585673
0.325,COC(=O)[C@@H](O)CC(=O)N[C@H](C#N)c1ccccc1C,19987089_14585673
0.52,Cn1nnc(CC(=O)Nc2nncc3ccccc23)n1,20984652_1564366
0.4473684210526316,O=C(Nc1nncc2ccccc12)c1cnc(Cl)o1,20984652_108365796
0.5342465753424658,COCC[C@@H](N)C(=O)Nc1nncc2ccccc12,20984652_2036816
0.3888888888888889,COC(=O)[C@@H](O)CC(=O)Nc1ccc(C)cn1,164623_14585673
0.3291139240506329,CC[C@H](NC(=O)C[C@H](O)C(=O)OC)c1ccccn1,19091456_14585673
0.3783783783783784,COC(=O)[C@@H](O)CC(=O)Nc1ccccc1C(C)(C)C,1675824_14585673
0.32098765432098764,COC(=O)[C@@H](O)CC(=O)NCCc1cccc(C)n1,4202821_14585673
0.5,O=C1CC(CC(=O)Nc2nncc3ccccc23)=NN1,20984652_100460454
0.4605263157894737,Cc1c(C(=O)Nc2nncc3ccccc23)cnn1C,20984652_1088697
0.6231884057971014,CCC[C@H](CC)CC(=O)Nc1nncc2ccccc12,20984652_2006815
0.5,C[C@@H](C(=O)Nc1nncc2ccccc12)n1cccc1,20984652_106408
0.5285714285714286,CC(C)[C@H](N)[C@H](O)C(=O)Nc1nncc2ccccc12,20984652_34306966
0.36,COC(=O)[C@@H](O)CC(=O)Nc1nc(C)cc(F)n1,39053523_14585673
0.5277777777777778,O=C(C[C@H]1C[C@H](O)C1)Nc1nncc2ccccc12,20984652_306668685
0.5492957746478874,CN(C)CCCC(=O)Nc1nncc2ccccc12,20984652_157327
0.5131578947368421,CCOCC[C@@H](N)C(=O)Nc1nncc2ccccc12,20984652_13352843
0.30952380952380953,COC(=O)[C@@H](O)CC(=O)NC(=N)CCc1cccnc1,22015055_14585673
0.375,COC(=O)[C@@H](O)CC(=O)NC(=N)c1ccccc1,36634_14585673
0.5416666666666666,NC[C@@H](N)CCC(=O)Nc1nncc2ccccc12,20984652_38792051
0.2631578947368421,COC(=O)[C@H](CC1CC1)NC(=O)C[C@H](O)C(=O)OC,69553575_14585673
0.3698630136986301,COC(=O)[C@@H](O)CC(=O)Nc1c(C#N)cccc1C#N,32914685_14585673
0.375,COC(=O)[C@@H](O)CC(=O)Nc1ncc(C(C)C)cn1,21301164_14585673
0.5135135135135135,O=C(Cn1ncnn1)Nc1nncc2ccccc12,20984652_31319659
0.5,C#CCO[C@@H](C)C(=O)Nc1nncc2ccccc12,20984652_34958356
0.34146341463414637,COC(=O)[C@@H](O)CC(=O)Nc1c[nH]c2ccc(C)cc12,34070709_14585673
0.3611111111111111,COC(=O)[C@@H](O)CC(=O)Nc1c[nH]cn1,12958660_14585673
0.38961038961038963,COC(=O)[C@@H](O)CC(=O)Nc1ncc(C#N)cc1C,21981876_14585673
0.35064935064935066,CCc1nc(C#N)c(NC(=O)C[C@H](O)C(=O)OC)o1,1720398_14585673
0.34177215189873417,COC(=O)[C@@H](O)CC(=O)Nc1ccn(CC(C)C)n1,12357776_14585673
0.48,C[C@H]1CC=CC[C@H]1C(=O)Nc1nncc2ccccc12,20984652_4409280
0.36363636363636365,COC(=O)[C@@H](O)CC(=O)Nc1ccncc1C(C)C,69841124_14585673
0.5774647887323944,CCOC(=O)CCC(=O)Nc1nncc2ccccc12,20984652_2004473
0.4666666666666667,Cc1cc(C(=O)Nc2nncc3ccccc23)sn1,20984652_1709550
0.28169014084507044,COCCC(=O)NC(=O)C[C@H](O)C(=O)OC,14507053_14585673
0.4605263157894737,Cn1ncc(C(=O)Nc2nncc3ccccc23)c1O,20984652_71495314
0.35064935064935066,COC(=O)[C@@H](O)CC(=O)Nc1ccnc(OC)c1C,95935203_14585673
0.31645569620253167,COC(=O)[C@@H](O)CC(=O)N[C@H](C)c1ccc(F)cn1,59202790_14585673
0.46153846153846156,CCc1cc(C(=O)Nc2nncc3ccccc23)no1,20984652_2559695
0.3783783783783784,COC(=O)[C@@H](O)CC(=O)Nc1cncc(C)c1C,95764091_14585673
0.35365853658536583,COC(=O)[C@@H](O)CC(=O)Nc1cccc2nnn(C)c12,32189615_14585673
0.358974358974359,CCOc1cncc(NC(=O)C[C@H](O)C(=O)OC)n1,39235980_14585673
0.35526315789473684,COC(=O)c1cnoc1NC(=O)C[C@H](O)C(=O)OC,258212_14585673
0.6190476190476191,CC(=O)CC(=O)Nc1nncc2ccccc12,20984652_895089
0.3493975903614458,COC(=O)[C@@H](O)CC(=O)Nc1cc2cc[nH]c2cn1,18551745_14585673
0.3291139240506329,COC(=O)[C@@H](O)CC(=O)NC(C)(C)c1cccnc1,19682463_14585673
0.5522388059701493,CC(C)(C)[C@H](O)C(=O)Nc1nncc2ccccc12,20984652_4975727
0.4358974358974359,Nc1nncnc1C(=O)Nc1nncc2ccccc12,20984652_39083028
0.35443037974683544,C#Cc1ccncc1NC(=O)C[C@H](O)C(=O)OC,95761571_14585673
0.3023255813953488,COC(=O)[C@@H](O)CC(=O)NC[C@@H]1C[C@@H]1c1ccccn1,54587059_14585673
0.47297297297297297,Cn1cnc(C(=O)Nc2nncc3ccccc23)c1,20984652_19850645
0.6142857142857143,CC[C@H](C)[C@@H](N)CC(=O)Nc1nncc2ccccc12,20984652_170373
0.5492957746478874,C#CCNC(=O)CC(=O)Nc1nncc2ccccc12,20984652_50916091
0.5131578947368421,Cn1cnc(CC(=O)Nc2nncc3ccccc23)c1,20984652_25722461
0.5652173913043478,CC(C)(CN)CC(=O)Nc1nncc2ccccc12,20984652_4764394
0.5507246376811594,O=C(Nc1nncc2ccccc12)[C@@H](O)CCO,20984652_2559503
0.3,COC(=O)[C@@H](O)CC(=O)NCCc1cccc(F)c1,389670_14585673
0.35365853658536583,COC(=O)[C@@H](O)CC(=O)Nc1nc2c(C)cccc2[nH]1,34410850_14585673
0.5135135135135135,CC[C@H](CCOC)C(=O)Nc1nncc2ccccc12,20984652_40377761
0.35526315789473684,COC(=O)[C@@H](O)CC(=O)Nc1cccc([C@H](C)O)c1,404424_14585673
0.5277777777777778,O=C(CC1CCCC1)Nc1nncc2ccccc12,20984652_388161
0.5428571428571428,C=C1C[C@@H]1CC(=O)Nc1nncc2ccccc12,20984652_14591276
0.5205479452054794,O=C(Nc1nncc2ccccc12)[C@@H](O)CC1CC1,20984652_104709500
0.32142857142857145,COC(=O)[C@@H](O)CC(=O)Nc1cc2[nH]cnc2cc1C,82408872_14585673
0.547945205479452,COCCOCCC(=O)Nc1nncc2ccccc12,20984652_19479528
0.5970149253731343,CCOCC(=O)Nc1nncc2ccccc12,20984652_1866957
0.4935064935064935,O=C(CCc1cnco1)Nc1nncc2ccccc12,20984652_40542805
0.5,Nc1ncc(CC(=O)Nc2nncc3ccccc23)[nH]1,20984652_2244234
0.3684210526315789,CNc1cccc(F)c1NC(=O)C[C@H](O)C(=O)OC,37419150_14585673
0.37333333333333335,COC(=O)[C@@H](O)CC(=O)Nc1cnc(F)c(C)c1,2384018_14585673
0.5,CC[C@H](OCCO)C(=O)Nc1nncc2ccccc12,20984652_62761985
0.3493975903614458,COC(=O)[C@@H](O)CC(=O)Nc1cnc2cccc(C)n12,36221961_14585673
0.5571428571428572,C=C(C)CCCC(=O)Nc1nncc2ccccc12,20984652_2579547
0.4305555555555556,COC(=O)[C@@H](O)CC(=O)Nc1nc(C)cnc1C,39436852_14585673
0.5797101449275363,CNC(=O)COCC(=O)Nc1nncc2ccccc12,20984652_41167068
0.5277777777777778,CCC[C@@H](OC)C(=O)Nc1nncc2ccccc12,20984652_22122712
0.44871794871794873,O=C(Nc1nncc2ccccc12)c1cc(F)ccn1,20984652_21304417
0.2898550724637681,COC(=O)[C@@H](O)CC(=O)N[C@@H](C(=O)OC)[C@H](C)O,34924610_14585673
0.38461538461538464,COC(=O)[C@@H](O)CC(=O)Nc1ccc2cn[nH]c2n1,18543183_14585673
0.5066666666666667,O=C(Cc1n[nH]c(=O)[nH]1)Nc1nncc2ccccc12,20984652_19089113
0.5882352941176471,CC(C)SCC(=O)Nc1nncc2ccccc12,20984652_5010919
0.2702702702702703,COCC[C@H](NC(=O)C[C@H](O)C(=O)OC)C(=O)OC,52786567_14585673
0.35,COC(=O)[C@@H](O)CC(=O)Nc1ccc2cc[nH]c2n1,18615034_14585673
0.375,COC(=O)[C@@H](O)CC(=O)Nc1cn(C)nn1,19089902_14585673
0.5522388059701493,CC(C)(C)[C@@H](O)C(=O)Nc1nncc2ccccc12,20984652_4975729
0.358974358974359,COC(=O)[C@@H](O)CC(=O)Nc1ccncc1N(C)C,84426108_14585673
0.28169014084507044,COC(=O)[C@@H](O)CC(=O)N[C@@H](C(=O)OC)[C@@H](C)F,39254742_14585673
0.4935064935064935,CCNCC[C@H](N)C(=O)Nc1nncc2ccccc12,20984652_57268601
0.3333333333333333,COC(=O)[C@@H](O)CC(=O)NCc1ccc(O)cc1F,2524620_14585673
0.4657534246575342,O=C(Nc1nncc2ccccc12)C1=NCCC1,20984652_26379237
0.5135135135135135,CO[C@@H](C(=O)Nc1nncc2ccccc12)C1CCC1,20984652_160599857
0.527027027027027,O=C(COC1CNC1)Nc1nncc2ccccc12,20984652_88189317
0.5138888888888888,C[C@@H]([C@H](C)O)[C@@H](N)C(=O)Nc1nncc2ccccc12,20984652_14419737
0.5555555555555556,C[C@@H](N)CCCC(=O)Nc1nncc2ccccc12,20984652_2515941
0.5833333333333334,NC[C@@H](CC(=O)Nc1nncc2ccccc12)C1CC1,20984652_78724768
0.4,COC(=O)[C@@H](O)CC(=O)Nc1ncc(CO)cc1C,72222036_14585673
0.3375,CC[C@@H](C)n1cc(NC(=O)C[C@H](O)C(=O)OC)cn1,20217317_14585673
0.37037037037037035,COC(=O)[C@@H](O)CC(=O)Nc1[nH]nc2c(C)cccc12,44699934_14585673
0.5211267605633803,COCC(C)(C)C(=O)Nc1nncc2ccccc12,20984652_19093215
0.40298507462686567,COC(=O)[C@@H](O)CC(=O)Nc1nnc(C)nn1,967265_14585673
0.38666666666666666,CCCc1nonc1NC(=O)C[C@H](O)C(=O)OC,20370976_14585673
0.35,CCCc1nccc(NC(=O)C[C@H](O)C(=O)OC)n1,44117039_14585673
0.33766233766233766,COC(=O)[C@@H](O)CC(=O)NCCC(=O)c1ccccc1,337836_14585673
0.4657534246575342,O=C(Nc1nncc2ccccc12)c1ccccc1O,20984652_1554
0.5277777777777778,O=C(CCCCCCO)Nc1nncc2ccccc12,20984652_2384180
0.4,COC(=O)[C@@H](O)CC(=O)Nc1cc(C(=O)O)cnn1,82837321_14585673
0.3835616438356164,COC(=O)[C@@H](O)CC(=O)Nc1ccc(C)nc1C,335270_14585673
0.5735294117647058,CNC(=O)CCCC(=O)Nc1nncc2ccccc12,20984652_35721147
0.4594594594594595,Nc1nnc(C(=O)Nc2nncc3ccccc23)o1,20984652_74934369
0.5277777777777778,NCCSCC(=O)Nc1nncc2ccccc12,20984652_6360463
0.38028169014084506,COC(=O)[C@@H](O)CC(=O)Nc1cn[nH]n1,21303334_14585673
0.5138888888888888,CCC(CC)[C@H](N)C(=O)Nc1nncc2ccccc12,20984652_14967106
0.4722222222222222,O=C(Nc1nncc2ccccc12)c1ccco1,20984652_158555
0.4025974025974026,COC(=O)[C@@H](O)CC(=O)Nc1c[nH]c2ccccc12,530874_14585673
0.5066666666666667,O=C(CC1=CCCC1)Nc1nncc2ccccc12,20984652_5188307
0.33766233766233766,COC(=O)[C@@H](O)CC(=O)NCc1ccccc1OC,164573_14585673
0.375,COC(=O)[C@@H](O)CC(=O)Nc1cncc2cnccc12,24602298_14585673
0.4027777777777778,COC(=O)[C@@H](O)CC(=O)Nc1n[nH]cc1OC,79792859_14585673
0.4473684210526316,Nc1ccc(C(=O)Nc2nncc3ccccc23)cn1,20984652_334127
0.3783783783783784,COC(=O)[C@@H](O)CC(=O)Nc1ccc(CO)cn1,19850883_14585673
0.41975308641975306,N#Cc1cccnc1C(=O)Nc1nncc2ccccc12,20984652_13542302
0.4794520547945205,O=C(Nc1nncc2ccccc12)c1cnc[nH]1,20984652_4720641
0.5857142857142857,C[C@@H](O)CCCC(=O)Nc1nncc2ccccc12,20984652_4218505
0.5294117647058824,NCC(CN)C(=O)Nc1nncc2ccccc12,20984652_114812654
0.4666666666666667,Cn1ccc(C(=O)Nc2nncc3ccccc23)n1,20984652_1088696
0.391304347826087,COC(=O)[C@@H](O)CC(=O)Nc1ccncc1,599985_14585673
0.4430379746835443,CN1CC[C@@](C)(C(=O)Nc2nncc3ccccc23)C1,20984652_20418174
0.4225352112676056,COC(=O)[C@@H](O)CC(=O)Nc1nnc(C)cc1C,3631901_14585673
0.3373493975903614,COC(=O)[C@@H](O)CC(=O)NCc1nc2ccccc2o1,5771233_14585673
0.52,CCCC/C=C\CC(=O)Nc1nncc2ccccc12,20984652_20232368
0.3815789473684211,CCCc1c[nH]nc1NC(=O)C[C@H](O)C(=O)OC,95924195_14585673
0.34146341463414637,C=C(CC)c1ncccc1NC(=O)C[C@H](O)C(=O)OC,642882648_14585673
0.4533333333333333,Nc1ccc(C(=O)Nc2nncc3ccccc23)nn1,20984652_20357819
0.4533333333333333,O=C(Nc1nncc2ccccc12)c1n[nH]c(O)n1,20984652_4343380
0.3466666666666667,COC(=O)[C@@H](O)CC(=O)N[C@H](C)C(=O)c1ccccc1,53165482_14585673
0.4430379746835443,C[C@]1(C(=O)Nc2nncc3ccccc23)CC[C@H](O)C1,20984652_114284826
0.5277777777777778,CCC(=O)N[C@H](C)C(=O)Nc1nncc2ccccc12,20984652_2030276
0.5633802816901409,CC[C@@H](C)CCC(=O)Nc1nncc2ccccc12,20984652_1767965
0.34177215189873417,COC(=O)[C@@H](O)CC(=O)Nc1nc(OC)cc(=O)[nH]1,1459851_14585673
0.4594594594594595,O=C(Nc1nncc2ccccc12)C1=NC=NC1,20984652_38532470
0.4931506849315068,COC(=O)[C@@H]1C[C@H]1C(=O)Nc1nncc2ccccc12,20984652_39240023
0.5833333333333334,NC[C@H](CC(=O)Nc1nncc2ccccc12)C1CC1,20984652_78724766
0.34615384615384615,COC(=O)[C@@H](O)CC(=O)Nc1cc(F)cnc1OC,82046593_14585673
0.3333333333333333,COC(=O)[C@@H](O)CC(=O)Nc1ccc2c(C)n[nH]c2c1,16677961_14585673
0.5652173913043478,CC/C=C\CC(=O)Nc1nncc2ccccc12,20984652_4538481
0.6231884057971014,CC(C)C[C@H](N)CC(=O)Nc1nncc2ccccc12,20984652_170350
0.4657534246575342,O=C(Nc1nncc2ccccc12)c1ncc(O)cn1,20984652_39052256
0.358974358974359,C#Cc1cnc(NC(=O)C[C@H](O)C(=O)OC)nc1C,104593311_14585673
0.33766233766233766,COC(=O)[C@@H](O)CC(=O)N[C@@H](C(=O)O)c1ccc[nH]1,59743626_14585673
0.3466666666666667,COC(=O)[C@@H](O)CC(=O)Nc1nc(C(C)C)no1,42384069_14585673
0.2777777777777778,CC[C@@H](CC(=O)NC(=O)C[C@H](O)C(=O)OC)OC,334419_14585673
0.4861111111111111,O=C(Nc1nncc2ccccc12)c1ccc(F)cc1,20984652_159828
0.3333333333333333,COC(=O)[C@@H](O)CC(=O)NCCc1ccnnc1,20417457_14585673
0.2962962962962963,COC(=O)[C@@H](O)CC(=O)NC[C@@H](C)c1ncon1,54158942_14585673
0.4084507042253521,COC(=O)[C@@H](O)CC(=O)Nc1nccnc1CO,26461383_14585673
0.34615384615384615,CNc1cc(F)nc(NC(=O)C[C@H](O)C(=O)OC)n1,2565663_14585673
0.3783783783783784,CCc1ccc(NC(=O)C[C@H](O)C(=O)OC)nc1,33965991_14585673
0.2839506172839506,COC(=O)[C@@H](O)CC(=O)N[C@H](C)Cc1nccs1,11883636_14585673
0.35135135135135137,COC(=O)[C@@H](O)CC(=O)Nc1nc(C(C)C)n[nH]1,6821284_14585673
0.5138888888888888,CC[C@@H](NC(C)C)C(=O)Nc1nncc2ccccc12,20984652_37183263
0.5205479452054794,CCO[C@H](C(=O)Nc1nncc2ccccc12)C(C)C,20984652_19477712
0.6056338028169014,C[C@H](CC(=O)Nc1nncc2ccccc12)C1CCC1,20984652_82839044
0.5,C[C@@H](CC1CC1)C(=O)Nc1nncc2ccccc12,20984652_59534610
0.35064935064935066,COC(=O)[C@@H](O)CC(=O)Nc1cncnc1C(C)C,82319986_14585673
0.3924050632911392,COC(=O)[C@@H](O)CC(=O)Nc1cccc2nonc12,158119_14585673
0.3333333333333333,COC(=O)[C@@H](O)CC(=O)NCC[C@H](C)c1ccccc1,11629488_14585673
0.5405405405405406,CC1(OCC(=O)Nc2nncc3ccccc23)CCC1,20984652_82160284
0.33766233766233766,CC[C@H](Cc1ccccc1)NC(=O)C[C@H](O)C(=O)OC,4072148_14585673
0.33766233766233766,COC(=O)[C@@H](O)CC(=O)NCC#Cc1ccccc1,2516052_14585673
0.32098765432098764,COC(=O)[C@@H](O)CC(=O)N[C@@H](C)Cc1cccnc1,7276831_14585673
0.4605263157894737,O=C(Nc1nncc2ccccc12)c1n[nH]cc1Cl,20984652_4716339
0.3373493975903614,COC(=O)[C@@H](O)CC(=O)Nc1cccc2[nH]nc(C)c12,82839980_14585673
0.45454545454545453,Cc1cccnc1C(=O)Nc1nncc2ccccc12,20984652_1701247
0.5909090909090909,CNC(=O)CCC(=O)Nc1nncc2ccccc12,20984652_409891
0.5857142857142857,C[C@H](O)CNCC(=O)Nc1nncc2ccccc12,20984652_34286883
0.4268292682926829,N#Cc1ccnc(C(=O)Nc2nncc3ccccc23)c1,20984652_12336457
0.3291139240506329,COC(=O)[C@@H](O)CC(=O)NCc1cnc(F)c(F)c1,95631134_14585673
0.38271604938271603,COC(=O)[C@@H](O)CC(=O)Nc1nnc2nc(C)ccn12,66323473_14585673
0.36,COC(=O)[C@@H](O)CC(=O)Nc1cnc(OC)cc1C,15884415_14585673
0.2777777777777778,CCC[C@@H](NC(=O)C[C@H](O)C(=O)OC)C(=O)OC,35402152_14585673
0.3493975903614458,COC(=O)[C@@H](O)CC(=O)Nc1ccc(C)c2cn[nH]c12,12336535_14585673
0.28169014084507044,COC(=O)C[C@H](C)NC(=O)C[C@H](O)C(=O)OC,7989017_14585673
0.6029411764705882,CCOC(=O)CC(=O)Nc1nncc2ccccc12,20984652_389716
0.313953488372093,COC(=O)[C@@H](O)CC(=O)Nc1cccc2c1C[C@@H](C)O2,82840205_14585673
0.35064935064935066,COC(=O)[C@@H](O)CC(=O)Nc1ccnc(OC)c1,19735879_14585673
0.325,COC(=O)[C@@H](O)CC(=O)NCc1nc(C)ccc1F,66322828_14585673
0.4666666666666667,O=C(Nc1nncc2ccccc12)c1cc(F)cs1,20984652_39065931
0.4722222222222222,O=C(Nc1nncc2ccccc12)c1cncnc1,20984652_1494997
0.5131578947368421,Cc1nc[nH]c1CC(=O)Nc1nncc2ccccc12,20984652_20438965
0.3670886075949367,COC(=O)[C@@H](O)CC(=O)Nc1cc(C#N)cnc1F,71255848_14585673
0.375,COC(=O)[C@@H](O)CC(=O)Nc1cccc(C2CCC2)n1,44118925_14585673
0.5066666666666667,Nc1nnnn1CC(=O)Nc1nncc2ccccc12,20984652_4143886
0.3157894736842105,COC(=O)[C@@H](O)CC(=O)N[C@@H](C)c1cnco1,20417896_14585673
0.3684210526315789,COC(=O)[C@@H](O)CC(=O)NC1(Cc2ccccc2)CC1,6096117_14585673
0.49333333333333335,COCC[C@@](C)(O)C(=O)Nc1nncc2ccccc12,20984652_45040717
0.42028985507246375,COC(=O)[C@@H](O)CC(=O)Nc1nc(C)c(C)nc1C,62208513_14585673
0.44871794871794873,Cc1cncnc1C(=O)Nc1nncc2ccccc12,20984652_71624795
0.3835616438356164,COC(=O)[C@@H](O)CC(=O)Nc1cncc(Cl)n1,1101988_14585673
0.5135135135135135,NC(=O)OC[C@@H](N)C(=O)Nc1nncc2ccccc12,20984652_1716967
0.4358974358974359,C#Cc1ccc(C(=O)Nc2nncc3ccccc23)nc1,20984652_35570292
0.5285714285714286,CC(C)[C@@H](N)[C@@H](O)C(=O)Nc1nncc2ccccc12,20984652_34306969
0.5571428571428572,CSCCCC(=O)Nc1nncc2ccccc12,20984652_6019705
0.3037974683544304,CC[C@@H](NC(=O)C[C@H](O)C(=O)OC)c1cccs1,2046352_14585673
0.34615384615384615,COC(=O)[C@@H](O)CC(=O)NC[C@H](O)c1ccccn1,15020715_14585673
0.425,O=C(Nc1nncc2ccccc12)[C@H]1Cc2ccccc21,20984652_389502
0.38571428571428573,COC(=O)[C@@H](O)CC(=O)Nc1cnco1,82828774_14585673
0.31645569620253167,COC(=O)[C@@H](O)CC(=O)N[C@H](C)c1ccc(C)cn1,42383730_14585673
0.46153846153846156,CCc1noc(C(=O)Nc2nncc3ccccc23)n1,20984652_26461262
0.34615384615384615,COC(=O)[C@@H](O)CC(=O)N[C@H](C)c1cccc(C)n1,42383833_14585673
0.5362318840579711,CO[C@@H](C(=O)Nc1nncc2ccccc12)C(C)C,20984652_19513080
0.5428571428571428,COC[C@H](C)C(=O)Nc1nncc2ccccc12,20984652_35755625
0.3684210526315789,CNCc1ccccc1NC(=O)C[C@H](O)C(=O)OC,11920619_14585673
0.33766233766233766,COC(=O)[C@@H](O)CC(=O)N[C@](C)(C#N)c1ccccc1,13356634_14585673
0.3,CCn1cc([C@H](C)NC(=O)C[C@H](O)C(=O)OC)cn1,12398221_14585673
0.5285714285714286,CN[C@@H](CO)C(=O)Nc1nncc2ccccc12,20984652_2384916
0.5068493150684932,COC[C@](C)(N)C(=O)Nc1nncc2ccccc12,20984652_32240803
0.32941176470588235,COC(=O)[C@@H](O)CC(=O)Nc1cc(C)n2nccc2n1,211833665_14585673
0.3076923076923077,COC(=O)[C@@H](O)CC(=O)NC[C@H](O)c1ccc(C)o1,21949779_14585673
0.3375,COCc1ccnc(NC(=O)C[C@H](O)C(=O)OC)c1,52734238_14585673
0.48717948717948717,O=C(CC1=CCOCC1)Nc1nncc2ccccc12,20984652_84230056
0.33766233766233766,COC(=O)[C@@H](O)CC(=O)Nc1cc(OC)ccc1F,21304447_14585673
0.5652173913043478,C/C=C/CCC(=O)Nc1nncc2ccccc12,20984652_5132839
0.4666666666666667,Cc1cnoc1C(=O)Nc1nncc2ccccc12,20984652_16124590
0.48,C[C@H](C(=O)Nc1nncc2ccccc12)C1CCCC1,20984652_19726593
0.4935064935064935,O=C(CCc1nnn[nH]1)Nc1nncc2ccccc12,20984652_34925418
0.4166666666666667,COC(=O)[C@@H](O)CC(=O)Nc1ncc(C)c(C)c1C,147584853_14585673
0.32894736842105265,CCC1=NNC(NC(=O)C[C@H](O)C(=O)OC)=NN1,49474202_14585673
0.410958904109589,COC(=O)[C@@H](O)CC(=O)Nc1nc(C)cc(C)c1C,149431174_14585673
0.34177215189873417,COC(=O)[C@@H](O)CC(=O)Nc1cnc(C#N)c(F)c1,39050183_14585673
0.4605263157894737,CC1=N[C@H](C(=O)Nc2nncc3ccccc23)CC1,20984652_4691874
0.4675324675324675,Cn1nc(C(=O)Nc2nncc3ccccc23)cc1F,20984652_258604089
0.3157894736842105,COC(=O)[C@@H](O)CC(=O)NCc1ncc(OC)cn1,107115478_14585673
0.5405405405405406,CCC[C@@H](N)CCC(=O)Nc1nncc2ccccc12,20984652_2090489
0.32051282051282054,COC(=O)[C@@H](O)CC(=O)NCc1c(C)cnn1C,82848127_14585673
0.3048780487804878,COC(=O)[C@@H](O)CC(=O)N[C@H](C)CCc1ccco1,3882375_14585673
0.37333333333333335,CCOc1ccc(NC(=O)C[C@H](O)C(=O)OC)cn1,4352765_14585673
0.5068493150684932,CN[C@H](CC(C)C)C(=O)Nc1nncc2ccccc12,20984652_403026
0.5616438356164384,CC(C)CCOCC(=O)Nc1nncc2ccccc12,20984652_5759091
0.29577464788732394,COC(=O)[C@@H](O)CC(=O)NC(=O)OC[C@@H](C)O,1684587_14585673
0.2972972972972973,COC(=O)[C@@H](O)CC(=O)NC1(C(=O)OC)CCCC1,54320219_14585673
0.34615384615384615,COC(=O)[C@@H](O)CC(=O)Nc1cnc(C#N)cc1C,72231318_14585673
0.31645569620253167,COC(=O)[C@@H](O)CC(=O)NC1(c2nncs2)CC1,95094248_14585673
0.5072463768115942,CNC(C)(C)C(=O)Nc1nncc2ccccc12,20984652_403027
0.45454545454545453,Cc1ccncc1C(=O)Nc1nncc2ccccc12,20984652_2582042
0.2898550724637681,CC[C@@H](NC(=O)C[C@H](O)C(=O)OC)C(=O)OC,35186322_14585673
0.39436619718309857,COC(=O)[C@@H](O)CC(=O)Nc1c(C)cnn1C,19090099_14585673
0.5492957746478874,O=C(CCOCCO)Nc1nncc2ccccc12,20984652_19870479
0.5131578947368421,C[C@@H]1C[C@@H](CC(=O)Nc2nncc3ccccc23)CN1,20984652_220040212
0.3466666666666667,COC(=O)[C@@H](O)CC(=O)Nc1ccsc1C(C)C,39118722_14585673
0.2857142857142857,COC[C@H](C)NC(=O)C[C@H](O)C(=O)OC,2572631_14585673
0.36363636363636365,COC(=O)[C@@H](O)CC(=O)Nc1cnc(C)nc1OC,39053140_14585673
0.5633802816901409,CC(C)N(C)CCC(=O)Nc1nncc2ccccc12,20984652_19092838
0.4,COC(=O)[C@@H](O)CC(=O)Nc1nc(=O)[nH]cc1C,394712_14585673
0.4246575342465753,COC(=O)[C@@H](O)CC(=O)Nc1ncc(Cl)nc1C,95642651_14585673
0.5555555555555556,C[C@H](N)C(=O)NCC(=O)Nc1nncc2ccccc12,20984652_1888744
0.5205479452054794,CO[C@@H](CCN)C(=O)Nc1nncc2ccccc12,20984652_82776002
0.5068493150684932,CC[C@H](C)[C@@H](N)C(=O)Nc1nncc2ccccc12,20984652_388314
0.5909090909090909,CC(=O)CCC(=O)Nc1nncc2ccccc12,20984652_586584
0.5068493150684932,N[C@H](CCCO)C(=O)Nc1nncc2ccccc12,20984652_2035153
0.4722222222222222,N#CC(F)(F)C(=O)Nc1nncc2ccccc12,20984652_131740639
0.4594594594594595,O=C(Nc1nncc2ccccc12)c1nccnn1,20984652_20357932
0.5205479452054794,CCCO[C@H](C)C(=O)Nc1nncc2ccccc12,20984652_34305439
0.34146341463414637,COC(=O)[C@@H](O)CC(=O)NCc1cc2ccccc2[nH]1,2558366_14585673
0.4358974358974359,O=C(Nc1nncc2ccccc12)c1cncc(=O)[nH]1,20984652_22000491
0.6323529411764706,CC[C@@H](CN)CC(=O)Nc1nncc2ccccc12,20984652_26376874
0.4666666666666667,Cn1cnc(C(=O)Nc2nncc3ccccc23)n1,20984652_40448574
0.5,CN[C@@H](C(=O)Nc1nncc2ccccc12)C(C)(C)O,20984652_71774074
0.5,CC[C@H](C)[C@@H](NC)C(=O)Nc1nncc2ccccc12,20984652_163157
0.527027027027027,CN(CC(=O)Nc1nncc2ccccc12)C1CCC1,20984652_83119875
0.3048780487804878,COC(=O)[C@@H](O)CC(=O)N[C@H]1CCc2ccccc21,1484813_14585673
0.5135135135135135,O=C(Cn1cccn1)Nc1nncc2ccccc12,20984652_3132236
0.5285714285714286,CSC[C@@H](C)C(=O)Nc1nncc2ccccc12,20984652_34128013
0.5,N=C(O)N[C@@H](O)C(=O)Nc1nncc2ccccc12,20984652_94437740
0.3125,COC(=O)[C@@H](O)CC(=O)NCc1cncc(OC)n1,78725128_14585673
0.4,COC(=O)[C@@H](O)CC(=O)Nc1noc2cccc(C)c12,82046615_14585673
0.4722222222222222,O=C(Nc1nncc2ccccc12)c1cccs1,20984652_157468
0.35064935064935066,COC(=O)[C@@H](O)CC(=O)Nc1cncc(Cl)c1C,3881110_14585673
0.5571428571428572,CN(C=O)CC(=O)Nc1nncc2ccccc12,20984652_36437485
0.38961038961038963,COC(=O)[C@@H](O)CC(=O)Nc1ncc(F)cc1C#N,35327680_14585673
0.582089552238806,C/C=C/CC(=O)Nc1nncc2ccccc12,20984652_2037375
0.5277777777777778,CCC(=O)N[C@@H](C)C(=O)Nc1nncc2ccccc12,20984652_1560908
0.5555555555555556,CC[C@@H](N)CCC(=O)Nc1nncc2ccccc12,20984652_5925575
0.6190476190476191,CCCC(=O)Nc1nncc2ccccc12,20984652_895132
0.28735632183908044,COC(=O)[C@@H](O)CC(=O)N[C@H]1CNc2ccccc2C1,4202456_14585673
0.5131578947368421,Cc1nccn1CC(=O)Nc1nncc2ccccc12,20984652_19702780
0.3037974683544304,COC(=O)[C@@H](O)CC(=O)N[C@H](C)c1cnn(C)c1,11920336_14585673
0.36,COC(=O)[C@@H](O)CC(=O)Nc1ccc(OC)c(C)c1,1847720_14585673
0.4594594594594595,O=C(Nc1nncc2ccccc12)c1ccoc1,20984652_158556
0.5428571428571428,C[C@@H](O)[C@@](C)(N)C(=O)Nc1nncc2ccccc12,20984652_2388162
0.36,COC(=O)[C@@H](O)CC(=O)Nc1cccc(F)c1C,407040_14585673
0.43037974683544306,N#Cc1cnc(C(=O)Nc2nncc3ccccc23)cn1,20984652_82408714
0.4473684210526316,Nc1nc(C(=O)Nc2nncc3ccccc23)cs1,20984652_4202305
0.4605263157894737,Cc1cnc(C(=O)Nc2nncc3ccccc23)n1C,20984652_82837824
0.3815789473684211,COC(=O)[C@@H](O)CC(=O)Nc1cccc(N(C)C)n1,82707686_14585673
0.35064935064935066,COC(=O)[C@@H](O)CC(=O)Nc1cc(C)nn1C(C)C,4235021_14585673
0.46153846153846156,CCc1nocc1C(=O)Nc1nncc2ccccc12,20984652_82410139
0.34615384615384615,COC(=O)[C@@H](O)CC(=O)Nc1cc(C)nc(CO)n1,62701775_14585673
0.5555555555555556,C[C@@](CN)(CO)CC(=O)Nc1nncc2ccccc12,20984652_95533154
0.4935064935064935,O=C(CCn1cccn1)Nc1nncc2ccccc12,20984652_814061
0.47297297297297297,Cc1nsc(C(=O)Nc2nncc3ccccc23)n1,20984652_59771410
0.3466666666666667,COC(=O)[C@@H](O)CC(=O)Nc1cc(C)ncn1,3123182_14585673
0.4430379746835443,C[C@@H]1C=CCC[C@@H]1C(=O)Nc1nncc2ccccc12,20984652_3641954
0.5833333333333334,N[C@H](CC(=O)Nc1nncc2ccccc12)C1CCC1,20984652_26896311
0.5285714285714286,CC[C@H](C(=O)Nc1nncc2ccccc12)C(C)C,20984652_2578869
0.358974358974359,CCOc1ccnc(NC(=O)C[C@H](O)C(=O)OC)n1,6411375_14585673
0.3466666666666667,COC(=O)[C@@H](O)CC(=O)Nc1nc(C)nc(OC)n1,193078_14585673
0.35365853658536583,COC(=O)[C@@H](O)CC(=O)Nc1ccc2cnn(C)c2c1,369515_14585673
0.3170731707317073,CCCn1cnnc1CNC(=O)C[C@H](O)C(=O)OC,19090036_14585673
0.35802469135802467,COC(=O)[C@@H](O)CC(=O)Nc1cnc2[nH]c(C)cc2c1,44137496_14585673
0.4605263157894737,Cc1cn(C)c(C(=O)Nc2nncc3ccccc23)n1,20984652_82837823
0.4935064935064935,O=C(CCc1ccon1)Nc1nncc2ccccc12,20984652_20417434
0.4657534246575342,O=C(Nc1nncc2ccccc12)c1ccc(O)s1,20984652_165170119
0.3918918918918919,COC(=O)c1[nH]cnc1NC(=O)C[C@H](O)C(=O)OC,17419483_14585673
0.379746835443038,C#Cc1c[nH]c(=O)nc1NC(=O)C[C@H](O)C(=O)OC,45787276_14585673
0.44871794871794873,O=C(Nc1nncc2ccccc12)c1ncncc1F,20984652_230539904
0.5138888888888888,C[C@H]([C@H](C)O)[C@H](N)C(=O)Nc1nncc2ccccc12,20984652_5759723
0.4533333333333333,O=C(Nc1nncc2ccccc12)c1[nH]ccc1Cl,20984652_43199174
0.35443037974683544,COC(=O)[C@@H](O)CC(=O)Nc1cccc2[nH]ccc12,153904_14585673
0.43037974683544306,N#Cc1ccc(C(=O)Nc2nncc3ccccc23)cn1,20984652_1495010
0.358974358974359,CCOc1nccc(NC(=O)C[C@H](O)C(=O)OC)n1,330953_14585673
0.5285714285714286,C[C@@H](O)[C@](C)(O)C(=O)Nc1nncc2ccccc12,20984652_1731110
0.3333333333333333,COC(=O)[C@@H](O)CC(=O)Nc1ccnc2c(C)cnn12,84426519_14585673
0.26666666666666666,CCCC[C@H](NC(=O)C[C@H](O)C(=O)OC)C(=O)OC,55157322_14585673
0.5217391304347826,NC(=O)[C@H](O)[C@H](O)C(=O)Nc1nncc2ccccc12,20984652_95532190
0.5633802816901409,CC(=O)[C@H](C)CCC(=O)Nc1nncc2ccccc12,20984652_4794106
0.4657534246575342,Nc1ccc(C(=O)Nc2nncc3ccccc23)cc1,20984652_920
0.6,CN(C)CC(=O)Nc1nncc2ccccc12,20984652_895466
0.45,CCc1ocnc1C(=O)Nc1nncc2ccccc12,20984652_19090363
0.4868421052631579,C=C(C)CC[C@H](C)C(=O)Nc1nncc2ccccc12,20984652_60046668
0.3783783783783784,COC(=O)[C@@H](O)CC(=O)Nc1ccc(CO)nc1,21985574_14585673
0.6615384615384615,C[C@H](CN)CC(=O)Nc1nncc2ccccc12,20984652_13818301
0.34146341463414637,COC(=O)[C@@H](O)CC(=O)Nc1cncc2n[nH]cc12,115623081_14585673
0.3684210526315789,COC(=O)[C@@H](O)CC(=O)Nc1cccnc1CO,21985292_14585673
0.33766233766233766,COC(=O)[C@@H](O)CC(=O)N[C@@H](C)c1ccnnc1,83591679_14585673
0.38461538461538464,COC(=O)[C@@H](O)CC(=O)Nc1cccc2cccnc12,105176_14585673
0.4166666666666667,COC(=O)[C@@H](O)CC(=O)Nc1cnnc(Cl)c1,34225738_14585673
0.5205479452054794,O=C(Cc1cnc[nH]1)Nc1nncc2ccccc12,20984652_19735138
0.5492957746478874,CCCSCC(=O)Nc1nncc2ccccc12,20984652_2017826
0.5142857142857142,CC(C)[C@H](C(=O)Nc1nncc2ccccc12)[C@@H](C)N,20984652_113966807
0.4142857142857143,COC(=O)[C@@H](O)CC(=O)Nc1nc[nH]c1C,39372185_14585673
0.5555555555555556,CC(C)CCCCC(=O)Nc1nncc2ccccc12,20984652_2584579
0.5205479452054794,C=C(C)C[C@H](N)C(=O)Nc1nncc2ccccc12,20984652_2046241
0.43661971830985913,COC(=O)[C@@H](O)CC(=O)Nc1ncccc1C,402702_14585673
0.30864197530864196,COC(=O)[C@@H](O)CC(=O)N[C@H](C)Cc1nncn1C,54497585_14585673
0.6,C=C(C)CC(=O)Nc1nncc2ccccc12,20984652_5853538
0.35135135135135137,COC(=O)[C@@H](O)CC(=O)NCC(=O)c1ccccc1,53194795_14585673
0.5441176470588235,C[C@H](N)[C@@H](O)C(=O)Nc1nncc2ccccc12,20984652_13352867
0.547945205479452,COCCNCCC(=O)Nc1nncc2ccccc12,20984652_20303492
0.34615384615384615,COCc1cccc(NC(=O)C[C@H](O)C(=O)OC)c1,19398609_14585673
0.5428571428571428,O=C(C[C]1[CH][CH][CH][CH]1)Nc1nncc2ccccc12,20984652_100506569
0.34210526315789475,COC(=O)[C@@H](O)CC(=O)Nc1ccc(C2(C)CC2)cc1,88189516_14585673
0.5066666666666667,N[C@@H]1CCC[C@H]1CC(=O)Nc1nncc2ccccc12,20984652_4202469
0.37142857142857144,COC(=O)[C@@H](O)CC(=O)Nc1nsc(Cl)n1,17061322_14585673
0.34146341463414637,COC(=O)[C@@H](O)CC(=O)NCc1cc2ccccc2o1,19486302_14585673
0.5405405405405406,CC[C@@H](C)CCCC(=O)Nc1nncc2ccccc12,20984652_2578915
0.547945205479452,CC(C)(N)COCC(=O)Nc1nncc2ccccc12,20984652_74526226
0.4666666666666667,Cn1ncc(C(=O)Nc2nncc3ccccc23)n1,20984652_82522260
0.5135135135135135,O=C(Cn1cnnn1)Nc1nncc2ccccc12,20984652_967442
0.5285714285714286,CN[C@H](C(=O)Nc1nncc2ccccc12)[C@@H](C)O,20984652_2389623
0.6515151515151515,C[C@H](CC(=O)Nc1nncc2ccccc12)C(N)=O,20984652_77260149
0.5882352941176471,C[S@](=O)CCC(=O)Nc1nncc2ccccc12,20984652_37921892
0.5416666666666666,CC1(CC(=O)Nc2nncc3ccccc23)COC1,20984652_74938381
0.5135135135135135,CCOC[C@H](C)C(=O)Nc1nncc2ccccc12,20984652_10715412
0.5571428571428572,NC(=O)COCC(=O)Nc1nncc2ccccc12,20984652_2555912
0.45454545454545453,Cn1nc(C(=O)Nc2nncc3ccccc23)cc1N,20984652_12399026
0.4225352112676056,COC(=O)[C@@H](O)CC(=O)Nc1ncncc1C,39053455_14585673
0.5416666666666666,NC(=O)[C@H](N)CCC(=O)Nc1nncc2ccccc12,20984652_2560808
0.3333333333333333,COCCn1cc(NC(=O)C[C@H](O)C(=O)OC)cn1,11920295_14585673
0.46153846153846156,COc1cc(C(=O)Nc2nncc3ccccc23)on1,20984652_1567451
0.5068493150684932,CC(C)[C@@](N)(CO)C(=O)Nc1nncc2ccccc12,20984652_4282938
0.4473684210526316,Nc1ccoc1C(=O)Nc1nncc2ccccc12,20984652_82046518
0.5970149253731343,CC(C)CCC(=O)Nc1nncc2ccccc12,20984652_391113
0.35365853658536583,COC(=O)[C@@H](O)CC(=O)Nc1nc2cccc(C)n2n1,71864233_14585673
0.5066666666666667,COCCO[C@H](C)C(=O)Nc1nncc2ccccc12,20984652_19431294
0.2857142857142857,COC(=O)[C@@H](O)CC(=O)NCC(=O)C(C)C,39642507_14585673
0.3333333333333333,COC(=O)[C@@H](O)CC(=O)NCc1ccccc1C1CC1,17938966_14585673
0.578125,C[C@H](O)C(=O)Nc1nncc2ccccc12,20984652_4658560
0.35135135135135137,COC(=O)[C@@H](O)CC(=O)NCCc1ccccc1,6579654_14585673
0.4864864864864865,CO[C@H]1C[C@H](C(=O)Nc2nncc3ccccc23)C1,20984652_102237478
0.3037974683544304,COC(=O)[C@@H](O)CC(=O)NC[C@H](O)c1ccsc1,21949496_14585673
0.36,COC(=O)[C@@H](O)CC(=O)Nc1c[n+](C(C)C)no1,3641707_14585673
0.34210526315789475,COC(=O)[C@@H](O)CC(=O)Nc1ccc(Cl)cc1F,409384_14585673
0.5507246376811594,N=CNCC(=O)Nc1nncc2ccccc12,20984652_1529507
0.5135135135135135,O=C(Cc1cc[nH]c1)Nc1nncc2ccccc12,20984652_1646567
0.358974358974359,COC(=O)[C@@H](O)CC(=O)Nc1ccc(CC#N)nc1,72231321_14585673
0.5882352941176471,CC(C)(C)OCC(=O)Nc1nncc2ccccc12,20984652_1494964
0.35,COC(=O)[C@@H](O)CC(=O)Nc1ccnc(C2CC2)n1,18887656_14585673
0.5205479452054794,NCCNCCC(=O)Nc1nncc2ccccc12,20984652_37637351
0.5138888888888888,CO[C@H](C)[C@H](N)C(=O)Nc1nncc2ccccc12,20984652_1700276
0.2702702702702703,COCC[C@@H](NC(=O)C[C@H](O)C(=O)OC)C(=O)OC,52786568_14585673
0.59375,NCCC(=O)Nc1nncc2ccccc12,20984652_4658555
0.32051282051282054,COC(=O)[C@@H](O)CC(=O)NCC(=O)c1ccc[nH]1,37624343_14585673
0.3684210526315789,COC(=O)[C@@H](O)CC(=O)Nc1cnc(Cl)nc1C,1764830_14585673
0.5,NCC(=O)C[C@@H](N)C(=O)Nc1nncc2ccccc12,20984652_79124483
0.5217391304347826,C[C@H](N)[C@@H](C)C(=O)Nc1nncc2ccccc12,20984652_38433622
0.31645569620253167,COC(=O)[C@@H](O)CC(=O)NCc1cccc(CO)c1,36949454_14585673
0.4868421052631579,C[C@H](CNC(=N)O)C(=O)Nc1nncc2ccccc12,20984652_94437771
0.4935064935064935,CCNCC[C@@H](N)C(=O)Nc1nncc2ccccc12,20984652_28212094
0.5492957746478874,N#CCCCC(=O)Nc1nncc2ccccc12,20984652_2007528
0.5555555555555556,CS[C@@H](C)CCC(=O)Nc1nncc2ccccc12,20984652_50955987
0.3888888888888889,CCc1ccccc1NC(=O)C[C@H](O)C(=O)OC,1690957_14585673
0.3466666666666667,COC(=O)[C@@H](O)CC(=O)N[C@H](C)[C@@H](C)c1ccccc1,1670064_14585673
0.639344262295082,CCC(=O)Nc1nncc2ccccc12,20984652_6050663
0.36486486486486486,COC(=O)[C@@H](O)CC(=O)Nc1ccsc1OC,59452488_14585673
0.3291139240506329,COC(=O)[C@@H](O)CC(=O)NCCCCc1ccccc1,2567989_14585673
0.41975308641975306,N#Cc1cn[nH]c1C(=O)Nc1nncc2ccccc12,20984652_1392195
0.3493975903614458,COC(=O)[C@@H](O)CC(=O)Nc1cc(C)nc2ccnn12,40442717_14585673
0.3170731707317073,CCCCn1nnc(NC(=O)C[C@H](O)C(=O)OC)n1,6636086_14585673
0.5135135135135135,CC(=O)CC[C@@H](N)C(=O)Nc1nncc2ccccc12,20984652_895892
0.47297297297297297,Cc1nc(C)c(C(=O)Nc2nncc3ccccc23)o1,20984652_49538676
0.46153846153846156,CCc1ccoc1C(=O)Nc1nncc2ccccc12,20984652_38350083
0.3698630136986301,COC(=O)[C@@H](O)CC(=O)Nc1cnn(C)c1C,2578432_14585673
0.5441176470588235,CC(C)(O)[C@@H](O)C(=O)Nc1nncc2ccccc12,20984652_901906
0.6231884057971014,CCS[C@H](C)CC(=O)Nc1nncc2ccccc12,20984652_2033562
0.52,CCCC/C=C/CC(=O)Nc1nncc2ccccc12,20984652_2037383
0.5135135135135135,NC1(CC(=O)Nc2nncc3ccccc23)CCCC1,20984652_12953669
0.2597402597402597,COC(=O)[C@@H](O)CC(=O)NCCC1(C(=O)O)CC1,4202472_14585673
0.3055555555555556,COC(=O)[C@@H](O)CC(=O)NC[C@H](OC)C(F)(F)F,37169895_14585673
0.3684210526315789,COC(=O)[C@@H](O)CC(=O)Nc1cncc(OC)c1C,35270426_14585673
0.5135135135135135,Nc1cnn(CC(=O)Nc2nncc3ccccc23)c1,20984652_2537419
0.36,COC(=O)[C@@H](O)CC(=O)Nc1cc(C(C)(C)F)no1,44138203_14585673
0.33783783783783783,COC(=O)[C@@H](O)CC(=O)NCc1ccncc1,158598_14585673
0.36,COC(=O)[C@@H](O)CC(=O)NCc1cnn(C)c1,32356_14585673
0.5277777777777778,CC(C)(C)C[C@H](N)C(=O)Nc1nncc2ccccc12,20984652_391810
0.5217391304347826,N[C@@H](CO)C(=O)Nc1nncc2ccccc12,20984652_895034
0.37333333333333335,COC(=O)[C@@H](O)CC(=O)Nc1ccc(SC)nc1,19951408_14585673
0.48,Cc1c(C(=O)Nc2nncc3ccccc23)ncn1C,20984652_66354495
0.4533333333333333,O=C(Nc1nncc2ccccc12)c1ccc(O)nc1,20984652_8576188
0.5138888888888888,C[C@H]([C@H](N)C(=O)Nc1nncc2ccccc12)[C@@H](C)O,20984652_1608541
0.4,COC(=O)[C@@H](O)CC(=O)Nc1ncc(CO)c(C)n1,20358120_14585673
0.34615384615384615,COC(=O)[C@@H](O)CC(=O)N[C@H](C)c1cccc(F)n1,104520705_14585673
0.32926829268292684,COC(=O)[C@@H](O)CC(=O)Nc1cnc(OC)c(C#N)c1,37759228_14585673
0.4666666666666667,O=C(Nc1nncc2ccccc12)c1coc(F)n1,20984652_44184990
0.5285714285714286,CC(C)O[C@H](C)C(=O)Nc1nncc2ccccc12,20984652_12137163
0.3698630136986301,COC(=O)[C@@H](O)CC(=O)Nc1cccc(=O)[nH]1,14982071_14585673
0.5,NCC(=O)C[C@H](N)C(=O)Nc1nncc2ccccc12,20984652_79124480
0.3815789473684211,CCCNc1nonc1NC(=O)C[C@H](O)C(=O)OC,2279415_14585673
0.46153846153846156,COc1c[nH]c(C(=O)Nc2nncc3ccccc23)c1,20984652_1721179
0.547945205479452,C[C@H](C#N)CCC(=O)Nc1nncc2ccccc12,20984652_34016751
0.34177215189873417,CNCc1cccc(NC(=O)C[C@H](O)C(=O)OC)c1,2558205_14585673
0.36,COC(=O)[C@@H](O)CC(=O)Nc1cccc(O)c1F,66309395_14585673
0.4857142857142857,O=C(Nc1nncc2ccccc12)[c-]1cccc1,20984652_59064373
0.3493975903614458,COC(=O)[C@@H](O)CC(=O)Nc1ccc2nn(C)cc2c1,1406466_14585673
0.3493975903614458,COC(=O)[C@@H](O)CC(=O)NCc1n[nH]c2ccccc12,24553243_14585673
0.4666666666666667,Cc1cc(C(=O)Nc2nncc3ccccc23)on1,20984652_389129
0.36,COC(=O)[C@@H](O)CC(=O)Nc1cc(OC)n(C)n1,95883747_14585673
0.3684210526315789,COC(=O)[C@@H](O)CC(=O)Nc1nccc(OC)n1,332004_14585673
0.3246753246753247,COC(=O)[C@@H](O)CC(=O)Nc1cc(F)cc(OC)c1,2555192_14585673
0.35135135135135137,CCc1ccccc1CNC(=O)C[C@H](O)C(=O)OC,39256405_14585673
0.46153846153846156,CO[C@H]1CCC[C@@H]1C(=O)Nc1nncc2ccccc12,20984652_62759122
0.5205479452054794,C[C@H](CC(C)(C)N)C(=O)Nc1nncc2ccccc12,20984652_40544555
0.5714285714285714,C[C@@H](N)C(C)(C)CC(=O)Nc1nncc2ccccc12,20984652_72208362
0.2916666666666667,COC(=O)[C@@H](O)CC(=O)NC[C@H](C)C[C@@H](C)O,68577332_14585673
0.4473684210526316,Nc1ncc(C(=O)Nc2nncc3ccccc23)[nH]1,20984652_32194953
0.5064935064935064,C[C@@]1(CC(=O)Nc2nncc3ccccc23)CCCN1,20984652_228975277
0.3783783783783784,COC(=O)[C@@H](O)CC(=O)Nc1ccccc1N(C)C,1840993_14585673
0.3835616438356164,COC(=O)[C@@H](O)CC(=O)Nc1ccccc1[C@@H](C)O,5141755_14585673
0.2962962962962963,COC(=O)[C@@H](O)CC(=O)N[C@@H](C)c1cncc(F)c1,44463353_14585673
0.3783783783783784,COC(=O)[C@@H](O)CC(=O)Nc1cnccc1F,90411772_14585673
0.5352112676056338,CCC[C@H](N)C(=O)Nc1nncc2ccccc12,20984652_391821
0.4230769230769231,COC(=O)[C@@H](O)CC(=O)Nc1nc(C)nc2[nH]ncc12,4353371_14585673
0.3611111111111111,COC(=O)[C@@H](O)CC(=O)Nc1nccs1,8579603_14585673
0.44155844155844154,N[C@@H]1CSC[C@H]1C(=O)Nc1nncc2ccccc12,20984652_107218563
0.32098765432098764,COC(=O)[C@@H](O)CC(=O)NCCCc1ccnnc1,225756283_14585673
0.3466666666666667,CCc1nc(NC(=O)C[C@H](O)C(=O)OC)sc1C,4414569_14585673
0.41333333333333333,COC(=O)[C@@H](O)CC(=O)Nc1cc2ccccc2[nH]1,2576352_14585673
0.32,COC(=O)[C@@H](O)CC(=O)N[C@@H](C)c1c(C)cccc1C,39952068_14585673
0.5352112676056338,NCCC(=O)NCC(=O)Nc1nncc2ccccc12,20984652_1575546
0.5555555555555556,C[C@H](CCC(=O)Nc1nncc2ccccc12)N(C)C,20984652_20439343
0.5070422535211268,C[C@H](F)[C@H](N)C(=O)Nc1nncc2ccccc12,20984652_1556411
0.3333333333333333,COC(=O)[C@@H](O)CC(=O)N[C@@H]1C[C@@H]1c1ccccc1,1639567_14585673
0.44155844155844154,O=C(Nc1nncc2ccccc12)c1cnccc1O,20984652_8672850
0.35365853658536583,COC(=O)[C@@H](O)CC(=O)Nc1ccc2[nH]ncc2c1,152290_14585673
0.3815789473684211,COC(=O)[C@@H](O)CC(=O)Nc1cccc(C(F)F)n1,211794520_14585673
0.5217391304347826,C[C@H](N)[C@@H](N)C(=O)Nc1nncc2ccccc12,20984652_95483611
0.5352112676056338,CC[C@@](C)(O)[C@H](O)C(=O)Nc1nncc2ccccc12,20984652_895979
0.4533333333333333,O=C(Nc1nncc2ccccc12)c1cnccn1,20984652_1081066
0.5352112676056338,C[C@H](CC(C)(C)C)C(=O)Nc1nncc2ccccc12,20984652_6036131
0.39705882352941174,COC(=O)[C@@H](O)CC(=O)Nc1cc(C)nc(C)c1,331934_14585673
0.47297297297297297,Cc1csc(C(=O)Nc2nncc3ccccc23)n1,20984652_11764179
0.4358974358974359,N#Cc1ccc(C(=O)Nc2nncc3ccccc23)[nH]1,20984652_72338653
0.5066666666666667,COCCO[C@@H](C)C(=O)Nc1nncc2ccccc12,20984652_19431292
0.5571428571428572,CCNCCC(=O)Nc1nncc2ccccc12,20984652_13357318
0.2839506172839506,CCc1ccsc1CNC(=O)C[C@H](O)C(=O)OC,42411152_14585673
0.3333333333333333,COC(=O)[C@@H](O)CC(=O)N[C@@H]1CC[C@H]1c1ccccc1,68575781_14585673
0.27380952380952384,COCc1ocnc1CNC(=O)C[C@H](O)C(=O)OC,82631609_14585673
0.34146341463414637,COC(=O)[C@@H](O)CC(=O)Nc1cccn2ccnc12,34551954_14585673
0.5205479452054794,CC(C)CC[C@H](N)C(=O)Nc1nncc2ccccc12,20984652_1672985
0.4666666666666667,Cc1[nH]ccc1C(=O)Nc1nncc2ccccc12,20984652_1574411
0.35526315789473684,COC(=O)[C@@H](O)CC(=O)Nc1cn(C(F)F)nn1,685951193_14585673
0.4657534246575342,O=C(Nc1nncc2ccccc12)c1cn[nH]n1,20984652_4876871
0.37037037037037035,COC(=O)[C@@H](O)CC(=O)Nc1cccn2cnnc12,1705761_14585673
0.5211267605633803,CC(C)[C@@H](CN)C(=O)Nc1nncc2ccccc12,20984652_34743467
0.5138888888888888,CCC[C@@H](CC)C(=O)Nc1nncc2ccccc12,20984652_5648717
0.5352112676056338,CC[C@@](C)(O)[C@@H](O)C(=O)Nc1nncc2ccccc12,20984652_895982
0.4675324675324675,C[C@@](N)(CCCN)C(=O)Nc1nncc2ccccc12,20984652_3871491
0.6515151515151515,CS[C@H](C)CC(=O)Nc1nncc2ccccc12,20984652_5751156
0.582089552238806,CCCCC(=O)Nc1nncc2ccccc12,20984652_31500905
0.45,CO[C@H]1CN[C@@H](C(=O)Nc2nncc3ccccc23)C1,20984652_14507950
0.40540540540540543,COC(=O)[C@@H](O)CC(=O)Nc1ncc(Cl)cc1F,16158481_14585673
0.36,CNCc1cnc(NC(=O)C[C@H](O)C(=O)OC)nc1,42384002_14585673
0.4868421052631579,CCc1ccc(C(=O)Nc2nncc3ccccc23)[nH]1,20984652_76819524
0.4305555555555556,COC(=O)[C@@H](O)CC(=O)Nc1nccc(F)c1F,307327660_14585673
0.29411764705882354,COC(=O)[C@@H](O)CC(=O)NCc1cnn(C2CC2)c1,213584038_14585673
0.31645569620253167,COC(=O)[C@@H](O)CC(=O)N[C@@H](C)c1ccc(C)nc1,13378664_14585673
0.5571428571428572,CCCC(=O)NCC(=O)Nc1nncc2ccccc12,20984652_5509432
0.48,C[C@H](C(=O)Nc1nncc2ccccc12)N1CCCC1,20984652_811646
0.30952380952380953,COC(=O)[C@@H](O)CC(=O)N[C@H](c1cccnc1)C1CC1,17786902_14585673
0.44871794871794873,Cc1ncncc1C(=O)Nc1nncc2ccccc12,20984652_13561578
0.36,COC(=O)[C@@H](O)CC(=O)Nc1c(C)cncc1F,39116678_14585673
0.4050632911392405,COC(=O)[C@@H](O)CC(=O)Nc1ncnc2cc[nH]c12,1575342_14585673
0.33766233766233766,COCc1nnc(NC(=O)C[C@H](O)C(=O)OC)s1,1076074_14585673
0.37333333333333335,C#Cc1ccc(NC(=O)C[C@H](O)C(=O)OC)nn1,217470493_14585673
0.5142857142857142,CC(C)N[C@@H](C)C(=O)Nc1nncc2ccccc12,20984652_21952400
0.32051282051282054,COC(=O)[C@@H](O)CC(=O)NCc1cccc(F)c1,152271_14585673
0.5211267605633803,CSC[C@H](N)C(=O)Nc1nncc2ccccc12,20984652_3861771
0.3333333333333333,COC(=O)[C@@H](O)CC(=O)Nc1cnn(CC#N)c1,19810571_14585673
0.34615384615384615,COC(=O)[C@@H](O)CC(=O)Nc1ncc(OC)c(=O)[nH]1,8462129_14585673
0.2926829268292683,CCC[C@H](NC(=O)C[C@H](O)C(=O)OC)c1nn[nH]n1,40397342_14585673
0.3783783783783784,COC(=O)[C@@H](O)CC(=O)Nc1ccc([C@@H](C)O)cn1,72225123_14585673
0.30864197530864196,COC(=O)[C@@H](O)CC(=O)N[C@@H](C)c1nc(=O)cc[nH]1,71024797_14585673
0.4594594594594595,O=C(Nc1nncc2ccccc12)c1cnon1,20984652_1295964
0.34615384615384615,COC(=O)[C@@H](O)CC(=O)NCc1cc(C)cnn1,95743290_14585673
0.527027027027027,CCC/C=C\CCC(=O)Nc1nncc2ccccc12,20984652_33820274
0.36486486486486486,COC(=O)[C@@H](O)CC(=O)Nc1cc(C)c(C)nn1,54931020_14585673
0.5416666666666666,CN(CC(=O)Nc1nncc2ccccc12)C(=N)N,20984652_3861770
0.3,COC(=O)[C@@H](O)CC(=O)NCc1c(O)cccc1F,44250300_14585673
0.3466666666666667,COC(=O)[C@@H](O)CC(=O)N[C@H](CF)c1ccccc1,20285796_14585673
0.35365853658536583,COC(=O)[C@@H](O)CC(=O)Nc1ncc2ccn(C)c2n1,82408761_14585673
0.38271604938271603,COC(=O)[C@@H](O)CC(=O)Nc1nccn2cnnc12,17107276_14585673
0.3125,COC(=O)[C@@H](O)CC(=O)NC[C@H](O)c1cnn(C)c1,20216669_14585673
0.45569620253164556,C[C@@H](C(=O)Nc1nncc2ccccc12)c1ncc[nH]1,20984652_82410341
0.35802469135802467,COC(=O)[C@@H](O)CC(=O)Nc1cccc2c1ccn2C,12647963_14585673
0.3076923076923077,COC(=O)[C@@H](O)CC(=O)NCc1cc(C)no1,9355850_14585673
0.4794520547945205,O=C(Nc1nncc2ccccc12)c1cc[nH]n1,20984652_5324338
0.3493975903614458,COC(=O)[C@@H](O)CC(=O)Nc1cnc2onc(C)c2c1,12397068_14585673
0.32432432432432434,COC(=O)[C@@H](O)CC(=O)NCc1ncccn1,2529093_14585673
0.3125,COC(=O)[C@@H](O)CC(=O)NCCc1cccc(C)c1,1628281_14585673
0.3373493975903614,COC(=O)[C@@H](O)CC(=O)Nc1ccn(CCC#N)n1,39190034_14585673
0.6142857142857143,CC[C@@H](C)[C@H](N)CC(=O)Nc1nncc2ccccc12,20984652_170366
0.49295774647887325,C[C@H]1CC[C@H]1C(=O)Nc1nncc2ccccc12,20984652_39424473
0.5064935064935064,C[C@]1(CC(=O)Nc2nncc3ccccc23)CCCN1,20984652_228975289
0.5142857142857142,CC(C)[C@@H](C(=O)Nc1nncc2ccccc12)[C@@H](C)N,20984652_39115868
0.35526315789473684,COC(=O)[C@@H](O)CC(=O)Nc1ccn(C(F)F)n1,12397775_14585673
0.5277777777777778,CO[C@@H](CC(C)C)C(=O)Nc1nncc2ccccc12,20984652_96585179
0.582089552238806,CNCCC(=O)Nc1nncc2ccccc12,20984652_1841100
0.5205479452054794,COC[C@@H](C)[C@@H](C)C(=O)Nc1nncc2ccccc12,20984652_86338187
0.32098765432098764,CCn1cc(NC(=O)C[C@H](O)C(=O)OC)c(C#N)n1,2538937_14585673
0.4605263157894737,Cc1coc(C(=O)Nc2nncc3ccccc23)c1C,20984652_104730395
0.5571428571428572,CCN(CC)CCC(=O)Nc1nncc2ccccc12,20984652_404359
0.35365853658536583,COC(=O)[C@@H](O)CC(=O)Nc1ccc2nncn2n1,18555647_14585673
0.34210526315789475,COC(=O)[C@@H](O)CC(=O)Nc1ccc(OC)c(F)c1,389573_14585673
0.3466666666666667,CCc1cc(NC(=O)C[C@H](O)C(=O)OC)n[nH]1,12359712_14585673
0.5416666666666666,CCCNCCC(=O)Nc1nncc2ccccc12,20984652_13357321
0.35365853658536583,COC(=O)[C@@H](O)CC(=O)Nc1cc2cn[nH]c2cn1,18551756_14585673
0.4533333333333333,O=C(Nc1nncc2ccccc12)c1ccncn1,20984652_81626
0.527027027027027,C/C=C/CNCC(=O)Nc1nncc2ccccc12,20984652_2391049
0.4605263157894737,Cc1nc(C(=O)Nc2nncc3ccccc23)nn1C,20984652_82838194
0.4166666666666667,COC(=O)[C@@H](O)CC(=O)Nc1ncc(F)cc1Cl,91301654_14585673
0.5352112676056338,CCO[C@H](C)C(=O)Nc1nncc2ccccc12,20984652_19483797
0.5138888888888888,C[C@@H]([C@H](C)O)[C@H](N)C(=O)Nc1nncc2ccccc12,20984652_5759722
0.35443037974683544,COC(=O)[C@@H](O)CC(=O)Nc1ccccc1C1CCC1,72193183_14585673
0.44155844155844154,Nc1nscc1C(=O)Nc1nncc2ccccc12,20984652_22861807
0.44155844155844154,O=C(Nc1nncc2ccccc12)c1ccc(=O)[nH]n1,20984652_1087916
0.30120481927710846,COC(=O)[C@@H](O)CC(=O)NCCSc1nnc[nH]1,11851223_14585673
0.3375,CCOc1ncncc1NC(=O)C[C@H](O)C(=O)OC,39053115_14585673
0.4605263157894737,Cn1nc(O)cc1C(=O)Nc1nncc2ccccc12,20984652_75528339
0.35064935064935066,COC(=O)[C@@H](O)CC(=O)Nc1cc(OC)ncc1C,88189856_14585673
0.34177215189873417,COC(=O)[C@@H](O)CC(=O)NC[C@@H](C)c1ccccn1,37245838_14585673
0.5066666666666667,C[C@H](OCCN)C(=O)Nc1nncc2ccccc12,20984652_74494188
0.3125,COC(=O)[C@@H](O)CC(=O)NCCOc1ccncc1,38874888_14585673
0.582089552238806,CSCCC(=O)Nc1nncc2ccccc12,20984652_1531044
0.2894736842105263,COC(=O)[C@@H](O)CC(=O)NC[C@@H](CCO)CC(C)C,71790862_14585673
0.3466666666666667,COC(=O)[C@@H](O)CC(=O)NC(=N)Cc1ccccc1,331952_14585673
0.34146341463414637,COC(=O)[C@@H](O)CC(=O)Nc1ncc2cc(C)[nH]c2n1,230570210_14585673
0.26666666666666666,CCOC[C@@H](NC(=O)C[C@H](O)C(=O)OC)C(C)C,19735455_14585673
0.44871794871794873,NCc1nc(C(=O)Nc2nncc3ccccc23)c[nH]1,20984652_70453724
0.3698630136986301,COC(=O)[C@@H](O)CC(=O)Nc1cscc1OC,83428744_14585673
0.4,COC(=O)[C@@H](O)CC(=O)Nc1nccc(C)c1Cl,21981816_14585673
0.3924050632911392,COC(=O)[C@@H](O)CC(=O)Nc1ncnc2[nH]ncc12,13542589_14585673
0.34177215189873417,COC(=O)[C@@H](O)CC(=O)NC[C@H](C)c1ccccn1,37245835_14585673
0.4868421052631579,CO[C@H]1C[C@@](N)(C(=O)Nc2nncc3ccccc23)C1,20984652_585669949
0.5362318840579711,CC(=O)N[C@@H](C)C(=O)Nc1nncc2ccccc12,20984652_114134
0.45454545454545453,N[C@H](C(=O)Nc1nncc2ccccc12)c1ccco1,20984652_6059074
0.4594594594594595,O=C(Nc1nncc2ccccc12)c1cnoc1,20984652_13483537
0.34210526315789475,COC(=O)[C@@H](O)CC(=O)Nc1nc(=O)c(C)n[nH]1,9171147_14585673
0.4675324675324675,CCn1cccc1C(=O)Nc1nncc2ccccc12,20984652_14684345
0.5,CCCC[C@@H](C)C(=O)Nc1nncc2ccccc12,20984652_2037749
0.27631578947368424,CCOC(=O)C[C@@H](O)CNC(=O)C[C@H](O)C(=O)OC,1671855_14585673
0.3103448275862069,COC(=O)[C@@H](O)CC(=O)NCc1nc2cnccc2o1,82840131_14585673
0.32051282051282054,COC(=O)[C@@H](O)CC(=O)NCc1ccc(C)cc1C,1848473_14585673
0.4605263157894737,O=C(Nc1nncc2ccccc12)c1cc(F)c[nH]1,20984652_95740519
0.37333333333333335,COC(=O)[C@@H](O)CC(=O)Nc1ccc(C)c(Cl)n1,39050372_14585673
0.3333333333333333,COC(=O)[C@@H](O)CC(=O)N[C@H](C#N)c1cccnc1,19985756_14585673
0.4861111111111111,Cc1ccc(C(=O)Nc2nncc3ccccc23)cc1,20984652_330134
0.5507246376811594,NC1(CC(=O)Nc2nncc3ccccc23)CC1,20984652_34622952
0.3333333333333333,COC(=O)[C@@H](O)CC(=O)NC/C=C/c1ccccc1,2037916_14585673
0.4605263157894737,O=C1C=C[C@@H](C(=O)Nc2nncc3ccccc23)N=N1,20984652_198676913
0.5588235294117647,NCCCC(=O)Nc1nncc2ccccc12,20984652_1532620
0.4931506849315068,COC1(C(=O)Nc2nncc3ccccc23)CNC1,20984652_95743466
0.5362318840579711,C[C@@H](CN)C(=O)Nc1nncc2ccccc12,20984652_895531
0.45454545454545453,O=C(Nc1nncc2ccccc12)c1ccc(CO)o1,20984652_327584
0.4675324675324675,CC[C@]1(C)C=C(C(=O)Nc2nncc3ccccc23)C1,20984652_1535645344
0.358974358974359,COC(=O)[C@@H](O)CC(=O)Nc1ccc(C#N)nc1C,71864158_14585673
0.5441176470588235,C[C@@H](O)[C@@H](N)C(=O)Nc1nncc2ccccc12,20984652_895399
0.45454545454545453,Cn1cc(C(=O)Nc2nncc3ccccc23)[nH]c1=O,20984652_20439268
0.5714285714285714,CCOCCC(=O)Nc1nncc2ccccc12,20984652_1586414
0.35,COC(=O)[C@@H](O)CC(=O)Nc1ccc(C2CCC2)cn1,44120570_14585673
0.36,COC(=O)[C@@H](O)CC(=O)Nc1ncc(CO)s1,34407995_14585673
0.3218390804597701,COC(=O)[C@@H](O)CC(=O)NCc1c[nH]c2cnccc12,24780738_14585673
0.358974358974359,COC(=O)[C@@H](O)CC(=O)Nc1cccnc1N(C)C,20317402_14585673
0.5,Nc1nc(CC(=O)Nc2nncc3ccccc23)n[nH]1,20984652_2573009
0.3698630136986301,COC(=O)[C@@H](O)CC(=O)Nc1cscc1C(C)=O,242548009_14585673
0.4375,C[C@H]1NCCC[C@@H]1C(=O)Nc1nncc2ccccc12,20984652_2527161
0.6176470588235294,NC[C@@H](CO)CC(=O)Nc1nncc2ccccc12,20984652_38482053
0.5571428571428572,CCCNCC(=O)Nc1nncc2ccccc12,20984652_1687615
0.4675324675324675,Cn1cc(F)c(C(=O)Nc2nncc3ccccc23)n1,20984652_88189721
0.5138888888888888,CC(C)(C)[C@H](CN)C(=O)Nc1nncc2ccccc12,20984652_77028318
0.36585365853658536,COC(=O)[C@@H](O)CC(=O)Nc1cccc2ncc(C)n12,30677913_14585673
0.38028169014084506,COC(=O)[C@@H](O)CC(=O)Nc1csnn1,4945770_14585673
0.5405405405405406,C[C@@H](N)CCCCC(=O)Nc1nncc2ccccc12,20984652_34111248
