score,SMILES,Name
1.0,COC(=O)[C@H](O)CC(=O)Nc1nncc2ccccc12,20984652_14585674
0.5277777777777778,COC(=O)[C@H](O)CC(=O)Nc1cncc2ccccc12,332648_14585674
0.4230769230769231,COC(=O)[C@H](O)CC(=O)Nc1nc(C)nc2[nH]ncc12,4353371_14585674
0.4177215189873418,COC(=O)[C@H](O)CC(=O)Nc1cccc2cnccc12,154819_14585674
0.5714285714285714,COC(=O)[C@H](O)CC(=O)Nc1nccc2ccccc12,154817_14585674
1.0,COC(=O)[C@@H](O)CC(=O)Nc1nncc2ccccc12,20984652_14585673
0.71875,COC(=O)[C@@H](C)CC(=O)Nc1nncc2ccccc12,20984652_13511422
0.44285714285714284,COC(=O)[C@H](O)CC(=O)Nc1nc(F)ncc1F,3129093_14585674
0.71875,COC(=O)[C@H](C)CC(=O)Nc1nncc2ccccc12,20984652_13511425
0.4246575342465753,COC(=O)[C@H](O)CC(=O)Nc1nc(OC)ncc1F,37594085_14585674
0.7076923076923077,COC(=O)[C@@H](N)CC(=O)Nc1nncc2ccccc12,20984652_1709620
0.4444444444444444,COC(=O)[C@H](O)CC(=O)Nc1nnccc1C(=O)O,4202687_14585674
0.4305555555555556,COC(=O)[C@H](O)CC(=O)Nc1nc(OC)ccc1F,104393374_14585674
0.6666666666666666,C[C@H](O)[C@@H](N)CC(=O)Nc1nncc2ccccc12,20984652_4240317
0.48,COC(=O)[C@H](O)CC(=O)Nc1cnnc2ccccc12,331948_14585674
0.6818181818181818,COC[C@@H](O)CC(=O)Nc1nncc2ccccc12,20984652_78749377
0.6818181818181818,COC[C@H](O)CC(=O)Nc1nncc2ccccc12,20984652_78749373
0.3466666666666667,COC(=O)[C@H](O)CC(=O)Nc1ccc(OC)cc1F,2382629_14585674
0.7076923076923077,COC(=O)[C@H](N)CC(=O)Nc1nncc2ccccc12,20984652_2560988
0.4666666666666667,COC(=O)[C@H](O)CC(=O)Nc1nn(C)c2ccccc12,15020373_14585674
0.6666666666666666,CO[C@H](CN)CC(=O)Nc1nncc2ccccc12,20984652_84230414
0.3888888888888889,COC(=O)[C@H](O)CC(=O)Nc1ccc(OC)nc1,404286_14585674
0.3888888888888889,COC(=O)[C@H](O)CC(=O)Nc1cncc(OC)n1,8488296_14585674
0.6825396825396826,C[C@H](N)CC(=O)Nc1nncc2ccccc12,20984652_2034865
0.6875,CO[C@H](C)CC(=O)Nc1nncc2ccccc12,20984652_4794590
0.5970149253731343,COC[C@H](O)C(=O)Nc1nncc2ccccc12,20984652_39192220
0.463768115942029,COC(=O)[C@H](O)CC(=O)Nc1nnccc1C,21300847_14585674
0.5205479452054794,COC(=O)[C@H](O)CC(=O)Nc1nncc2occc12,225756693_14585674
0.6567164179104478,COC[C@H](C)CC(=O)Nc1nncc2ccccc12,20984652_53172984
0.5,COC(=O)[C@H](O)CC(=O)Nc1nncc2c1cnn2C,337147_14585674
0.3188405797101449,COC(=O)[C@H](O)CC(=O)N[C@H](CC(=O)O)C(=O)OC,2560988_14585674
0.4266666666666667,COC(=O)[C@H](O)CC(=O)Nc1cc2ccccc2s1,39242015_14585674
0.6142857142857143,C[C@@H](CC(=O)Nc1nncc2ccccc12)NC(=N)N,20984652_1681194
0.5135135135135135,O=C(Cc1cccnc1)Nc1nncc2ccccc12,20984652_152270
0.3698630136986301,COC(=O)[C@H](O)CC(=O)N[C@@H](C(C)=O)c1ccccc1,165129_14585674
0.43661971830985913,COC(=O)[C@H](O)CC(=O)Nc1nc(C)ccc1F,82835967_14585674
0.3181818181818182,COC(=O)[C@H](O)CNC(=O)C[C@@H](O)C(=O)OC,38212551_14585674
0.4246575342465753,CCc1ccc(C)nc1NC(=O)C[C@@H](O)C(=O)OC,5197379_14585674
0.4666666666666667,Cc1cc(C(=O)Nc2nncc3ccccc23)cnn1,20984652_82837056
0.4507042253521127,CCc1ccnnc1NC(=O)C[C@@H](O)C(=O)OC,91366093_14585674
0.4666666666666667,COC(=O)[C@H](O)CC(=O)Nc1ncnc2ccccc12,331945_14585674
0.5,O=C(Nc1nncc2ccccc12)c1ccccc1,20984652_1011
0.6875,CO[C@@H](C)CC(=O)Nc1nncc2ccccc12,20984652_397922
0.410958904109589,COC(=O)[C@H](O)CC(=O)Nc1cnnc(OC)c1,84312344_14585674
0.4507042253521127,COC(=O)[C@H](O)CC(=O)Nc1nc(Cl)ccc1F,82163103_14585674
0.6567164179104478,COC[C@@H](C)CC(=O)Nc1nncc2ccccc12,20984652_53172982
0.43661971830985913,COC(=O)[C@H](O)CC(=O)Nc1n[nH]ccc1=O,39118454_14585674
0.7049180327868853,CC(C)CC(=O)Nc1nncc2ccccc12,20984652_388188
0.5735294117647058,COC(=O)[C@H](OC)C(=O)Nc1nncc2ccccc12,20984652_34426530
0.4246575342465753,COC(=O)[C@H](O)CC(=O)Nc1nc(F)ccc1OC,307022617_14585674
0.4722222222222222,COC(=O)[C@H](O)CC(=O)Nc1cccc2ccccc12,1673028_14585674
0.463768115942029,COC(=O)[C@H](O)CC(=O)Nc1nnccc1Cl,117451708_14585674
0.5277777777777778,COC(=O)[C@H](O)CC(=O)Nc1nnnc2ccccc12,20981139_14585674
0.5205479452054794,O=C(Cc1ccnnc1)Nc1nncc2ccccc12,20984652_20417428
0.4657534246575342,O=C(Nc1nncc2ccccc12)c1cccnn1,20984652_1702762
0.6231884057971014,CCS[C@H](C)CC(=O)Nc1nncc2ccccc12,20984652_2033562
0.4230769230769231,COC(=O)[C@H](O)CC(=O)Nc1n[nH]c2ncccc12,168464_14585674
0.6515151515151515,C[C@H](CC(=O)Nc1nncc2ccccc12)C(C)(C)C,20984652_2571300
0.6470588235294118,CN(C)C[C@@H](O)CC(=O)Nc1nncc2ccccc12,20984652_2042472
0.5942028985507246,COC(=O)C[C@@H](O)C(=O)Nc1nncc2ccccc12,20984652_14585704
0.4666666666666667,COC(=O)[C@H](O)CC(=O)Nc1cccc2cnncc12,16677889_14585674
0.4189189189189189,COC(=O)[C@H](O)CC(=O)Nc1ncc(C)nc1OC,22006949_14585674
0.44155844155844154,COC(=O)[C@H](O)CC(=O)Nc1nnn2ccccc12,26049865_14585674
0.625,COC(=O)CC(=O)Nc1nncc2ccccc12,20984652_2146608
0.35443037974683544,COC(=O)[C@H](O)CC(=O)Nc1c(C#N)cccc1OC,11919413_14585674
0.47297297297297297,COC(=O)[C@H](O)CC(=O)Nc1n[nH]c2ccccc12,3954002_14585674
0.7333333333333333,C[C@@H](O)CC(=O)Nc1nncc2ccccc12,20984652_895486
0.42857142857142855,COC(=O)[C@H](O)CC(=O)Nc1ncc2ccccc2n1,5519265_14585674
0.5757575757575758,O=C(Nc1nncc2ccccc12)[C@@H](O)CO,20984652_2040502
0.6666666666666666,CO[C@@H](CN)CC(=O)Nc1nncc2ccccc12,20984652_84230420
0.4166666666666667,COC(=O)[C@H](O)CC(=O)Nc1ncc(F)cc1C,40448817_14585674
0.6417910447761194,CC(C)(C)[C@@H](N)CC(=O)Nc1nncc2ccccc12,20984652_4262585
0.4177215189873418,COC(=O)[C@H](O)CC(=O)Nc1nc(C)n2ccccc12,75537928_14585674
0.5342465753424658,Cn1ccc(CC(=O)Nc2nncc3ccccc23)n1,20984652_34927098
0.40540540540540543,COC(=O)[C@H](O)CC(=O)Nc1ncc(OC)cc1F,98181124_14585674
0.44155844155844154,Nc1ccnnc1C(=O)Nc1nncc2ccccc12,20984652_19854095
0.6231884057971014,CC[C@@H](CC(=O)Nc1nncc2ccccc12)[C@@H](C)N,20984652_72208260
0.4,COC(=O)[C@H](O)CC(=O)Nc1nccc(O)c1Cl,71256968_14585674
0.4507042253521127,COC(=O)[C@H](O)CC(=O)Nc1nnccc1C(C)C,104528686_14585674
0.4305555555555556,COC(=O)[C@H](O)CC(=O)Nc1nc(C)ncc1F,95093303_14585674
0.5735294117647058,COC(=O)[C@@H](OC)C(=O)Nc1nncc2ccccc12,20984652_34426529
0.6774193548387096,O=C(CC(F)F)Nc1nncc2ccccc12,20984652_37755958
0.42105263157894735,COC(=O)[C@H](O)CC(=O)Nc1ccc2ccccc2n1,19074717_14585674
0.4605263157894737,O=C(Nc1nncc2ccccc12)c1cccnc1F,20984652_1682742
0.6417910447761194,O=C(C[C@@H](O)C1CC1)Nc1nncc2ccccc12,20984652_38391879
0.4473684210526316,COC(=O)[C@H](O)CC(=O)Nc1nccc2ncccc12,20984791_14585674
0.38461538461538464,COC(=O)[C@H](O)CC(=O)Nc1ncc(C#N)cc1OC,148800370_14585674
0.3333333333333333,COC(=O)[C@H](O)CC(=O)NC[C@@H](OC)c1ccco1,43336582_14585674
0.4626865671641791,COC(=O)[C@H](O)CC(=O)Nc1nccnc1F,91252205_14585674
0.35365853658536583,COC(=O)[C@H](O)CC(=O)NCc1cccc2cn[nH]c12,36533300_14585674
0.4230769230769231,COC(=O)[C@H](O)CC(=O)Nc1cnc2ccccc2c1,39224_14585674
0.6567164179104478,CO[C@H](CC(=O)Nc1nncc2ccccc12)C(N)=O,20984652_72207153
0.44,COC(=O)[C@H](O)CC(=O)Nc1cc2ccccc2cn1,157801_14585674
0.48,Cn1ncc(C(=O)Nc2nncc3ccccc23)c1F,20984652_145276015
0.4246575342465753,COC(=O)[C@H](O)CC(=O)Nc1ncc(OC)nc1C,95929615_14585674
0.5633802816901409,CNC(=O)C[C@@H](N)C(=O)Nc1nncc2ccccc12,20984652_1573266
0.43661971830985913,COC(=O)[C@H](O)CC(=O)Nc1nc(F)c(F)cc1F,22006783_14585674
0.4675324675324675,COc1ccoc1C(=O)Nc1nncc2ccccc12,20984652_43214692
0.5416666666666666,COC(=O)C[C@H](N)C(=O)Nc1nncc2ccccc12,20984652_1708458
0.4473684210526316,Nc1cc(C(=O)Nc2nncc3ccccc23)cnn1,20984652_82837321
0.6615384615384615,C[C@@H](CN)CC(=O)Nc1nncc2ccccc12,20984652_13818298
0.6875,CC(C)[C@@H](O)CC(=O)Nc1nncc2ccccc12,20984652_39258467
0.29545454545454547,COC(=O)[C@H](O)CC(=O)NCc1ccc2nn[nH]c2c1,32600326_14585674
0.6666666666666666,C[C@@H](O)[C@@H](N)CC(=O)Nc1nncc2ccccc12,20984652_2504858
0.527027027027027,Nc1nncn1CC(=O)Nc1nncc2ccccc12,20984652_227173267
0.6417910447761194,CC(C)C[C@H](C)CC(=O)Nc1nncc2ccccc12,20984652_2578823
0.3188405797101449,COC(=O)[C@H](O)CC(=O)N[C@@H](CC(=O)O)C(=O)OC,1709620_14585674
0.5970149253731343,COC[C@@H](O)C(=O)Nc1nncc2ccccc12,20984652_39192222
0.3684210526315789,COC(=O)[C@H](O)CC(=O)Nc1ccc(C)nc1OC,8698258_14585674
0.35064935064935066,COC(=O)[C@H](O)CC(=O)Nc1cnc(OC)c(C)c1,8698124_14585674
0.3181818181818182,COC(=O)[C@H](O)CC(=O)NC[C@H](O)C(=O)OC,38251036_14585674
0.4358974358974359,COC(=O)[C@H](O)CC(=O)Nc1noc2ncccc12,168472_14585674
0.35365853658536583,COC(=O)[C@H](O)CC(=O)Nc1nc2ccncc2o1,82836824_14585674
0.4666666666666667,Cc1cnnc(C(=O)Nc2nncc3ccccc23)c1,20984652_82410716
0.4520547945205479,COC(=O)[C@H](O)CC(=O)Nc1nnccc1C#N,34213306_14585674
0.6615384615384615,NC[C@@H](O)CC(=O)Nc1nncc2ccccc12,20984652_901808
0.34523809523809523,COC(=O)[C@H](O)CC(=O)Nc1cnn2ccc(C)nc12,95922575_14585674
0.3918918918918919,COC(=O)[C@H](O)CC(=O)Nc1ccc(Cl)c(F)n1,71256951_14585674
0.6666666666666666,C[C@H](O)[C@H](N)CC(=O)Nc1nncc2ccccc12,20984652_8239857
0.3972602739726027,COC(=O)[C@H](O)CC(=O)Nc1cccnc1F,2506896_14585674
0.547945205479452,Cc1cn(CC(=O)Nc2nncc3ccccc23)nn1,20984652_14628926
0.6515151515151515,C[C@H](CC(=O)Nc1nncc2ccccc12)[C@@H](C)N,20984652_72208145
0.547945205479452,Cc1cnnn1CC(=O)Nc1nncc2ccccc12,20984652_62429835
0.6363636363636364,N[C@@H](CC(=O)Nc1nncc2ccccc12)C(F)F,20984652_39439655
0.3698630136986301,COC(=O)[C@H](O)CC(=O)NC[C@@H](O)c1ccccc1,403283_14585674
0.38028169014084506,COC(=O)[C@H](O)CC(=O)N[C](C)c1ccccc1,1560406604_14585674
0.5857142857142857,C[C@@H](N)COCC(=O)Nc1nncc2ccccc12,20984652_34453614
0.6363636363636364,N[C@H](CC(=O)Nc1nncc2ccccc12)C(F)F,20984652_34621624
0.4935064935064935,Nc1ncnn1CC(=O)Nc1nncc2ccccc12,20984652_70824964
0.5797101449275363,CC[C@H](C(=O)Nc1nncc2ccccc12)C(=O)OC,20984652_97053712
0.43661971830985913,COC(=O)[C@H](O)CC(=O)Nc1cnnc(C)n1,19801101_14585674
0.6666666666666666,C[C@@H](O)[C@H](N)CC(=O)Nc1nncc2ccccc12,20984652_2386834
0.5616438356164384,COC[C@H](C)NCC(=O)Nc1nncc2ccccc12,20984652_20376351
0.4246575342465753,COC(=O)[C@H](O)CC(=O)Nc1nncnc1C(=O)O,39083028_14585674
0.6323529411764706,CCN[C@H](C)CC(=O)Nc1nncc2ccccc12,20984652_35747442
0.35365853658536583,COC(=O)[C@H](O)CC(=O)Nc1cccn2nc(C)nc12,32189568_14585674
0.5205479452054794,O=C(Cc1cccnn1)Nc1nncc2ccccc12,20984652_20417425
0.39436619718309857,COC(=O)[C@H](O)CC(=O)Nc1ccccc1SC,391221_14585674
0.42857142857142855,COC(=O)[C@H](O)CC(=O)Nc1cc2ccccc2nn1,5332249_14585674
0.2857142857142857,COC(=O)[C@H](O)CC(=O)NCC[C@H](O)C(=O)OC,71186808_14585674
0.5857142857142857,C[C@@H](O)CCCC(=O)Nc1nncc2ccccc12,20984652_4218505
0.33766233766233766,CCc1ccc(F)cc1NC(=O)C[C@@H](O)C(=O)OC,133792903_14585674
0.40789473684210525,CCc1ccc(C#N)c(NC(=O)C[C@@H](O)C(=O)OC)n1,82408885_14585674
0.6515151515151515,C[C@@H](CC(=O)Nc1nncc2ccccc12)C(N)=O,20984652_77260148
0.40540540540540543,COC(=O)[C@H](O)CC(=O)Nc1ncc(OC)cc1C,95642677_14585674
0.6875,CC(C)[C@H](O)CC(=O)Nc1nncc2ccccc12,20984652_38759339
0.3835616438356164,COC(=O)[C@H](O)CC(=O)Nc1ccc(OC)cn1,14982095_14585674
0.4246575342465753,COC(=O)[C@H](O)CC(=O)Nc1nc(C)ccc1OC,19911426_14585674
0.39436619718309857,COC(=O)[C@H](O)CC(=O)Nc1ccc(OC)nn1,331864_14585674
0.33766233766233766,COC(=O)[C@H](O)CC(=O)NCc1ccc(F)nc1,35570030_14585674
0.36,COC(=O)[C@H](O)CC(=O)Nc1ccnc(F)c1,2384100_14585674
0.6615384615384615,CC[C@H](C)CC(=O)Nc1nncc2ccccc12,20984652_391784
0.5352112676056338,O=C(Cc1ncccn1)Nc1nncc2ccccc12,20984652_2540589
0.39436619718309857,COC(=O)[C@H](O)CC(=O)Nc1cnc(OC)cn1,33358876_14585674
0.6029411764705882,CCOC(=O)CC(=O)Nc1nncc2ccccc12,20984652_389716
0.35443037974683544,COCc1ccnc(NC(=O)C[C@@H](O)C(=O)OC)n1,34333232_14585674
0.3972602739726027,COC(=O)[C@H](O)CC(=O)Nc1ccc(C)nc1F,2384073_14585674
0.6615384615384615,CC(=O)[C@@H](C)CC(=O)Nc1nncc2ccccc12,20984652_2044242
0.36363636363636365,CC[C@H](C)c1ccccc1NC(=O)C[C@@H](O)C(=O)OC,4520946_14585674
0.36619718309859156,COC(=O)[C@H](O)CC(=O)N[C@@H](C)c1ccccc1,6030374_14585674
0.5857142857142857,CC[C@@H](O)CCC(=O)Nc1nncc2ccccc12,20984652_3650180
0.6567164179104478,CCC[C@@H](O)CC(=O)Nc1nncc2ccccc12,20984652_2579355
0.527027027027027,Cn1cc(CC(=O)Nc2nncc3ccccc23)nn1,20984652_82838238
0.26666666666666666,CCCC[C@@H](NC(=O)C[C@@H](O)C(=O)OC)C(=O)OC,55157323_14585674
0.6376811594202898,CC[C@H](O)[C@@H](N)CC(=O)Nc1nncc2ccccc12,20984652_38282083
0.6285714285714286,C[C@H](CC(=O)Nc1nncc2ccccc12)NCCO,20984652_35749905
0.4189189189189189,COC(=O)[C@H](O)CC(=O)Nc1ccc2ccccc2c1,968125_14585674
0.5588235294117647,O=C(Cc1ccccc1)Nc1nncc2ccccc12,20984652_388462
0.5492957746478874,COC(=O)C[C@H](C)C(=O)Nc1nncc2ccccc12,20984652_6763328
0.4,COC(=O)[C@H](O)CC(=O)Nc1cc(C(=O)O)cnn1,82837321_14585674
0.5342465753424658,Cc1ccc(CC(=O)Nc2nncc3ccccc23)o1,20984652_1595537
0.4675324675324675,COc1nc(C(=O)Nc2nncc3ccccc23)co1,20984652_82839237
0.6615384615384615,C[C@@H](CO)CC(=O)Nc1nncc2ccccc12,20984652_6036098
0.3466666666666667,COC(=O)[C@H](O)CC(=O)N[C@@H](C)[C@@H](C)c1ccccc1,1670066_14585674
0.6470588235294118,CC[C@@H](C)[C@H](O)CC(=O)Nc1nncc2ccccc12,20984652_52249195
0.3924050632911392,COC(=O)[C@H](O)CC(=O)Nc1cccc2nonc12,158119_14585674
0.52,Cc1ncc(CC(=O)Nc2nncc3ccccc23)[nH]1,20984652_21982898
0.3783783783783784,COC(=O)[C@H](O)CC(=O)Nc1ccnc(F)n1,1585904_14585674
0.35135135135135137,CC[C@@](C)(NC(=O)C[C@@H](O)C(=O)OC)c1ccccc1,1686424_14585674
0.40789473684210525,COC(=O)[C@H](O)CC(=O)Nc1ncc(C)nc1C#N,32170445_14585674
0.671875,CCC(CC)CC(=O)Nc1nncc2ccccc12,20984652_2383169
0.3835616438356164,COC(=O)[C@H](O)CC(=O)Nc1ccc(C(C)C)nn1,21982266_14585674
0.43661971830985913,COC(=O)[C@H](O)CC(=O)Nc1ncccc1C,402702_14585674
0.39436619718309857,COC(=O)[C@H](O)CC(=O)Nc1cnncc1C,82411864_14585674
0.5416666666666666,Cc1nonc1CC(=O)Nc1nncc2ccccc12,20984652_801648
0.6142857142857143,CC[C@H](C)[C@H](N)CC(=O)Nc1nncc2ccccc12,20984652_170368
0.4461538461538462,COC(=O)[C@H](O)CC(=O)Nc1ccccc1,17886255_14585674
0.4142857142857143,COC(=O)[C@H](O)CC(=O)Nc1ccnnc1,8294943_14585674
0.47297297297297297,O=C(Nc1nncc2ccccc12)c1ccc(F)cn1,20984652_2599027
0.4246575342465753,COC(=O)[C@H](O)CC(=O)Nc1ncncc1CO,3650210_14585674
0.5797101449275363,CC[C@@H](C(=O)Nc1nncc2ccccc12)C(=O)OC,20984652_97053707
0.3888888888888889,COC(=O)[C@H](O)CC(=O)Nc1ccc(F)nc1Cl,263623751_14585674
0.5507246376811594,O=C(Nc1nncc2ccccc12)[C@@H](O)CCO,20984652_2559503
0.7333333333333333,C[C@H](O)CC(=O)Nc1nncc2ccccc12,20984652_901665
0.5507246376811594,CC[C@H](OC)C(=O)Nc1nncc2ccccc12,20984652_19091090
0.41333333333333333,COCc1cccnc1NC(=O)C[C@@H](O)C(=O)OC,52734230_14585674
0.36619718309859156,COC(=O)[C@H](O)CC(=O)N[C@H](C)c1ccccc1,6037146_14585674
0.4666666666666667,O=C(Nc1nncc2ccccc12)c1cccc(F)n1,20984652_1733806
0.5441176470588235,C[C@H](O)[C@@H](N)C(=O)Nc1nncc2ccccc12,20984652_1747073
0.6567164179104478,CO[C@@H](CC(=O)Nc1nncc2ccccc12)C(N)=O,20984652_72207152
0.671875,CC(C)[C@H](C)CC(=O)Nc1nncc2ccccc12,20984652_1733920
0.375,COC(=O)[C@H](O)CC(=O)Nc1cn2ccccc2n1,57791423_14585674
0.5507246376811594,O=C(Cn1cccc1)Nc1nncc2ccccc12,20984652_332065
0.47297297297297297,Cc1nsc(C(=O)Nc2nncc3ccccc23)n1,20984652_59771410
0.34210526315789475,CC[n+]1cc(NC(=O)C[C@@H](O)C(=O)OC)on1,17316769_14585674
0.3972602739726027,COC(=O)[C@H](O)CC(=O)Nc1ccc(C(F)F)nn1,211804994_14585674
0.6231884057971014,CCN(C)[C@H](C)CC(=O)Nc1nncc2ccccc12,20984652_19092960
0.42857142857142855,COC(=O)[C@H](O)CC(=O)Nc1cccnn1,1621830_14585674
0.3974358974358974,COC(=O)[C@H](O)CC(=O)Nc1ncnc2ncncc12,20981217_14585674
0.6349206349206349,COCC(=O)Nc1nncc2ccccc12,20984652_1683467
0.34210526315789475,COC(=O)[C@H](O)CC(=O)N[C@@H](C)c1ccccc1C,3411324_14585674
0.3466666666666667,COC(=O)[C@H](O)CC(=O)N[C@H](CF)c1ccccc1,20285796_14585674
0.41333333333333333,COC(=O)[C@H](O)CC(=O)Nc1cnnc(SC)n1,104632400_14585674
0.43478260869565216,COC(=O)[C@H](O)CC(=O)Nc1nocc1C,34156410_14585674
0.5857142857142857,C[C@H](N)COCC(=O)Nc1nncc2ccccc12,20984652_34453612
0.45454545454545453,COC(=O)[C@H](O)CC(=O)Nc1nccc2cnccc12,20984635_14585674
0.4861111111111111,C[C](C(=O)Nc1nncc2ccccc12)c1ccccc1,20984652_1560406647
0.6376811594202898,CC[C@@H](O)[C@H](N)CC(=O)Nc1nncc2ccccc12,20984652_84426505
0.4189189189189189,COC(=O)[C@H](O)CC(=O)Nc1ncccc1SC,39051061_14585674
0.5131578947368421,O=C(CCc1c[nH]nn1)Nc1nncc2ccccc12,20984652_9471403
0.5428571428571428,NCC[C@H](O)C(=O)Nc1nncc2ccccc12,20984652_2019611
0.5942028985507246,CC(C)COCC(=O)Nc1nncc2ccccc12,20984652_168059
0.4,COC(=O)[C@H](O)CC(=O)Nc1nncn1C,16977393_14585674
0.5774647887323944,CCOC(=O)NCC(=O)Nc1nncc2ccccc12,20984652_4887178
0.4189189189189189,CNc1cccnc1NC(=O)C[C@@H](O)C(=O)OC,38549194_14585674
0.5942028985507246,COC(=O)C[C@H](O)C(=O)Nc1nncc2ccccc12,20984652_14585706
0.44285714285714284,COC(=O)[C@H](O)CC(=O)Nc1ncccc1F,19616068_14585674
0.6470588235294118,CN(C)C[C@H](O)CC(=O)Nc1nncc2ccccc12,20984652_1671843
0.527027027027027,Cn1nncc1CC(=O)Nc1nncc2ccccc12,20984652_62298117
0.3333333333333333,COC(=O)[C@H](O)CC(=O)NC(=O)Cc1ccccn1,394911_14585674
0.5652173913043478,CCC[C@@H](O)C(=O)Nc1nncc2ccccc12,20984652_394028
0.6231884057971014,CC(C)C[C@@H](N)CC(=O)Nc1nncc2ccccc12,20984652_170352
0.41333333333333333,COC(=O)[C@H](O)CC(=O)Nc1cc2ccccc2[nH]1,2576352_14585674
0.47297297297297297,Cc1ccoc1C(=O)Nc1nncc2ccccc12,20984652_2560477
0.2777777777777778,CC[C@@H](NC(=O)C[C@@H](O)C(=O)OC)[C@H](O)C(=O)OC,78725161_14585674
0.6231884057971014,C[C@@H](CC(=O)Nc1nncc2ccccc12)CN(C)C,20984652_43502605
0.6567164179104478,CCC[C@H](O)CC(=O)Nc1nncc2ccccc12,20984652_5838229
0.6060606060606061,COC(=O)[C@@H](C)C(=O)Nc1nncc2ccccc12,20984652_1720457
0.36486486486486486,CCOc1ncc(NC(=O)C[C@@H](O)C(=O)OC)cn1,39052909_14585674
0.37037037037037035,COC(=O)[C@H](O)CC(=O)Nc1[nH]nc2c(C)cccc12,44699934_14585674
0.37662337662337664,CCOc1cccc(NC(=O)C[C@@H](O)C(=O)OC)n1,19801062_14585674
0.5633802816901409,CNC(=O)C[C@H](N)C(=O)Nc1nncc2ccccc12,20984652_1566730
0.4027777777777778,COC(=O)[C@H](O)CC(=O)Nc1ccc(F)nc1F,39051942_14585674
0.3048780487804878,COC(=O)[C@H](O)CC(=O)NCc1ccnc(OC)c1,12505591_14585674
0.3918918918918919,COC(=O)[C@H](O)CC(=O)Nc1nnn(C)c1C(F)F,306182772_14585674
0.4861111111111111,Nc1ncc(C(=O)Nc2nncc3ccccc23)s1,20984652_1762884
0.5135135135135135,O=C(Cc1ccon1)Nc1nncc2ccccc12,20984652_20417419
0.5492957746478874,COC(=O)C[C@@H](C)C(=O)Nc1nncc2ccccc12,20984652_2558238
0.527027027027027,Cn1cccc1CC(=O)Nc1nncc2ccccc12,20984652_5783630
0.4864864864864865,Cc1cnsc1C(=O)Nc1nncc2ccccc12,20984652_19801458
0.4225352112676056,COC(=O)[C@H](O)CC(=O)Nc1cnnc(C)c1,40546730_14585674
0.527027027027027,O=C(Cn1cc(F)cn1)Nc1nncc2ccccc12,20984652_26510174
0.4473684210526316,Nc1ccc(C(=O)Nc2nncc3ccccc23)cn1,20984652_334127
0.6323529411764706,CC[C@@H](CC(=O)Nc1nncc2ccccc12)SC,20984652_62766652
0.4177215189873418,COC(=O)[C@H](O)CC(=O)Nc1noc2c(C)cccc12,96529658_14585674
0.6515151515151515,CC(=O)[C@H](N)CC(=O)Nc1nncc2ccccc12,20984652_5434359
0.3780487804878049,COC(=O)[C@H](O)CC(=O)Nc1cncc2cccnc12,24602517_14585674
0.41025641025641024,COC(=O)[C@H](O)CC(=O)Nc1c2ccccc2nn1C,32189297_14585674
0.2916666666666667,C=C(C)C[C@H](NC(=O)C[C@@H](O)C(=O)OC)C(=O)OC,38948741_14585674
0.6417910447761194,C[C@@H](CC(=O)Nc1nncc2ccccc12)C(C)(C)O,20984652_84327982
0.6323529411764706,C[C@H](CC(=O)Nc1nncc2ccccc12)C(C)(C)N,20984652_40544559
0.44155844155844154,Nc1cncc(C(=O)Nc2nncc3ccccc23)n1,20984652_39083038
0.5362318840579711,C[C@@H](NC(C)(C)C)C(=O)Nc1nncc2ccccc12,20984652_2516859
0.4189189189189189,COC(=O)[C@H](O)CC(=O)Nc1ncccc1C(=O)O,331646_14585674
0.4473684210526316,Nc1cccc(C(=O)Nc2nncc3ccccc23)n1,20984652_336886
0.6323529411764706,CC[C@@H](CN)CC(=O)Nc1nncc2ccccc12,20984652_26376874
0.4025974025974026,COC(=O)[C@H](O)CC(=O)Nc1csc2ccccc12,30677853_14585674
0.5416666666666666,CC[C@H](C)[C@H](OC)C(=O)Nc1nncc2ccccc12,20984652_159686105
0.6060606060606061,COC(=O)[C@H](C)C(=O)Nc1nncc2ccccc12,20984652_6442610
0.6056338028169014,C[C@@H](CC(=O)Nc1nncc2ccccc12)C1CCC1,20984652_82839042
0.4794520547945205,Nc1cnc(C(=O)Nc2nncc3ccccc23)nc1,20984652_26896534
0.38271604938271603,COC(=O)[C@H](O)CC(=O)Nc1nccn2cnnc12,17107276_14585674
0.5135135135135135,O=C(Cn1cccn1)Nc1nncc2ccccc12,20984652_3132236
0.52,Cn1nccc1CC(=O)Nc1nncc2ccccc12,20984652_69021240
0.4305555555555556,COC(=O)[C@H](O)CC(=O)Nc1nc(C)cnc1C,39436852_14585674
0.37662337662337664,CNCc1cccc(NC(=O)C[C@@H](O)C(=O)OC)n1,39050966_14585674
0.5942028985507246,CC(C)OC(=O)CC(=O)Nc1nncc2ccccc12,20984652_34764770
0.35526315789473684,COC(=O)[C@H](O)CC(=O)NC(=N)c1ccccc1C,1439402_14585674
0.4084507042253521,COC(=O)[C@H](O)CC(=O)Nc1cc2cccccc-2c1,33797214_14585674
0.5857142857142857,C[C@H](O)CCCC(=O)Nc1nncc2ccccc12,20984652_4218504
0.5362318840579711,C[C@H](NC(C)(C)C)C(=O)Nc1nncc2ccccc12,20984652_2516911
0.34210526315789475,COC(=O)[C@H](O)CC(=O)Nc1cc(C)ccc1F,388035_14585674
0.547945205479452,CC(C)NCCCC(=O)Nc1nncc2ccccc12,20984652_1766396
0.5277777777777778,COC(C)(C)[C@H](N)C(=O)Nc1nncc2ccccc12,20984652_1677635
0.38666666666666666,COC(=O)[C@H](O)CC(=O)Nc1cccc(C(=O)O)n1,336886_14585674
0.6060606060606061,COCCC(=O)Nc1nncc2ccccc12,20984652_2584375
0.35135135135135137,COC(=O)[C@H](O)CC(=O)Nc1nc(OC)ns1,17045321_14585674
0.5507246376811594,CO[C@@H](C)[C@@H](O)C(=O)Nc1nncc2ccccc12,20984652_1586417
0.37333333333333335,COC(=O)[C@H](O)CC(=O)Nc1ccc(OC)c(C)n1,21982008_14585674
0.4533333333333333,Nc1cnncc1C(=O)Nc1nncc2ccccc12,20984652_39083039
0.4864864864864865,Cc1cnn(C)c1C(=O)Nc1nncc2ccccc12,20984652_32302989
0.5205479452054794,O=C(Cc1ccccn1)Nc1nncc2ccccc12,20984652_156530
0.6567164179104478,CC(C)C[C@@H](O)CC(=O)Nc1nncc2ccccc12,20984652_3649921
0.36585365853658536,COC(=O)[C@H](O)CC(=O)Nc1ccc(C)c2[nH]ncc12,79939861_14585674
0.39436619718309857,COC(=O)[C@H](O)CC(=O)Nc1c(C)cnn1C,19090099_14585674
0.3493975903614458,COC(=O)[C@H](O)CC(=O)Nc1cc(C)c2cn[nH]c2c1,14984625_14585674
0.3291139240506329,COC(=O)[C@H](O)CC(=O)NCc1nc(=O)cc[nH]1,71024795_14585674
0.38271604938271603,COC(=O)[C@H](O)CC(=O)Nc1cccc2nnccc12,1857381_14585674
0.43661971830985913,COC(=O)[C@H](O)CC(=O)Nc1ncc(C)nc1C,153135_14585674
0.5522388059701493,C[C@H](O)[C@H](C)C(=O)Nc1nncc2ccccc12,20984652_6030197
0.6615384615384615,NC[C@H](O)CC(=O)Nc1nncc2ccccc12,20984652_901811
0.4025974025974026,COC(=O)[C@H](O)CC(=O)Nc1c[nH]c2ccccc12,530874_14585674
0.4166666666666667,COC(=O)[C@H](O)CC(=O)Nc1ncc(O)cc1Cl,21981818_14585674
0.35526315789473684,COC(=O)[C@H](O)CC(=O)Nc1cccc(F)c1OC,403404_14585674
0.35365853658536583,COC(=O)[C@H](O)CC(=O)Nc1cccc2[nH]c(C)nc12,1235079_14585674
0.4142857142857143,COC(=O)[C@H](O)CC(=O)Nc1ccccn1,13952160_14585674
0.38666666666666666,COC(=O)[C@H](O)CC(=O)Nc1ccc(C#N)nc1,403997_14585674
0.2926829268292683,CC[C@@H](CNC(=O)C[C@@H](O)C(=O)OC)n1cccn1,12398175_14585674
0.3684210526315789,COC(=O)[C@H](O)CC(=O)Nc1sncc1C#N,95643085_14585674
0.5652173913043478,NC(=O)C[C@@H](O)C(=O)Nc1nncc2ccccc12,20984652_5131909
0.4794520547945205,O=C(Nc1nncc2ccccc12)c1cnsn1,20984652_1270256
0.4155844155844156,COC(=O)[C@H](O)CC(=O)Nc1onc2ccccc12,26053358_14585674
0.5205479452054794,O=C(Cc1cncs1)Nc1nncc2ccccc12,20984652_6499760
0.30434782608695654,COC(=O)[C@H](O)CC(=O)NC[C@H](C)C(=O)OC,35757368_14585674
0.36486486486486486,COCc1ncc(NC(=O)C[C@@H](O)C(=O)OC)cn1,49672142_14585674
0.3614457831325301,COC(=O)[C@H](O)CC(=O)Nc1ccc2ncncc2c1,29483194_14585674
0.3181818181818182,COC(=O)[C@H](O)CC(=O)N[C@H](C)[C@H](C)O,1759054_14585674
0.39436619718309857,COC(=O)[C@H](O)CC(=O)Nc1nonc1OC,967422_14585674
0.5428571428571428,COC[C@@H](C)C(=O)Nc1nncc2ccccc12,20984652_35755627
0.5857142857142857,CO[C@H](C)CCC(=O)Nc1nncc2ccccc12,20984652_6491647
0.45454545454545453,Nc1cnccc1C(=O)Nc1nncc2ccccc12,20984652_165882
0.4605263157894737,Cc1nnccc1C(=O)Nc1nncc2ccccc12,20984652_45921027
0.33766233766233766,COC(=O)[C@H](O)CC(=O)Nc1cc(OC)ccc1F,21304447_14585674
0.6231884057971014,C[C@H](N)C[C@H](N)CC(=O)Nc1nncc2ccccc12,20984652_895524
0.5797101449275363,CC(C)(C)C[C@@H](O)C(=O)Nc1nncc2ccccc12,20984652_34016779
0.47297297297297297,COC(=O)[C@H](O)CC(=O)Nc1noc2ccccc12,161908_14585674
0.3783783783783784,CCOc1cnc(NC(=O)C[C@@H](O)C(=O)OC)cn1,40448358_14585674
0.4246575342465753,COC(=O)[C@H](O)CC(=O)Nc1ncc(Cl)nc1C,95642651_14585674
0.4533333333333333,O=C(Nc1nncc2ccccc12)[C@H]1CCC[C@@H]1O,20984652_32219640
0.4675324675324675,CCn1cc(C(=O)Nc2nncc3ccccc23)cn1,20984652_356346
0.639344262295082,CCC(=O)Nc1nncc2ccccc12,20984652_6050663
0.35064935064935066,COC(=O)c1ncc(NC(=O)C[C@@H](O)C(=O)OC)[nH]1,84238807_14585674
0.4931506849315068,COC(=O)[C@H]1C[C@H]1C(=O)Nc1nncc2ccccc12,20984652_39240026
0.52,Cc1noc(CC(=O)Nc2nncc3ccccc23)n1,20984652_40546544
0.375,COC(=O)[C@H](O)CC(=O)Nc1cncc2cc[nH]c12,89220883_14585674
0.5416666666666666,CC[C@@H](C)[C@@H](OC)C(=O)Nc1nncc2ccccc12,20984652_159686245
0.5285714285714286,C/C=C/[C@H](O)C(=O)Nc1nncc2ccccc12,20984652_34083798
0.6875,CC[C@@H](O)CC(=O)Nc1nncc2ccccc12,20984652_4975461
0.6615384615384615,C[C@H](CN)CC(=O)Nc1nncc2ccccc12,20984652_13818301
0.38961038961038963,C#Cc1cc(F)cnc1NC(=O)C[C@@H](O)C(=O)OC,95932440_14585674
0.5,Cc1ncc(C(=O)Nc2nncc3ccccc23)s1,20984652_1688638
0.5342465753424658,O=C(Cc1cnoc1)Nc1nncc2ccccc12,20984652_20417417
0.3783783783783784,COC(=O)[C@H](O)CC(=O)Nc1ccc([C@@H](C)O)cn1,72225123_14585674
0.5428571428571428,O=C(C[c-]1cccc1)Nc1nncc2ccccc12,20984652_62086696
0.45569620253164556,CCc1[nH]ncc1C(=O)Nc1nncc2ccccc12,20984652_8700063
0.47368421052631576,COc1cnc(C(=O)Nc2nncc3ccccc23)o1,20984652_1383617
0.6515151515151515,C[C@H](N)[C@H](C)CC(=O)Nc1nncc2ccccc12,20984652_72208147
0.52,Cc1nocc1CC(=O)Nc1nncc2ccccc12,20984652_82410125
0.5,Nc1ncc(CC(=O)Nc2nncc3ccccc23)[nH]1,20984652_2244234
0.3783783783783784,COC(=O)[C@H](O)CC(=O)NC[C@@H](F)c1ccccc1,39258263_14585674
0.6515151515151515,CC[C@H](N)CC(=O)Nc1nncc2ccccc12,20984652_12648175
0.35526315789473684,COC(=O)[C@H](O)CC(=O)Nc1cnc(OC)cc1F,299890317_14585674
0.3333333333333333,CC[C@H](NC(=O)C[C@@H](O)C(=O)OC)c1ccccc1C,34099854_14585674
0.4605263157894737,O=C(Nc1nncc2ccccc12)c1cncc(F)n1,20984652_60109085
0.6470588235294118,CC[C@@H](C)[C@@H](O)CC(=O)Nc1nncc2ccccc12,20984652_52249197
0.325,COC(=O)[C@H](O)CC(=O)NCc1cccc(OC)n1,20446131_14585674
0.3783783783783784,COC(=O)[C@H](O)CC(=O)NC[C@H](F)c1ccccc1,39258264_14585674
0.4533333333333333,Nc1ccc(C(=O)Nc2nncc3ccccc23)nn1,20984652_20357819
0.4794520547945205,O=C(Nc1nncc2ccccc12)c1ccccc1F,20984652_164451
0.6615384615384615,CC[C@@H](C)CC(=O)Nc1nncc2ccccc12,20984652_391783
0.6363636363636364,NC[C@@H](N)CC(=O)Nc1nncc2ccccc12,20984652_40448670
0.46153846153846156,COc1n[nH]cc1C(=O)Nc1nncc2ccccc12,20984652_26178585
0.4189189189189189,COC(=O)[C@H](O)CC(=O)Nc1nc(C)ncc1OC,39053783_14585674
0.46153846153846156,CCn1cc(C(=O)Nc2nncc3ccccc23)nn1,20984652_50213127
0.358974358974359,COC(=O)[C@H](O)CC(=O)Nc1cncc(C#N)n1,39118491_14585674
0.4861111111111111,Cc1cnc(C(=O)Nc2nncc3ccccc23)nc1,20984652_26461415
0.4358974358974359,Nc1nncnc1C(=O)Nc1nncc2ccccc12,20984652_39083028
0.5205479452054794,O=C(Cc1ncc[nH]1)Nc1nncc2ccccc12,20984652_66348452
0.6470588235294118,CC[C@H](C)[C@H](O)CC(=O)Nc1nncc2ccccc12,20984652_52249196
0.3246753246753247,COC(=O)[C@H](O)CC(=O)NC(=N)c1ccccc1F,1443072_14585674
0.37333333333333335,COC(=O)[C@H](O)CC(=O)Nc1cccnc1[C@@H](C)O,103191759_14585674
0.5652173913043478,O=C(Nc1nncc2ccccc12)[C](O)[C@@H](O)CO,20984652_1560405354
0.43661971830985913,COC(=O)[C@H](O)CC(=O)Nc1nncc(C)n1,1672563_14585674
0.36,COC(=O)[C@H](O)CC(=O)Nc1cnn(CF)c1,256053531_14585674
0.3684210526315789,COC(=N)c1nonc1NC(=O)C[C@@H](O)C(=O)OC,5248327_14585674
0.5342465753424658,CN(C)CC[C@H](O)C(=O)Nc1nncc2ccccc12,20984652_142469109
0.4666666666666667,Cc1nc(C(=O)Nc2nncc3ccccc23)co1,20984652_49538689
0.38666666666666666,COC(=O)[C@H](O)CC(=O)Nc1ccnnc1OC,84312341_14585674
0.3561643835616438,COC(=O)[C@H](O)CC(=O)Nc1nc(OC)n[nH]1,17024988_14585674
0.5352112676056338,CN[C@@H](COC)C(=O)Nc1nncc2ccccc12,20984652_14696241
0.3670886075949367,COC(=O)[C@H](O)CC(=O)Nc1cccc(CC#N)n1,72231171_14585674
0.6567164179104478,CC(C)C[C@H](O)CC(=O)Nc1nncc2ccccc12,20984652_3649919
0.45454545454545453,O=C(Nc1nncc2ccccc12)c1c[nH]ncc1=O,20984652_2028117
0.6825396825396826,O=C(C[C@H](O)CO)Nc1nncc2ccccc12,20984652_3593479
0.38571428571428573,COC(=O)[C@H](O)CC(=O)Nc1ncc(OC)cn1,3123156_14585674
0.5342465753424658,COCC[C@H](N)C(=O)Nc1nncc2ccccc12,20984652_1699922
0.35135135135135137,CC[C@H](NC(=O)C[C@@H](O)C(=O)OC)c1ccccc1,1665102_14585674
0.325,C#C[C@@H](NC(=O)C[C@@H](O)C(=O)OC)c1ccccc1C,38972936_14585674
0.5652173913043478,CCC[C@H](O)C(=O)Nc1nncc2ccccc12,20984652_394027
0.34210526315789475,COC(=O)[C@H](O)CC(=O)NC1(c2ccccc2)CCC1,6095974_14585674
0.325,COC(=O)[C@H](O)CC(=O)N[C@@H](C)c1cccnc1F,83591334_14585674
0.4675324675324675,O=C(Nc1nncc2ccccc12)c1cnn(CF)c1,20984652_167586636
0.5205479452054794,O=C(Cc1cnc[nH]1)Nc1nncc2ccccc12,20984652_19735138
0.48,O=C(Nc1nncc2ccccc12)[C@H](O)c1ccco1,20984652_221512
0.46153846153846156,COc1cn[nH]c1C(=O)Nc1nncc2ccccc12,20984652_84233910
0.5205479452054794,O=C(Cc1cnns1)Nc1nncc2ccccc12,20984652_82839640
0.34210526315789475,COC(=O)[C@H](O)CC(=O)Nc1c(OC)noc1C,82836312_14585674
0.5671641791044776,NC[C@H](O)C(=O)Nc1nncc2ccccc12,20984652_2034711
0.5797101449275363,CNC(=O)COCC(=O)Nc1nncc2ccccc12,20984652_41167068
0.30864197530864196,COC(=O)[C@H](O)CC(=O)NCc1cncc(OC)c1,82410667_14585674
0.38666666666666666,COC(=O)[C@H](O)CC(=O)Nc1cccc(C(C)C)n1,40448826_14585674
0.6615384615384615,CC(=O)[C@H](C)CC(=O)Nc1nncc2ccccc12,20984652_1689749
0.4,COC(=O)[C@H](O)CC(=O)Nc1sncc1C,82835590_14585674
0.6212121212121212,CC(=O)OCC(=O)Nc1nncc2ccccc12,20984652_1698817
0.43243243243243246,COC(=O)[C@H](O)CC(=O)Nc1nc(O)ncc1C#N,492965_14585674
0.34146341463414637,COC(=O)[C@H](O)CC(=O)NCc1cc2ccccc2o1,19486302_14585674
0.5652173913043478,CC(C)C[C@@H](O)C(=O)Nc1nncc2ccccc12,20984652_407032
0.52,Cc1conc1CC(=O)Nc1nncc2ccccc12,20984652_169244473
0.358974358974359,COC(=O)[C@H](O)CC(=O)NCc1cnnc(OC)c1,84238126_14585674
0.3698630136986301,COC(=O)[C@H](O)CC(=O)Nc1cccc(F)c1,157619_14585674
0.6417910447761194,O=C(C[C@H](O)C1CC1)Nc1nncc2ccccc12,20984652_38391880
0.38666666666666666,COC(=O)[C@H](O)CC(=O)Nc1ncc(OC)c(C)n1,39053761_14585674
0.29577464788732394,COC[C@H](O)CNC(=O)C[C@@H](O)C(=O)OC,2263861_14585674
0.52,Cc1ocnc1CC(=O)Nc1nncc2ccccc12,20984652_82838177
0.35443037974683544,COC(=O)[C@H](O)CC(=O)Nc1cnn(CCF)c1,87775416_14585674
0.3835616438356164,COC(=O)[C@H](O)CC(=O)Nc1n[nH]c(C(C)C)c1C,34496254_14585674
0.5555555555555556,COCCNCC(=O)Nc1nncc2ccccc12,20984652_20376246
0.6376811594202898,CC[C@@H](O)[C@@H](N)CC(=O)Nc1nncc2ccccc12,20984652_38292440
0.2898550724637681,COC(=O)[C@H](O)CC(=O)N[C@H](C(=O)OC)[C@@H](C)O,34924609_14585674
0.4861111111111111,O=C(Nc1nncc2ccccc12)c1ccns1,20984652_4344245
0.44155844155844154,O=C(Nc1nncc2ccccc12)c1cnccc1O,20984652_8672850
0.3918918918918919,COC(=O)[C@H](O)CC(=O)Nc1ccc(OC)nc1F,238362745_14585674
0.35526315789473684,COC(=O)[C@H](O)CC(=O)Nc1cc(C)c(F)cn1,19615667_14585674
0.37333333333333335,COC(=O)[C@H](O)CC(=O)Nc1c([C@@H](C)O)cnn1C,83747196_14585674
0.3835616438356164,COC(=O)[C@H](O)CC(=O)Nc1cncc(Cl)n1,1101988_14585674
0.35064935064935066,COC(=O)[C@H](O)CC(=O)Nc1ccnc(OC)c1C,95935203_14585674
0.6417910447761194,C[C@H](CC(=O)Nc1nncc2ccccc12)C(C)(C)O,20984652_84327985
0.5342465753424658,O=C(Cc1cn[nH]c1)Nc1nncc2ccccc12,20984652_20438761
0.5942028985507246,CC(=O)OCCC(=O)Nc1nncc2ccccc12,20984652_14507045
0.5138888888888888,CC[C@H](NC(C)C)C(=O)Nc1nncc2ccccc12,20984652_37183262
0.6142857142857143,CC[C@@H](C)[C@H](N)CC(=O)Nc1nncc2ccccc12,20984652_170366
0.5714285714285714,COC(=O)N(C)CC(=O)Nc1nncc2ccccc12,20984652_19815702
0.4,COC(=O)[C@H](O)CC(=O)Nc1ncc(CO)cc1C,72222036_14585674
0.2777777777777778,CC[C@@H](NC(=O)C[C@@H](O)C(=O)OC)[C@@H](O)C(=O)OC,78725167_14585674
0.6231884057971014,CC[C@@H](CC(=O)Nc1nncc2ccccc12)[C@H](C)N,20984652_72208262
0.34615384615384615,COCn1cc(NC(=O)C[C@@H](O)C(=O)OC)cn1,2537624_14585674
0.6461538461538462,N[C@H](CO)CC(=O)Nc1nncc2ccccc12,20984652_4181820
0.40298507462686567,COC(=O)[C@H](O)CC(=O)Nc1nnc(C)nn1,967265_14585674
0.36,COC(=O)[C@H](O)CC(=O)Nc1cccc(O)c1OC,34268616_14585674
0.5277777777777778,O=C(Cc1ccncc1)Nc1nncc2ccccc12,20984652_157065
0.3815789473684211,COC(=O)[C@H](O)CC(=O)Nc1cccc(SC)n1,82707701_14585674
0.5277777777777778,COC(C)(C)[C@@H](N)C(=O)Nc1nncc2ccccc12,20984652_2045134
0.5294117647058824,COC(C)(C)C(=O)Nc1nncc2ccccc12,20984652_14000346
0.5352112676056338,C[C@@H](CC(C)(C)C)C(=O)Nc1nncc2ccccc12,20984652_1587708
0.34210526315789475,COC(=O)[C@H](O)CC(=O)Nc1ccc(OC)c(O)c1,409187_14585674
0.5774647887323944,CCOC(=O)CCC(=O)Nc1nncc2ccccc12,20984652_2004473
0.35526315789473684,COC(=O)[C@H](O)CC(=O)NCc1ccc(OC)nc1,9596244_14585674
0.5428571428571428,C[C@@H](O)[C@@](C)(N)C(=O)Nc1nncc2ccccc12,20984652_2388162
0.3684210526315789,COC(=O)[C@H](O)CC(=O)Nc1ccnc(OC)n1,347124_14585674
0.527027027027027,Cc1cnn(CC(=O)Nc2nncc3ccccc23)c1,20984652_2549481
0.3698630136986301,COC(=O)[C@H](O)CC(=O)Nc1cscc1OC,83428744_14585674
0.3670886075949367,COC(=O)[C@H](O)CC(=O)Nc1cccc2ccoc12,34408009_14585674
0.3684210526315789,CCOc1ccccc1NC(=O)C[C@@H](O)C(=O)OC,157538_14585674
0.5416666666666666,CNC(=O)NCCC(=O)Nc1nncc2ccccc12,20984652_22168718
0.35802469135802467,COC(=O)[C@H](O)CC(=O)Nc1cn2ncccc2n1,82836811_14585674
0.35443037974683544,COCc1nccc(NC(=O)C[C@@H](O)C(=O)OC)n1,50847181_14585674
0.37333333333333335,COC(=O)[C@H](O)CC(=O)Nc1c(C)ccnc1F,2526738_14585674
0.5522388059701493,CC(C)(C)[C@H](O)C(=O)Nc1nncc2ccccc12,20984652_4975727
0.4,COC(=O)[C@H](O)CC(=O)Nc1noc2cccc(C)c12,82046615_14585674
0.6142857142857143,CC[C@H](C)[C@@H](N)CC(=O)Nc1nncc2ccccc12,20984652_170373
0.5135135135135135,CC[C@@H](CCOC)C(=O)Nc1nncc2ccccc12,20984652_40377760
0.4084507042253521,COC(=O)[C@H](O)CC(=O)Nc1cccccc1=O,2034019_14585674
0.35064935064935066,CCc1nc(C)cc(NC(=O)C[C@@H](O)C(=O)OC)n1,39053301_14585674
0.42857142857142855,COC(=O)[C@H](O)CC(=O)Nc1nccc2cccnc12,154302_14585674
0.33766233766233766,CCc1cc(NC(=O)C[C@@H](O)C(=O)OC)ccc1F,116257440_14585674
0.47297297297297297,Cn1cc(C(=O)Nc2nncc3ccccc23)nn1,20984652_20446453
0.4722222222222222,O=C(Nc1nncc2ccccc12)c1ccccn1,20984652_39905
0.34177215189873417,COC(=O)[C@H](O)CC(=O)Nc1cccc(CC(C)C)c1,32005611_14585674
0.34615384615384615,COC(=O)[C@H](O)CC(=O)Nc1cc(F)cnc1OC,82046593_14585674
0.5352112676056338,CCC[C@@H](N)C(=O)Nc1nncc2ccccc12,20984652_391822
0.41025641025641024,COC(=O)[C@H](O)CC(=O)Nc1ccnc2ccccc12,4202478_14585674
0.52,Cc1c[nH]c(CC(=O)Nc2nncc3ccccc23)n1,20984652_82410357
0.5135135135135135,CC[C@H](CCOC)C(=O)Nc1nncc2ccccc12,20984652_40377761
0.2777777777777778,COC(=O)[C@H](O)CC(=O)NC(=O)N[C@H](O)C(=O)OC,2025414_14585674
0.5633802816901409,CC(C)[C@@H](N)CCC(=O)Nc1nncc2ccccc12,20984652_26441380
0.3815789473684211,COC(=O)[C@H](O)CC(=O)Nc1n[nH]c(C)cc1=S,33753750_14585674
0.375,COC(=O)[C@H](O)CC(=O)Nc1cccc2[nH]ncc12,169219_14585674
0.4533333333333333,O=C(Nc1nncc2ccccc12)c1cccc(O)c1,20984652_388754
0.3333333333333333,COC(=O)[C@H](O)CC(=O)NCc1cn[nH]c1,12351305_14585674
0.44871794871794873,CC1=N[C@H](C(=O)Nc2nncc3ccccc23)C(=O)O1,20984652_5125067
0.4225352112676056,COC(=O)[C@H](O)CC(=O)Nc1nc(F)nc(F)c1C,2025696_14585674
0.5671641791044776,NC[C@@H](O)C(=O)Nc1nncc2ccccc12,20984652_2034713
0.4189189189189189,COC(=O)[C@H](O)CC(=O)Nc1nc(Cl)ncc1C,2583509_14585674
0.4027777777777778,COC(=O)[C@H](O)CC(=O)Nc1cccc(C)n1,19075790_14585674
0.5774647887323944,CCC[C@H](C)OCC(=O)Nc1nncc2ccccc12,20984652_5561066
0.2898550724637681,CC[C@@H](NC(=O)C[C@@H](O)C(=O)OC)C(=O)OC,35186322_14585674
0.36619718309859156,COC(=O)[C@H](O)CC(=O)Nc1ccc([C@H](C)O)cc1,404058_14585674
0.34615384615384615,COCc1cccc(NC(=O)C[C@@H](O)C(=O)OC)c1,19398609_14585674
0.38028169014084506,COC(=O)[C@H](O)CC(=O)Nc1cnc(OC)nc1,1607268_14585674
0.48,CCc1nnc(C(=O)Nc2nncc3ccccc23)o1,20984652_58517532
0.3561643835616438,CCc1cscc1NC(=O)C[C@@H](O)C(=O)OC,82411275_14585674
0.5633802816901409,COC(=O)NCCC(=O)Nc1nncc2ccccc12,20984652_18193752
0.37037037037037035,COC(=O)[C@H](O)CC(=O)Nc1nc2cccc(C)c2o1,62498459_14585674
0.3815789473684211,CNc1ccnc(NC(=O)C[C@@H](O)C(=O)OC)n1,32914851_14585674
0.41333333333333333,COC(=O)[C@H](O)CC(=O)Nc1ncccc1C(F)F,104582596_14585674
0.2891566265060241,COC(=O)[C@H](O)CC(=O)N[C@@H](C)CCc1cn[nH]c1,76573865_14585674
0.5362318840579711,O=C(Nc1nncc2ccccc12)[C@H](O)[C@H](O)CO,20984652_901063
0.36486486486486486,COC(=O)[C@H](O)CC(=O)NCc1ccnnc1,20417407_14585674
0.40789473684210525,COC(=O)[C@H](O)CC(=O)Nc1nnc2ccccc2n1,1866060_14585674
0.5797101449275363,CC(C)(C)C[C@H](O)C(=O)Nc1nncc2ccccc12,20984652_34016778
0.47435897435897434,CCc1[nH]ccc1C(=O)Nc1nncc2ccccc12,20984652_82410561
0.4084507042253521,COC(=O)[C@H](O)CC(=O)Nc1nccnc1CO,26461383_14585674
0.6515151515151515,CC(C)[C@H](N)CC(=O)Nc1nncc2ccccc12,20984652_170089
0.37333333333333335,COC(=O)[C@H](O)CC(=O)Nc1cccnc1[C@H](C)O,103191756_14585674
0.5522388059701493,C[C@@H](O)[C@@H](C)C(=O)Nc1nncc2ccccc12,20984652_6036909
0.3972602739726027,COC(=O)[C@H](O)CC(=O)Nc1cccc(OC)n1,19736831_14585674
0.3684210526315789,COC(=O)[C@H](O)CC(=O)Nc1ccncc1OC,14982098_14585674
0.3972602739726027,COC(=O)[C@H](O)CC(=O)Nc1nnn(C)c1C(=O)O,104643604_14585674
0.4594594594594595,O=C(Nc1nncc2ccccc12)C1=NC=NC1,20984652_38532470
0.3875,COC(=O)[C@H](O)CC(=O)Nc1cccc2cnoc12,82836803_14585674
0.6515151515151515,C[C@H](CC(=O)Nc1nncc2ccccc12)N(C)C,20984652_13347100
0.52,Cc1cc(CC(=O)Nc2nncc3ccccc23)on1,20984652_403274
0.38271604938271603,COC(=O)[C@H](O)CC(=O)Nc1nnc2nc(C)ccn12,66323473_14585674
0.36,COC(=O)[C@H](O)CC(=O)Nc1c(F)cccc1Cl,2389922_14585674
0.52,Cn1nnc(CC(=O)Nc2nncc3ccccc23)n1,20984652_1564366
0.6231884057971014,C[C@H](CC(=O)Nc1nncc2ccccc12)CN(C)C,20984652_43502606
0.6060606060606061,CC(C)=CCC(=O)Nc1nncc2ccccc12,20984652_1846597
0.36363636363636365,CC[C@@H](C)c1ccccc1NC(=O)C[C@@H](O)C(=O)OC,4520944_14585674
0.5135135135135135,O=C(Cc1ccn[nH]1)Nc1nncc2ccccc12,20984652_20417336
0.4189189189189189,COC(=O)[C@H](O)CC(=O)Nc1ncccc1[C@@H](C)O,21985758_14585674
0.6212121212121212,CC(C)OCC(=O)Nc1nncc2ccccc12,20984652_12243751
0.5,CC[C@@](N)(COC)C(=O)Nc1nncc2ccccc12,20984652_70657002
0.4675324675324675,CCn1ccc(C(=O)Nc2nncc3ccccc23)n1,20984652_392140
0.37333333333333335,CCOc1ccc(NC(=O)C[C@@H](O)C(=O)OC)cn1,4352765_14585674
0.4358974358974359,N#Cc1ccccc1C(=O)Nc1nncc2ccccc12,20984652_1733086
0.4025974025974026,COC(=O)[C@H](O)CC(=O)Nc1cnc2ccccc2n1,1683294_14585674
0.45454545454545453,O=C(Nc1nncc2ccccc12)c1ccn(CO)n1,20984652_2537616
0.35064935064935066,COC(=O)[C@H](O)CC(=O)Nc1cc(OC)ncc1F,79052266_14585674
0.5211267605633803,COC(=O)N[C@@H](C)C(=O)Nc1nncc2ccccc12,20984652_19815918
0.4794520547945205,Cc1c[nH]cc1C(=O)Nc1nncc2ccccc12,20984652_1709918
0.32098765432098764,COC(=O)[C@H](O)CC(=O)N[C@H](C)Cc1cccnc1,7277178_14585674
0.4868421052631579,CCc1ccc(C(=O)Nc2nncc3ccccc23)[nH]1,20984652_76819524
0.42857142857142855,COC(=O)[C@H](O)CC(=O)Nc1ncn(C)c1C,39118338_14585674
0.3493975903614458,COC(=O)[C@H](O)CC(=O)Nc1cnc2onc(C)c2c1,12397068_14585674
0.3924050632911392,COC(=O)[C@H](O)CC(=O)Nc1cccc2cn[nH]c12,112557_14585674
0.4,COC(=O)[C@H](O)CC(=O)Nc1ncc(CO)c(C)n1,20358120_14585674
0.6323529411764706,NCC[C@@H](O)CC(=O)Nc1nncc2ccccc12,20984652_104634560
0.5633802816901409,CCOC(=O)[C@@H](C)C(=O)Nc1nncc2ccccc12,20984652_394087
0.3375,COC(=O)[C@H](O)CC(=O)NCCc1cccc(F)n1,44399209_14585674
0.3875,COC(=O)[C@H](O)CC(=O)Nc1cnc2cccnn12,15020289_14585674
0.6285714285714286,CCCC[C@@H](O)CC(=O)Nc1nncc2ccccc12,20984652_33903519
0.5205479452054794,COC[C@@H](C)[C@H](C)C(=O)Nc1nncc2ccccc12,20984652_86338191
0.38666666666666666,COC(=O)[C@H](O)CC(=O)Nc1cnccc1CO,4352659_14585674
0.6231884057971014,CCS[C@@H](C)CC(=O)Nc1nncc2ccccc12,20984652_1757857
0.5131578947368421,O=C(CCc1cn[nH]c1)Nc1nncc2ccccc12,20984652_19090129
0.5507246376811594,CO[C@H](C)[C@@H](O)C(=O)Nc1nncc2ccccc12,20984652_1586418
0.4675324675324675,C[C@@H](C(=O)Nc1nncc2ccccc12)n1ccnn1,20984652_59843749
0.34177215189873417,COC(=O)[C@H](O)CC(=O)Nc1cc(F)cnc1C#N,72265860_14585674
0.3375,CC[C@H](C)n1cc(NC(=O)C[C@@H](O)C(=O)OC)cn1,20217318_14585674
0.5068493150684932,CCC[C@@H](CO)C(=O)Nc1nncc2ccccc12,20984652_16698008
0.5507246376811594,CO[C@@H](C)[C@H](O)C(=O)Nc1nncc2ccccc12,20984652_1586415
0.3333333333333333,COCCn1ccnc1NC(=O)C[C@@H](O)C(=O)OC,98213878_14585674
0.5970149253731343,CC(C)NC(=O)CC(=O)Nc1nncc2ccccc12,20984652_20204964
0.5205479452054794,O=C(Cc1cccs1)Nc1nncc2ccccc12,20984652_157069
0.5882352941176471,CC(=O)C[C@H](O)C(=O)Nc1nncc2ccccc12,20984652_14500541
0.2972972972972973,COC(=O)[C@H](O)CC(=O)NC1C(=O)NC(=O)NC1=O,1672935_14585674
0.4666666666666667,Cc1ncc(C(=O)Nc2nncc3ccccc23)nn1,20984652_82410587
0.47297297297297297,Cc1ccc(C(=O)Nc2nncc3ccccc23)nn1,20984652_34088241
0.4931506849315068,CO[C@@H]1[C@@H](C(=O)Nc2nncc3ccccc23)C1(C)C,20984652_76576510
0.3670886075949367,COC(=O)[C@H](O)CC(=O)Nc1ccc(C#N)nc1OC,88187525_14585674
0.46153846153846156,COc1oncc1C(=O)Nc1nncc2ccccc12,20984652_12650085
0.527027027027027,Cc1[nH]ncc1CC(=O)Nc1nncc2ccccc12,20984652_20438969
0.4246575342465753,COC(=O)[C@H](O)CC(=O)Nc1nc(OC)ccc1C,82046902_14585674
0.32894736842105265,COC(=O)[C@H](O)CC(=O)NCC1Cc2ccccc2C1,2599350_14585674
0.37662337662337664,COC(=O)[C@H](O)CC(=O)Nc1c(C)cnn1CCF,223252245_14585674
0.5522388059701493,CO[C@@H](C)C(=O)Nc1nncc2ccccc12,20984652_2382894
0.3466666666666667,COC(=O)[C@H](O)CC(=O)N[C@@H](C)[C@H](C)c1ccccc1,1670067_14585674
0.45,O=C(Nc1nncc2ccccc12)[C@@H](O)[C@@H]1CCNC1,20984652_75529803
0.5492957746478874,NCCOCC(=O)Nc1nncc2ccccc12,20984652_36533634
0.40789473684210525,COC(=O)[C@H](O)CC(=O)Nc1nc(C)ccc1C#N,22011470_14585674
0.3783783783783784,COC(=O)[C@H](O)CC(=O)Nc1ccc(C(C)C)cn1,39050142_14585674
0.45454545454545453,O=C(Nc1nncc2ccccc12)c1cnccc1F,20984652_2599080
0.44155844155844154,C#Cc1ccccc1C(=O)Nc1nncc2ccccc12,20984652_15022006
0.3875,COC(=O)[C@H](O)CC(=O)Nc1c(C)[nH]c2ncccc12,82408871_14585674
0.4666666666666667,O=C(Nc1nncc2ccccc12)c1nccnc1F,20984652_116295222
0.35526315789473684,CC[C@H](CNC(=O)C[C@@H](O)C(=O)OC)c1ccccc1,3621803_14585674
0.3373493975903614,COC(=O)[C@H](O)CC(=O)Nc1ccncc1NC1CC1,88189576_14585674
0.6470588235294118,CC[C@H](C)[C@@H](O)CC(=O)Nc1nncc2ccccc12,20984652_52249198
0.34615384615384615,COC(=O)[C@H](O)CC(=O)N[C@H](C)c1cccc(F)n1,104520705_14585674
0.5507246376811594,O=C(CCCCO)Nc1nncc2ccccc12,20984652_1529525
0.35064935064935066,COC(=O)[C@H](O)CC(=O)Nc1cc(F)[nH]c(=O)n1,967447_14585674
0.36,COC(=O)[C@H](O)CC(=O)Nc1ccc(OC)c(C)c1,1847720_14585674
0.40540540540540543,COC(=O)[C@H](O)CC(=O)Nc1ncc(Cl)cc1C,19735877_14585674
0.39436619718309857,COC(=O)[C@H](O)CC(=O)Nc1nonc1NC(C)=O,1095780_14585674
0.6231884057971014,CCN(C)[C@@H](C)CC(=O)Nc1nncc2ccccc12,20984652_19092958
0.34523809523809523,COC(=O)[C@H](O)CC(=O)Nc1cnn2ccc(C)cc12,238541234_14585674
0.5507246376811594,CC[C@@H](OC)C(=O)Nc1nncc2ccccc12,20984652_19091086
0.35365853658536583,COC(=O)[C@H](O)CC(=O)Nc1nnc2c(C)cccn12,8616243_14585674
0.3614457831325301,COC(=O)[C@H](O)CC(=O)Nc1cccc2c1O[C@@H](C)C2,34083037_14585674
0.5857142857142857,C[C@@H](O)CNCC(=O)Nc1nncc2ccccc12,20984652_34286884
0.44871794871794873,NCc1nc(C(=O)Nc2nncc3ccccc23)c[nH]1,20984652_70453724
0.4864864864864865,Cc1ccc(C(=O)Nc2nncc3ccccc23)n1C,20984652_4219179
0.3493975903614458,COC(=O)[C@H](O)CC(=O)Nc1nc2cccnc2n1C,5161522_14585674
0.5,CC(C)(N)C(C)(C)C(=O)Nc1nncc2ccccc12,20984652_70038108
0.5066666666666667,Nc1cnn(CC(=O)Nc2nncc3ccccc23)n1,20984652_82409814
0.4027777777777778,COC(=O)[C@H](O)CC(=O)Nc1n[nH]cc1OC,79792859_14585674
0.47297297297297297,Cn1cc(C(=O)Nc2nncc3ccccc23)cn1,20984652_1088698
0.5131578947368421,Nc1cn(CC(=O)Nc2nncc3ccccc23)cn1,20984652_82410116
0.5342465753424658,O=C1C=C(CC(=O)Nc2nncc3ccccc23)N=N1,20984652_39599933
0.527027027027027,O=C(Cn1nnc(O)n1)Nc1nncc2ccccc12,20984652_4127029
0.527027027027027,Cc1n[nH]c(CC(=O)Nc2nncc3ccccc23)n1,20984652_2559698
0.527027027027027,Cc1nc(CC(=O)Nc2nncc3ccccc23)co1,20984652_14988220
0.35135135135135137,CNCc1ccc(NC(=O)C[C@@H](O)C(=O)OC)cc1,153939_14585674
0.41333333333333333,CCOc1cccnc1NC(=O)C[C@@H](O)C(=O)OC,19092421_14585674
0.3291139240506329,COC(=O)[C@H](O)CC(=O)N[C@@H](C)c1ccncc1C,83267503_14585674
0.4675324675324675,C[C@@H](C(=O)Nc1nncc2ccccc12)n1cccn1,20984652_12396105
0.4,COC(=O)[C@H](O)CC(=O)Nc1nccc(F)c1OC,144679519_14585674
0.5131578947368421,Nc1ncn(CC(=O)Nc2nncc3ccccc23)n1,20984652_2537440
0.3157894736842105,COC(=O)[C@H](O)CC(=O)NCc1cc[nH]n1,4244020_14585674
0.5131578947368421,O=C(CCc1cnoc1)Nc1nncc2ccccc12,20984652_20417432
0.6,C=C(C)CC(=O)Nc1nncc2ccccc12,20984652_5853538
0.4166666666666667,COC(=O)[C@H](O)CC(=O)Nc1ncc(F)cc1Cl,91301654_14585674
0.32894736842105265,COC(=O)[C@H](O)CC(=O)NCc1cnc(OC)nc1,20446307_14585674
0.6875,CC[C@H](O)CC(=O)Nc1nncc2ccccc12,20984652_4975458
0.5,COCCC[C@@H](C)C(=O)Nc1nncc2ccccc12,20984652_1641741
0.3088235294117647,COC(=O)[C@H](O)CC(=O)N[C@@H](CO)C(=O)OC,19230192_14585674
0.35365853658536583,COC(=O)[C@H](O)CC(=O)Nc1c(C)ccc2cn[nH]c12,13571656_14585674
0.4177215189873418,COC(=O)[C@H](O)CC(=O)Nc1nn(C)c2ncccc12,168469_14585674
0.5342465753424658,COCC[C@@H](N)C(=O)Nc1nncc2ccccc12,20984652_2036816
0.6515151515151515,C[C@@H](CC(=O)Nc1nncc2ccccc12)N(C)C,20984652_13347096
0.31645569620253167,COC[C@@H](NC(=O)C[C@@H](O)C(=O)OC)c1ccco1,70184754_14585674
0.5833333333333334,N[C@@H](CC(=O)Nc1nncc2ccccc12)C1CCC1,20984652_26896308
0.5,C[C@H](NC(=N)N)C(=O)Nc1nncc2ccccc12,20984652_1688252
0.5507246376811594,CO[C@H](CN)C(=O)Nc1nncc2ccccc12,20984652_78684455
0.3561643835616438,COCc1ccc(NC(=O)C[C@@H](O)C(=O)OC)cc1,22204322_14585674
0.5285714285714286,CC(C)[C@@H](N)[C@H](O)C(=O)Nc1nncc2ccccc12,20984652_34306967
0.273972602739726,COC(=O)[C@H](O)CC(=O)N[C@H](C(=O)OC)C1CC1,95618945_14585674
0.5205479452054794,O=C(CCn1cnnc1)Nc1nncc2ccccc12,20984652_2573102
0.3333333333333333,COC(=O)[C@H](O)CC(=O)N[C@@H](CC#N)c1ccccc1,34550001_14585674
0.2804878048780488,COC[C@H](NC(=O)C[C@@H](O)C(=O)OC)c1ncon1,96509474_14585674
0.6119402985074627,C[C@H](O)CCC(=O)Nc1nncc2ccccc12,20984652_6020467
0.5352112676056338,N[C@H](CCF)C(=O)Nc1nncc2ccccc12,20984652_83119819
0.5571428571428572,CN(C)C[C@H](O)C(=O)Nc1nncc2ccccc12,20984652_1683311
0.6615384615384615,C[C@H](CO)CC(=O)Nc1nncc2ccccc12,20984652_6020365
0.49295774647887325,N[C@@H](C(=O)Nc1nncc2ccccc12)C(F)(F)F,20984652_2047325
0.3170731707317073,COC(=O)[C@H](O)CC(=O)NC(=N)Cc1cccnc1,1442802_14585674
0.6231884057971014,C[C@H](CCN)CC(=O)Nc1nncc2ccccc12,20984652_78809022
0.4935064935064935,O=C(CCn1cccn1)Nc1nncc2ccccc12,20984652_814061
0.375,COC(=O)[C@H](O)CC(=O)Nc1cccn2nncc12,104586043_14585674
0.36,COC(=O)[C@H](O)CC(=O)Nc1c[nH]c(C(=O)O)n1,38804037_14585674
0.46153846153846156,CCn1nncc1C(=O)Nc1nncc2ccccc12,20984652_20438778
0.52,Cc1ccnn1CC(=O)Nc1nncc2ccccc12,20984652_2549475
0.52,Cn1cncc1CC(=O)Nc1nncc2ccccc12,20984652_12496497
0.4166666666666667,COC(=O)[C@H](O)CC(=O)Nc1ncc(C)cc1Cl,26466278_14585674
0.35064935064935066,COC(=O)[C@H](O)CC(=O)Nc1cncnc1C(C)C,82319986_14585674
0.3888888888888889,COC(=O)[C@H](O)CC(=O)Nc1ccc(F)nc1,335086_14585674
0.6086956521739131,N[C@H](CC(=O)Nc1nncc2ccccc12)C1CC1,20984652_2386292
0.3783783783783784,COC(=O)[C@H](O)CC(=O)Nc1cc[nH]c(=O)n1,895210_14585674
0.3466666666666667,CCc1nnc(NC(=O)C[C@@H](O)C(=O)OC)n1C,6710745_14585674
0.34615384615384615,COC(=O)[C@H](O)CC(=O)NC[C@H](O)c1ccccn1,15020715_14585674
0.527027027027027,O=C(Cc1ncc(O)[nH]1)Nc1nncc2ccccc12,20984652_101788259
0.2777777777777778,COC(=O)[C@H](O)CC(=O)N[C@@H](CC(C)C)C(=O)OC,54954737_14585674
0.4246575342465753,COC(=O)[C@H](O)CC(=O)Nc1ncccc1C(C)C,69841514_14585674
0.6323529411764706,CC(=O)N[C@H](C)CC(=O)Nc1nncc2ccccc12,20984652_19092050
0.4722222222222222,O=C(Nc1nncc2ccccc12)c1cnns1,20984652_5426002
0.52,COCCC[C@H](N)C(=O)Nc1nncc2ccccc12,20984652_37753861
0.37333333333333335,COC(=O)[C@H](O)CC(=O)Nc1ccc(OC)nc1C,8698260_14585674
0.36363636363636365,COC(=O)[C@H](O)CC(=O)Nc1ccncc1C(C)C,69841124_14585674
0.4666666666666667,Cc1cncc(C(=O)Nc2nncc3ccccc23)n1,20984652_6523515
0.4675324675324675,C[C@H](C(=O)Nc1nncc2ccccc12)n1ccnn1,20984652_59843750
0.6515151515151515,CC(C)[C@@H](N)CC(=O)Nc1nncc2ccccc12,20984652_170090
0.6615384615384615,CN[C@@H](C)CC(=O)Nc1nncc2ccccc12,20984652_13347072
0.4027777777777778,COC(=O)[C@H](O)CC(=O)Nc1ccccc1CO,331680_14585674
0.43243243243243246,COC(=O)[C@H](O)CC(=O)Nc1nc(C)ncc1CO,895559_14585674
0.5,Nc1ccnn1CC(=O)Nc1nncc2ccccc12,20984652_39118692
0.6,CC[C@@H](O)C(=O)Nc1nncc2ccccc12,20984652_1693559
0.6086956521739131,N[C@@H](CC(=O)Nc1nncc2ccccc12)C1CC1,20984652_2511673
0.52,O=C(Cc1cc(O)on1)Nc1nncc2ccccc12,20984652_38803704
0.4935064935064935,NCCOC[C@@H](N)C(=O)Nc1nncc2ccccc12,20984652_1722385
0.37333333333333335,COC(=O)[C@H](O)CC(=O)Nc1ccccc1C#N,157544_14585674
0.4473684210526316,Nc1cccc(C(=O)Nc2nncc3ccccc23)c1,20984652_388179
0.37333333333333335,COC(=O)[C@H](O)CC(=O)Nc1cncc(OC)c1,14982096_14585674
0.33766233766233766,CCC[C@@H](NC(=O)C[C@@H](O)C(=O)OC)c1ccccc1,3333291_14585674
0.5652173913043478,C=C(CCC)CC(=O)Nc1nncc2ccccc12,20984652_39410361
0.4358974358974359,C#Cc1ccc(C(=O)Nc2nncc3ccccc23)cn1,20984652_39049643
0.4666666666666667,Cc1cccc(C(=O)Nc2nncc3ccccc23)n1,20984652_336720
0.6567164179104478,C/C=C/[C@H](O)CC(=O)Nc1nncc2ccccc12,20984652_31161987
0.4794520547945205,O=C(Nc1nncc2ccccc12)c1ccc(F)o1,20984652_85395459
0.4050632911392405,COC(=O)[C@H](O)CC(=O)Nc1nccc2cn[nH]c12,34408015_14585674
0.5970149253731343,CCOCC(=O)Nc1nncc2ccccc12,20984652_1866957
0.4444444444444444,COC(=O)[C@H](O)CC(=O)Nc1ncccc1CO,19735472_14585674
0.35135135135135137,CC[C@@H](NC(=O)C[C@@H](O)C(=O)OC)c1ccccc1,2014818_14585674
0.6323529411764706,CC[C@H](CC(=O)Nc1nncc2ccccc12)SC,20984652_62766653
0.36486486486486486,COC(=O)[C@H](O)CC(=O)NC[C@@H](C)c1ccccc1,1506854_14585674
0.48,C[C@H](C(=O)Nc1nncc2ccccc12)c1ccco1,20984652_19726378
0.47368421052631576,O=C(Nc1nncc2ccccc12)[C@H](O)c1cnc[nH]1,20984652_34498510
0.4594594594594595,Nc1cnc(C(=O)Nc2nncc3ccccc23)s1,20984652_1752172
0.3783783783783784,COC(=O)[C@H](O)CC(=O)Nc1cccnc1C,331888_14585674
0.3888888888888889,CCNc1ccccc1NC(=O)C[C@@H](O)C(=O)OC,5139781_14585674
0.5131578947368421,O=C(CCc1cc[nH]n1)Nc1nncc2ccccc12,20984652_80540513
0.37037037037037035,COC(=O)[C@H](O)CC(=O)Nc1cccc2cncn12,98179705_14585674
0.6323529411764706,CCN[C@@H](C)CC(=O)Nc1nncc2ccccc12,20984652_35747440
0.4084507042253521,CCc1c[nH]nc1NC(=O)C[C@@H](O)C(=O)OC,21985136_14585674
0.5205479452054794,CCCO[C@H](C)C(=O)Nc1nncc2ccccc12,20984652_34305439
0.3170731707317073,COC(=O)[C@H](O)CC(=O)NC[C@H]1C[C@@H]1c1ccccc1,29480843_14585674
0.5135135135135135,CO[C@H](C(=O)Nc1nncc2ccccc12)C1CCC1,20984652_160599731
0.3684210526315789,COC(=O)[C@H](O)CC(=O)Nc1cnccc1OC,4344107_14585674
0.3783783783783784,COC(=O)[C@H](O)CC(=O)Nc1ccc(C(F)F)cn1,60107121_14585674
0.3373493975903614,COC(=O)[C@H](O)CC(=O)Nc1cn2ccnc2cn1,18555976_14585674
0.5135135135135135,O=C(Cc1cnco1)Nc1nncc2ccccc12,20984652_20417413
0.32941176470588235,COC(=O)[C@H](O)CC(=O)Nc1cnc2ccn(C)c2c1,211825410_14585674
0.3561643835616438,COC(=O)[C@H](O)CC(=O)N[C@@H](c1ccccc1)C(C)C,4207403_14585674
0.6376811594202898,CC[C@H](O)[C@H](N)CC(=O)Nc1nncc2ccccc12,20984652_84426504
0.38571428571428573,COC(=O)[C@H](O)CC(=O)NCc1ccccc1,6096244_14585674
0.35526315789473684,COC(=O)[C@H](O)CC(=O)Nc1cnn(C)c1OC,82836152_14585674
0.4864864864864865,CC(C)NC1(C(=O)Nc2nncc3ccccc23)CC1,20984652_83833668
0.52,Cc1ncc(CC(=O)Nc2nncc3ccccc23)o1,20984652_82410122
0.3373493975903614,COC(=O)[C@H](O)CC(=O)Nc1ccc2nnnn2c1,1597529_14585674
0.48,C[C@@H](C(=O)Nc1nncc2ccccc12)c1ccco1,20984652_19726377
0.4861111111111111,O=C(Nc1nncc2ccccc12)c1cn[nH]c1,20984652_2167062
0.6363636363636364,NC[C@H](N)CC(=O)Nc1nncc2ccccc12,20984652_40448663
0.34177215189873417,CCOc1cc(NC(=O)C[C@@H](O)C(=O)OC)ccn1,19801114_14585674
0.36,COC(=O)[C@H](O)CC(=O)Nc1ccc(CC#N)cc1,152526_14585674
0.38271604938271603,COC(=O)[C@H](O)CC(=O)Nc1ccc2ncccc2c1,163693_14585674
0.32098765432098764,COC(=O)[C@H](O)CC(=O)NCc1ccncc1OC,35569971_14585674
0.37037037037037035,COC(=O)[C@H](O)CC(=O)Nc1cccn2cnnc12,1705761_14585674
0.36486486486486486,COC(=O)[C@H](O)CC(=O)NC[C@H](C)c1ccccc1,1506851_14585674
0.34146341463414637,COC(=O)[C@H](O)CC(=O)Nc1ccc2c(n1)OCO2,18532389_14585674
0.6323529411764706,CC(=O)N[C@@H](C)CC(=O)Nc1nncc2ccccc12,20984652_19092047
0.47297297297297297,Nc1cnc(C(=O)Nc2nncc3ccccc23)cn1,20984652_23528995
0.2962962962962963,COC(=O)[C@H](O)CC(=O)NCC[C@H](O)c1ccco1,19674832_14585674
0.35064935064935066,COC(=O)[C@H](O)CC(=O)Nc1cc(F)nc(OC)c1,220491740_14585674
0.37333333333333335,COC(=O)[C@H](O)CC(=O)Nc1cnn(C(C)C)c1C,20314572_14585674
0.3783783783783784,COC(=O)[C@H](O)CC(=O)Nc1ccncc1C,4721887_14585674
0.3783783783783784,COC(=O)[C@H](O)CC(=O)Nc1cnccc1F,90411772_14585674
0.5064935064935064,C[C@]1(CC(=O)Nc2nncc3ccccc23)CCCN1,20984652_228975289
0.44155844155844154,O=C(Nc1nncc2ccccc12)c1ccc(=O)[nH]n1,20984652_1087916
0.5,C[C@@H](C(=O)Nc1nncc2ccccc12)n1cccc1,20984652_106408
0.35135135135135137,CC[C@](C)(NC(=O)C[C@@H](O)C(=O)OC)c1ccccc1,3136326_14585674
0.43037974683544306,C#Cc1cccc(C(=O)Nc2nncc3ccccc23)n1,20984652_82046790
0.3466666666666667,COC(=O)[C@H](O)CC(=O)NC(=N)Cc1ccccc1,331952_14585674
0.3780487804878049,COC(=O)[C@H](O)CC(=O)Nc1cnc2ncccc2c1,26459506_14585674
0.5135135135135135,O=C(Cn1cnnn1)Nc1nncc2ccccc12,20984652_967442
0.6231884057971014,CC[C@H](CC(=O)Nc1nncc2ccccc12)[C@H](C)N,20984652_72208263
0.4166666666666667,COC(=O)[C@H](O)CC(=O)Nc1cc(C)cnn1,34354816_14585674
0.39436619718309857,COC(=O)[C@H](O)CC(=O)Nc1ccc(C)nn1,153000_14585674
0.4166666666666667,COC(=O)[C@H](O)CC(=O)Nc1ncc(C)cc1C,26146228_14585674
0.3625,COC(=O)[C@H](O)CC(=O)Nc1cccn2nccc12,107323833_14585674
0.5909090909090909,CNC(=O)CCC(=O)Nc1nncc2ccccc12,20984652_409891
0.49333333333333335,Cn1cc(C(=O)Nc2nncc3ccccc23)c(F)n1,20984652_203089095
0.5,Nc1cn(CC(=O)Nc2nncc3ccccc23)nn1,20984652_82409812
0.4166666666666667,COC(=O)[C@H](O)CC(=O)Nc1ncncc1F,3130164_14585674
0.45454545454545453,O=C(Nc1nncc2ccccc12)c1ccncc1F,20984652_1595320
0.6323529411764706,CCC[C@H](C)CC(=O)Nc1nncc2ccccc12,20984652_2037119
0.34177215189873417,COC(=O)[C@H](O)CC(=O)NC(=N)c1cccc(C)n1,34257769_14585674
0.4864864864864865,O=C(Nc1nncc2ccccc12)c1n[nH]cc1F,20984652_95870698
0.4657534246575342,O=C(Nc1nncc2ccccc12)c1ccccc1O,20984652_1554
0.5797101449275363,C[C@@H](N)CCC(=O)Nc1nncc2ccccc12,20984652_1706201
0.38271604938271603,COC(=O)[C@H](O)CC(=O)Nc1ncnc2cccnc12,13517868_14585674
0.45454545454545453,Cc1nccc(C(=O)Nc2nncc3ccccc23)n1,20984652_19737067
0.6056338028169014,CCCC[C@@H](C)CC(=O)Nc1nncc2ccccc12,20984652_2578913
0.38666666666666666,CCOc1ccc(NC(=O)C[C@@H](O)C(=O)OC)nn1,16677890_14585674
0.35365853658536583,COC(=O)[C@H](O)CC(=O)Nc1nc2cnccc2o1,34257684_14585674
0.28378378378378377,COC(=O)C[C@H](CNC(=O)C[C@@H](O)C(=O)OC)OC,98096560_14585674
0.5797101449275363,COCCCC(=O)Nc1nncc2ccccc12,20984652_5997802
0.5507246376811594,CO[C@H](C)[C@H](O)C(=O)Nc1nncc2ccccc12,20984652_1586416
0.6515151515151515,C[C@H](CC(=O)Nc1nncc2ccccc12)C(N)=O,20984652_77260149
0.52,Cc1ccn(CC(=O)Nc2nncc3ccccc23)n1,20984652_2549361
0.2948717948717949,COC(=O)[C@H](O)CC(=O)NCc1nnc(OC)o1,84324573_14585674
0.5277777777777778,CC(C)(C)C[C@@H](N)C(=O)Nc1nncc2ccccc12,20984652_391811
0.35714285714285715,COC(=O)[C@H](O)CC(=O)Nc1cc(O)cc(O)c1,157870_14585674
0.33766233766233766,COC(=O)[C@H](O)CC(=O)NCCOc1ccccc1,2039265_14585674
0.6231884057971014,C[C@H](CC(=O)Nc1nncc2ccccc12)C1CC1,20984652_20259950
0.410958904109589,COC(=O)[C@H](O)CC(=O)Nc1nccc(C)c1F,21981826_14585674
0.37037037037037035,COC(=O)[C@H](O)CC(=O)Nc1c[nH]c2ncccc12,14984902_14585674
0.345679012345679,COC(=O)[C@H](O)CC(=O)Nc1ccc2ccn(C)c2n1,215598449_14585674
0.48,O=C(Nc1nncc2ccccc12)[C@@H](O)c1ccco1,20984652_221509
0.4594594594594595,O=C(Nc1nncc2ccccc12)c1cccnc1,20984652_1795
0.5857142857142857,CC[C@H](C)OCC(=O)Nc1nncc2ccccc12,20984652_34306553
0.5277777777777778,O=C(CN1CC=CC1)Nc1nncc2ccccc12,20984652_113215262
0.5694444444444444,CCC[C@@H](O)CCC(=O)Nc1nncc2ccccc12,20984652_3846437
0.578125,C[C@H](O)C(=O)Nc1nncc2ccccc12,20984652_4658560
0.5735294117647058,O=C(COC(F)(F)F)Nc1nncc2ccccc12,20984652_32629452
0.45454545454545453,Cc1cccnc1C(=O)Nc1nncc2ccccc12,20984652_1701247
0.3783783783783784,COC(=O)[C@H](O)CC(=O)Nc1ccccc1C(F)F,77032059_14585674
0.5522388059701493,CO[C@H](C)C(=O)Nc1nncc2ccccc12,20984652_2382888
0.4305555555555556,CCc1cccnc1NC(=O)C[C@@H](O)C(=O)OC,21985770_14585674
0.36,COC(=O)[C@H](O)CC(=O)Nc1cnc(F)cc1F,95830354_14585674
0.3291139240506329,COC(=O)[C@H](O)CC(=O)N[C@H](C)c1ccncc1C,83267502_14585674
0.43209876543209874,N#Cc1ncccc1C(=O)Nc1nncc2ccccc12,20984652_14684159
0.3488372093023256,COC(=O)[C@H](O)CC(=O)Nc1nccc2c1CNCC2,24624522_14585674
0.2898550724637681,COC(=O)[C@H](O)CC(=O)N[C@@H](C(=O)OC)[C@@H](C)O,34924611_14585674
0.5,C[C@@H](CCF)[C@@H](N)C(=O)Nc1nncc2ccccc12,20984652_1743352
0.37333333333333335,COC(=O)[C@H](O)CC(=O)Nc1ncc(C(=O)O)n1C,36243908_14585674
0.6285714285714286,C[C@@H](CC(=O)Nc1nncc2ccccc12)NCCO,20984652_35749904
0.3717948717948718,CCCc1cccc(NC(=O)C[C@@H](O)C(=O)OC)n1,2504555_14585674
0.28,CC[C@@H](C)[C@@H](C#N)NC(=O)C[C@@H](O)C(=O)OC,34144000_14585674
0.5205479452054794,O=C(Nc1nncc2ccccc12)[C@@H](O)CC1CC1,20984652_104709500
0.358974358974359,CCOc1cncc(NC(=O)C[C@@H](O)C(=O)OC)n1,39235980_14585674
0.4,COC(=O)[C@H](O)CC(=O)Nc1cccc2ccncc12,8698449_14585674
0.5138888888888888,CC(C)C[C@@H](N)C(=O)Nc1nncc2ccccc12,20984652_388396
0.5205479452054794,CC(C)C[C@@](C)(F)C(=O)Nc1nncc2ccccc12,20984652_107273377
0.6515151515151515,CC[C@@H](N)CC(=O)Nc1nncc2ccccc12,20984652_12648171
0.6056338028169014,C[C@H](CC(=O)Nc1nncc2ccccc12)C1CCC1,20984652_82839044
0.358974358974359,C/N=C(/NC(=O)C[C@@H](O)C(=O)OC)c1ccccn1,32166315_14585674
0.6323529411764706,CC[C@H](CN)CC(=O)Nc1nncc2ccccc12,20984652_26376875
0.4264705882352941,COC(=O)[C@H](O)CC(=O)Nc1n[nH]cc1C,35655479_14585674
0.44285714285714284,COC(=O)[C@H](O)CC(=O)Nc1ncccc1Cl,19737460_14585674
0.34523809523809523,COC(=O)[C@H](O)CC(=O)Nc1cnc2c(C)cccn12,22048575_14585674
0.35526315789473684,COC(=O)[C@H](O)CC(=O)Nc1cnc(OC)c(F)c1,38339257_14585674
0.5774647887323944,CCC[C@@H](C)OCC(=O)Nc1nncc2ccccc12,20984652_1693442
0.379746835443038,COC(=O)[C@H](O)CC(=O)Nc1nnc2ccccn12,8616242_14585674
0.4,COC(=O)[C@H](O)CC(=O)Nc1cccc2ccnnc12,24602504_14585674
0.45454545454545453,Cc1cnccc1C(=O)Nc1nncc2ccccc12,20984652_1420691
0.52,Cc1oncc1CC(=O)Nc1nncc2ccccc12,20984652_82410135
0.3466666666666667,COC(=O)[C@H](O)CC(=O)NCc1nncn1C,19809501_14585674
0.5857142857142857,CC(C)C[C](N)CC(=O)Nc1nncc2ccccc12,20984652_1560407699
0.44155844155844154,Nc1ccnc(C(=O)Nc2nncc3ccccc23)c1,20984652_2456180
0.6142857142857143,C[C@H](CC(=O)Nc1nncc2ccccc12)NC(=N)N,20984652_2044818
0.5066666666666667,O=C(Nc1nncc2ccccc12)[C@@H](O)CC1CCC1,20984652_104723567
0.52,COCCC[C@@H](N)C(=O)Nc1nncc2ccccc12,20984652_37753862
0.4666666666666667,Cc1nc(C(=O)Nc2nncc3ccccc23)c(C)o1,20984652_49934280
0.5416666666666666,COC(=O)C[C@@H](N)C(=O)Nc1nncc2ccccc12,20984652_2560671
0.5135135135135135,O=C(Cc1ccno1)Nc1nncc2ccccc12,20984652_20417415
0.40963855421686746,N#Cc1cc(C(=O)Nc2nncc3ccccc23)ccn1,20984652_2525020
0.375,COC(=O)[C@H](O)CC(=O)Nc1ncc(C(C)C)cn1,21301164_14585674
0.5441176470588235,C[C@H](O)[C@H](N)C(=O)Nc1nncc2ccccc12,20984652_1747072
0.3466666666666667,COC(=O)[C@H](O)CC(=O)Nc1sc(OC)nc1C,82839718_14585674
0.3684210526315789,COC(=O)[C@H](O)CC(=O)Nc1cnc(Cl)nc1C,1764830_14585674
0.3918918918918919,COC(=O)[C@H](O)CC(=O)Nc1ncn(C)c1C(=O)O,77271318_14585674
0.5571428571428572,CCCC(=O)NCC(=O)Nc1nncc2ccccc12,20984652_5509432
0.325,COC(=O)[C@H](O)CC(=O)N[C@H](C)Cc1ccccn1,11570828_14585674
0.5416666666666666,CC[C@@H](C)[C@H](OC)C(=O)Nc1nncc2ccccc12,20984652_159685980
0.5135135135135135,O=C(Cc1csnn1)Nc1nncc2ccccc12,20984652_82839641
0.6231884057971014,CCC[C@H](CC)CC(=O)Nc1nncc2ccccc12,20984652_2006815
0.32894736842105265,COC(=O)[C@H](O)CC(=O)NCc1nnco1,4205192_14585674
0.2631578947368421,COC(=O)[C@H](O)CC(=O)N[C@H](CC1CC1)C(=O)OC,69553574_14585674
0.4666666666666667,Cc1cnc(C(=O)Nc2nncc3ccccc23)[nH]1,20984652_19093618
0.5138888888888888,CO[C@@H](C)[C@@H](N)C(=O)Nc1nncc2ccccc12,20984652_1700277
0.36619718309859156,COC(=O)[C@H](O)CC(=O)Nc1nc(C)n[nH]1,2566399_14585674
0.5205479452054794,O=C(CCn1cccc1)Nc1nncc2ccccc12,20984652_1673860
0.4084507042253521,COC(=O)[C@H](O)CC(=O)Nc1nccnc1OC,20357594_14585674
0.5441176470588235,C[C@@H](O)[C@@H](N)C(=O)Nc1nncc2ccccc12,20984652_895399
0.3291139240506329,COC(=O)[C@H](O)CC(=O)N[C@@H](C#N)Cc1ccccc1,20282709_14585674
0.2916666666666667,C=C(C)C[C@@H](NC(=O)C[C@@H](O)C(=O)OC)C(=O)OC,38948743_14585674
0.3466666666666667,COC(=O)[C@H](O)CC(=O)N[C@H](C)Cc1ccccc1,6036847_14585674
0.3116883116883117,COC(=O)[C@H](O)CC(=O)N[C@H](C)c1cnc(C)nc1,77303287_14585674
0.4935064935064935,O=C(CNc1ccn[nH]1)Nc1nncc2ccccc12,20984652_16957694
0.36,COC(=O)[C@H](O)CC(=O)Nc1cc(OC)n(C)n1,95883747_14585674
0.4533333333333333,Nc1ccc(C(=O)Nc2nncc3ccccc23)nc1,20984652_2584046
0.3291139240506329,CC[C@H](NC(=O)C[C@@H](O)C(=O)OC)c1ccccn1,19091456_14585674
0.4935064935064935,O=C(CCc1ccon1)Nc1nncc2ccccc12,20984652_20417434
0.5857142857142857,CC[C@H](O)CCC(=O)Nc1nncc2ccccc12,20984652_3650179
0.36486486486486486,COC(=O)[C@H](O)CC(=O)Nc1ccc(O)c(F)c1F,2243354_14585674
0.391304347826087,COC(=O)[C@H](O)CC(=O)Nc1ccco1,6093512_14585674
0.4,COC(=O)[C@H](O)CC(=O)Nc1ccccc1Cl,164914_14585674
0.5714285714285714,CC(C)CNCC(=O)Nc1nncc2ccccc12,20984652_20376249
0.3684210526315789,COC(=O)c1cnc(NC(=O)C[C@@H](O)C(=O)OC)o1,15021590_14585674
0.52,Cn1nnnc1CC(=O)Nc1nncc2ccccc12,20984652_1564367
0.35064935064935066,COC(=O)[C@H](O)CC(=O)Nc1nc(C)cc(OC)n1,389856_14585674
0.6231884057971014,CCC[C@H](N)CC(=O)Nc1nncc2ccccc12,20984652_26895613
0.3373493975903614,COC(=O)[C@H](O)CC(=O)NCc1nc2ccccc2o1,5771233_14585674
0.5205479452054794,COCC[C@H](C)C(=O)Nc1nncc2ccccc12,20984652_34319315
0.6515151515151515,C[C@@H](N)[C@@H](C)CC(=O)Nc1nncc2ccccc12,20984652_72208144
0.6056338028169014,CCCC[C@H](C)CC(=O)Nc1nncc2ccccc12,20984652_2526817
0.3132530120481928,COC(=O)[C@H](O)CC(=O)N[C@H]1CCn2cnnc21,96509897_14585674
0.6363636363636364,NC(=O)[C@H](N)CC(=O)Nc1nncc2ccccc12,20984652_1607276
0.358974358974359,COC(=O)[C@H](O)CC(=O)Nc1nccc(SC)n1,1675981_14585674
0.4,CNc1ccccc1NC(=O)C[C@@H](O)C(=O)OC,395550_14585674
0.3333333333333333,COC(=O)[C@H](O)CC(=O)NC[C@H](C)c1cccs1,6408903_14585674
0.6515151515151515,C[C@@H](CC(=O)Nc1nncc2ccccc12)C(C)(C)C,20984652_5368207
0.3132530120481928,COC(=O)[C@H](O)CC(=O)NCCOc1cccnc1,33961386_14585674
0.5205479452054794,C[C@H](NC(=O)CN)C(=O)Nc1nncc2ccccc12,20984652_1730665
0.3333333333333333,COC(=O)[C@H](O)CC(=O)NCC[C@@H](C)c1ccccc1,11629489_14585674
0.6142857142857143,CC[C@@H](C)[C@@H](N)CC(=O)Nc1nncc2ccccc12,20984652_170370
0.35,COCCn1nccc1NC(=O)C[C@@H](O)C(=O)OC,39118690_14585674
0.4230769230769231,COC(=O)[C@H](O)CC(=O)Nc1nc(C)nc2[nH]ccc12,39052756_14585674
0.5633802816901409,COCC(C)(C)CC(=O)Nc1nncc2ccccc12,20984652_87924318
0.32894736842105265,COC(=O)[C@H](O)CC(=O)Nc1c[nH]cc(OC)c1=O,35605540_14585674
0.3291139240506329,CCSc1noc(NC(=O)C[C@@H](O)C(=O)OC)n1,62709488_14585674
0.4189189189189189,COC(=O)[C@H](O)CC(=O)Nc1ncccc1[C@H](C)O,21985760_14585674
0.4,COC(=O)[C@H](O)CC(=O)Nc1ncc(F)cc1OC,98181123_14585674
0.5492957746478874,CC/C(C)=C/CC(=O)Nc1nncc2ccccc12,20984652_34246095
0.5066666666666667,O=C(Nc1nncc2ccccc12)[C@H](O)CC1CCC1,20984652_78753420
0.3125,COC(=O)[C@H](O)CC(=O)N[C@H](C)c1ncccc1F,44138870_14585674
0.4605263157894737,Cc1cc(C(=O)Nc2nncc3ccccc23)n[nH]1,20984652_3982495
0.3333333333333333,COC(=O)[C@H](O)CC(=O)N[C@@H](C)CCc1ccccc1,1705109_14585674
0.5882352941176471,CC(=O)C[C@@H](O)C(=O)Nc1nncc2ccccc12,20984652_14500538
0.32142857142857145,COC(=O)[C@H](O)CC(=O)NCc1cccc2ccoc12,82839953_14585674
0.3783783783783784,COC(=O)[C@H](O)CC(=O)Nc1ccc[nH]c1=O,8698104_14585674
0.47297297297297297,Cc1ccc(C(=O)Nc2nncc3ccccc23)nc1,20984652_2383150
0.6515151515151515,C[C@H](N)[C@@H](C)CC(=O)Nc1nncc2ccccc12,20984652_72208146
0.52,Cc1cc[nH]c1CC(=O)Nc1nncc2ccccc12,20984652_40546654
0.4246575342465753,COC(=O)[C@H](O)CC(=O)Nc1ncccc1OC,14982093_14585674
0.37333333333333335,COCc1ccccc1NC(=O)C[C@@H](O)C(=O)OC,13346815_14585674
0.527027027027027,CCCCC[C@H](O)C(=O)Nc1nncc2ccccc12,20984652_3846438
0.4605263157894737,O=C1C=C[C@@H](C(=O)Nc2nncc3ccccc23)N=N1,20984652_198676913
0.36585365853658536,COC(=O)[C@H](O)CC(=O)Nc1cccc2cn(C)nc12,1393768_14585674
0.5277777777777778,N=C(O)NCCC(=O)Nc1nncc2ccccc12,20984652_82071923
0.5135135135135135,O=C(Cn1ccnn1)Nc1nncc2ccccc12,20984652_2513904
0.5882352941176471,CC[S@](=O)CC(=O)Nc1nncc2ccccc12,20984652_19092572
0.5135135135135135,CCCC[C@H](OC)C(=O)Nc1nncc2ccccc12,20984652_96585170
0.4657534246575342,O=C(Nc1nncc2ccccc12)c1nncs1,20984652_2548448
0.4657534246575342,O=C(Nc1nncc2ccccc12)c1ccnnc1,20984652_154089
0.5857142857142857,C[C@H](O)CNCC(=O)Nc1nncc2ccccc12,20984652_34286883
0.4935064935064935,O=C(CCc1cnc[nH]1)Nc1nncc2ccccc12,20984652_91688852
0.34177215189873417,COC(=O)[C@H](O)CC(=O)Nc1cnn(C)c1C#N,75847251_14585674
0.5135135135135135,CC(=O)CC[C@H](N)C(=O)Nc1nncc2ccccc12,20984652_895890
0.35443037974683544,COC(=O)[C@H](O)CC(=O)Nc1cccc2[nH]ccc12,153904_14585674
0.4246575342465753,COC(=O)[C@H](O)CC(=O)Nc1nc(Cl)ncc1F,1718953_14585674
0.39436619718309857,COC(=O)[C@H](O)CC(=O)Nc1cnnn1C,39280719_14585674
0.52,Cc1cncn1CC(=O)Nc1nncc2ccccc12,20984652_39320988
0.31645569620253167,COC(=O)[C@H](O)CC(=O)NC[C@@H](O)c1cccn1C,21949090_14585674
0.3875,COC(=O)[C@H](O)CC(=O)Nc1n[nH]c2c1cnn2C,4880233_14585674
0.3176470588235294,COC(=O)[C@H](O)CC(=O)Nc1ccc2c(c1)CCN2C,12370604_14585674
0.5714285714285714,C[C@H](N)C(C)(C)CC(=O)Nc1nncc2ccccc12,20984652_72208361
0.5857142857142857,CO[C@@H](C)CCC(=O)Nc1nncc2ccccc12,20984652_5085437
0.4666666666666667,O=C(Nc1nncc2ccccc12)c1sccc1F,20984652_334390
0.5735294117647058,CC(=O)N(C)CC(=O)Nc1nncc2ccccc12,20984652_12480427
0.3466666666666667,COC(=O)[C@H](O)CC(=O)N[C@H](C)[C@@H](C)c1ccccc1,1670064_14585674
0.4027777777777778,COC(=O)[C@H](O)CC(=O)Nc1cccc(F)n1,19616089_14585674
0.345679012345679,COC(=O)[C@H](O)CC(=O)Nc1ccc(C)nc1C1CC1,252495761_14585674
0.3333333333333333,COCc1cc(NC(=O)C[C@@H](O)C(=O)OC)on1,26512604_14585674
0.5757575757575758,O=C(Nc1nncc2ccccc12)[C@H](O)CO,20984652_895140
0.4675324675324675,CCc1nc(C(=O)Nc2nncc3ccccc23)co1,20984652_34924959
0.3974358974358974,COC(=O)[C@H](O)CC(=O)Nc1cn(C)c2ccccc12,71495343_14585674
0.4675324675324675,O=C(Nc1nncc2ccccc12)[C@@H](O)c1ccoc1,20984652_22204565
0.4594594594594595,Nc1nnc(C(=O)Nc2nncc3ccccc23)o1,20984652_74934369
0.527027027027027,Cc1nnc(CC(=O)Nc2nncc3ccccc23)o1,20984652_20216445
0.671875,CC(C)[C@@H](C)CC(=O)Nc1nncc2ccccc12,20984652_2042250
0.28169014084507044,COC(=O)[C@H](O)CC(=O)N[C@@H](C#N)C(=O)OC,78724317_14585674
0.6231884057971014,C[C@@H](CCN)CC(=O)Nc1nncc2ccccc12,20984652_78809019
0.5735294117647058,CNC(=O)CCCC(=O)Nc1nncc2ccccc12,20984652_35721147
0.6515151515151515,CS[C@H](C)CC(=O)Nc1nncc2ccccc12,20984652_5751156
0.35443037974683544,COC(=O)[C@H](O)CC(=O)Nc1cnnn1C1CC1,257817548_14585674
0.3783783783783784,COC(=O)[C@H](O)CC(=O)Nc1ccncc1F,330815_14585674
0.41333333333333333,C#Cc1cccnc1NC(=O)C[C@@H](O)C(=O)OC,72230789_14585674
0.5522388059701493,C[C@H](O)[C@@H](C)C(=O)Nc1nncc2ccccc12,20984652_6036974
0.37333333333333335,COC(=O)[C@H](O)CC(=O)Nc1ncc(Cl)c(C)n1,39053256_14585674
0.37333333333333335,CCn1nncc1NC(=O)C[C@@H](O)C(=O)OC,39280721_14585674
0.4788732394366197,O=C(Nc1nncc2ccccc12)c1ncccn1,20984652_2570791
0.4666666666666667,Cc1ccc(C(=O)Nc2nncc3ccccc23)cn1,20984652_391224
0.46153846153846156,CCc1nocc1C(=O)Nc1nncc2ccccc12,20984652_82410139
0.35526315789473684,COC(=O)[C@H](O)CC(=O)NCc1cccnn1,2548441_14585674
0.5068493150684932,CO[C@@H](NC(N)=O)C(=O)Nc1nncc2ccccc12,20984652_2025419
0.40789473684210525,COC(=O)[C@H](O)CC(=O)Nc1ncc(C#N)nc1C#N,8698500_14585674
0.5205479452054794,CC(C)C[C@](C)(F)C(=O)Nc1nncc2ccccc12,20984652_107273374
0.38666666666666666,COC(=O)[C@H](O)CC(=O)Nc1cnc(Cl)c(C)n1,72187442_14585674
0.4533333333333333,O=C(Nc1nncc2ccccc12)c1ccc(O)nc1,20984652_8576188
0.3333333333333333,COC(=O)[C@H](O)CC(=O)N[C@H](C)CCc1ccccc1,1665103_14585674
0.3698630136986301,COC(=O)[C@H](O)CC(=O)Nc1cnn(C)c1Cl,104583806_14585674
0.37333333333333335,COC(=O)[C@H](O)CC(=O)Nc1ccc(C)nc1Cl,2384060_14585674
0.38028169014084506,COC(=O)[C@H](O)CC(=O)Nc1cc(C)no1,1604212_14585674
0.3783783783783784,COC(=O)c1ccc(NC(=O)C[C@@H](O)C(=O)OC)[nH]1,84325574_14585674
0.3888888888888889,COC(=O)[C@H](O)CC(=O)Nc1ccccc1OC,404293_14585674
0.5352112676056338,CC(C)(CN)[C@@H](O)C(=O)Nc1nncc2ccccc12,20984652_366418
0.4794520547945205,O=C(Nc1nncc2ccccc12)c1ncc(F)cn1,20984652_85219504
0.5277777777777778,CCC[C@H](OC)C(=O)Nc1nncc2ccccc12,20984652_22122715
0.5882352941176471,COC(C)(C)CC(=O)Nc1nncc2ccccc12,20984652_88189688
0.33766233766233766,CC[C@H](Cc1ccccc1)NC(=O)C[C@@H](O)C(=O)OC,4072148_14585674
0.27631578947368424,CCOC(=O)C[C@@H](O)CNC(=O)C[C@@H](O)C(=O)OC,1671855_14585674
0.44155844155844154,Nc1nnccc1C(=O)Nc1nncc2ccccc12,20984652_4202687
0.37037037037037035,COC(=O)[C@H](O)CC(=O)Nc1cccc2c(C)n[nH]c12,4342671_14585674
0.37333333333333335,COC(=O)[C@H](O)CC(=O)Nc1ccc(C#N)nn1,40448547_14585674
0.3333333333333333,COC(=O)[C@H](O)CC(=O)N[C@@H](c1ccccc1)C1CC1,3739100_14585674
0.3815789473684211,COC(=O)[C@H](O)CC(=O)NC1=NC(=O)c2ccccc21,4528689_14585674
0.38666666666666666,COC(=O)[C@H](O)CC(=O)Nc1ccc(CO)c(C)n1,72224118_14585674
0.34615384615384615,COC(=O)[C@H](O)CC(=O)NCc1cc(C)cnn1,95743290_14585674
0.5454545454545454,C[C@@H](N)C(=O)Nc1nncc2ccccc12,20984652_4658556
0.35064935064935066,COC(=O)[C@H](O)CC(=O)Nc1cc(C)nc(OC)n1,25491744_14585674
0.425,O=C(Nc1nncc2ccccc12)[C@H]1Cc2ccccc21,20984652_389502
0.3058823529411765,COC(=O)[C@H](O)CC(=O)NCc1cccnc1C1CC1,17939046_14585674
0.36363636363636365,COC(=O)[C@H](O)CC(=O)Nc1cccnc1C#N,1433329_14585674
0.5352112676056338,COC[C@@H](N)C(=O)Nc1nncc2ccccc12,20984652_1691081
0.4722222222222222,O=C(Nc1nncc2ccccc12)c1ccco1,20984652_158555
0.3333333333333333,COC(=O)[C@H](O)CC(=O)N[C@H](CO)c1ccccn1,39050026_14585674
0.5211267605633803,COCC(C)(C)C(=O)Nc1nncc2ccccc12,20984652_19093215
0.5135135135135135,Nc1cnn(CC(=O)Nc2nncc3ccccc23)c1,20984652_2537419
0.40789473684210525,COC(=O)[C@H](O)CC(=O)Nc1ncc(C#N)nc1C,91692971_14585674
0.6417910447761194,CC(C)N[C@H](C)CC(=O)Nc1nncc2ccccc12,20984652_35747434
0.47368421052631576,O=C(Nc1nncc2ccccc12)[C@@H](O)c1cnc[nH]1,20984652_34498508
0.3466666666666667,COC(=O)[C@H](O)CC(=O)NCc1cnoc1,9355849_14585674
0.47297297297297297,Cc1nc(C(=O)Nc2nncc3ccccc23)c[nH]1,20984652_1701248
0.5571428571428572,O=C(COC1CC1)Nc1nncc2ccccc12,20984652_104735165
0.4675324675324675,C[C@@H](C(=O)Nc1nncc2ccccc12)c1ccn[nH]1,20984652_80058502
0.4666666666666667,Cc1cnc(C(=O)Nc2nncc3ccccc23)cn1,20984652_1320164
0.36363636363636365,COC(=O)[C@H](O)CC(=O)Nc1cnn(C)c1C(F)F,85634394_14585674
0.29850746268656714,COC(=O)[C@H](O)CC(=O)NC(=O)CC(C)C,158116_14585674
0.5652173913043478,C/C=C/CCC(=O)Nc1nncc2ccccc12,20984652_5132839
0.34146341463414637,COC(=O)[C@H](O)CC(=O)Nc1ccnn2ccnc12,75524735_14585674
0.35365853658536583,COC(=O)[C@H](O)CC(=O)Nc1ccnc2[nH]ncc12,31729952_14585674
0.6615384615384615,CN[C@H](C)CC(=O)Nc1nncc2ccccc12,20984652_13347076
0.49333333333333335,COC[C@@](C)(CN)C(=O)Nc1nncc2ccccc12,20984652_234876223
0.3625,COC(=O)[C@H](O)CC(=O)Nc1ccc2cncn2c1,18555953_14585674
0.47297297297297297,Cn1nnc(C(=O)Nc2nncc3ccccc23)n1,20984652_1564369
0.3375,COC(=O)[C@H](O)CC(=O)Nc1cccc(OC)c1C#N,21304506_14585674
0.2948717948717949,COC(=O)[C@H](O)CC(=O)NC(=S)c1ccoc1,161816_14585674
0.3783783783783784,COC(=O)[C@H](O)CC(=O)Nc1cnccc1C,2582043_14585674
0.34615384615384615,COC(=O)[C@H](O)CC(=O)Nc1c(F)ccnc1OC,39051119_14585674
0.5714285714285714,CC(C)NCCC(=O)Nc1nncc2ccccc12,20984652_12505518
0.4305555555555556,COC(=O)[C@H](O)CC(=O)Nc1ncnc(F)c1C,39053527_14585674
0.5352112676056338,CN[C@H](COC)C(=O)Nc1nncc2ccccc12,20984652_14696243
0.35526315789473684,COC(=O)[C@H](O)CC(=O)NC(=O)c1cccnn1,1700271_14585674
0.4533333333333333,O=C(Nc1nncc2ccccc12)c1ccnnc1O,20984652_20357821
0.5972222222222222,CCCC[C@H](N)CC(=O)Nc1nncc2ccccc12,20984652_2124044
0.4935064935064935,O=C(CCc1nnn[nH]1)Nc1nncc2ccccc12,20984652_34925418
0.37333333333333335,CCC(=O)c1ccccc1NC(=O)C[C@@H](O)C(=O)OC,1635722_14585674
0.5285714285714286,C[C@@H](O)[C@@](C)(O)C(=O)Nc1nncc2ccccc12,20984652_1731112
0.5,C[C@H](CCF)[C@H](N)C(=O)Nc1nncc2ccccc12,20984652_1743349
0.6285714285714286,CCCC[C@H](O)CC(=O)Nc1nncc2ccccc12,20984652_33903518
0.38666666666666666,CCn1cc(Cl)c(NC(=O)C[C@@H](O)C(=O)OC)n1,2537813_14585674
0.2876712328767123,CNC(=O)C[C@H](C)[C@H](C)NC(=O)C[C@@H](O)C(=O)OC,72208150_14585674
0.375,COC(=O)[C@H](O)CC(=O)Nc1ccc2cccnc2n1,5394946_14585674
0.609375,CNC(=O)CC(=O)Nc1nncc2ccccc12,20984652_5996102
0.4605263157894737,O=C(Nc1nncc2ccccc12)c1cc(F)n[nH]1,20984652_307076819
0.6461538461538462,N[C@@H](CO)CC(=O)Nc1nncc2ccccc12,20984652_4181821
0.3972602739726027,COC(=O)[C@H](O)CC(=O)Nc1ncnc(C)c1C,25494518_14585674
0.3048780487804878,COC(=O)[C@H](O)CC(=O)NCc1ccnc(OC)n1,72206915_14585674
0.35526315789473684,CCn1sc(NC(=O)C[C@@H](O)C(=O)OC)nc1=O,72226359_14585674
0.5633802816901409,CCOC(=O)[C@H](C)C(=O)Nc1nncc2ccccc12,20984652_2564880
0.6825396825396826,C[C@@H](N)CC(=O)Nc1nncc2ccccc12,20984652_1713399
0.5205479452054794,O=C(Cc1ccco1)Nc1nncc2ccccc12,20984652_1841060
0.3815789473684211,CNc1ncccc1NC(=O)C[C@@H](O)C(=O)OC,19770005_14585674
0.4166666666666667,COC(=O)[C@H](O)CC(=O)Nc1nnc(Cl)cc1C,39212995_14585674
0.4473684210526316,Nc1ccoc1C(=O)Nc1nncc2ccccc12,20984652_82046518
0.3253012048192771,COC(=O)[C@H](O)CC(=O)NC/C=C/c1cccnc1,34592685_14585674
0.410958904109589,COC(=O)[C@H](O)CC(=O)Nc1cc(Cl)cnn1,34120869_14585674
0.34615384615384615,COC(=O)[C@H](O)CC(=O)N[C@@H](C)c1cccc(F)n1,104665084_14585674
0.4722222222222222,O=C(Nc1nncc2ccccc12)c1cccs1,20984652_157468
0.358974358974359,CCCn1cnnc1NC(=O)C[C@@H](O)C(=O)OC,5844993_14585674
0.4166666666666667,COC(=O)[C@H](O)CC(=O)Nc1cnnc(Cl)c1,34225738_14585674
0.44871794871794873,Cc1cncnc1C(=O)Nc1nncc2ccccc12,20984652_71624795
0.5277777777777778,CC(C)(C)C[C@H](N)C(=O)Nc1nncc2ccccc12,20984652_391810
0.36585365853658536,COC(=O)[C@H](O)CC(=O)Nc1cn(C)c2ncccc12,75585731_14585674
0.3103448275862069,COC(=O)[C@H](O)CC(=O)NCc1nc2cnccc2o1,82840131_14585674
0.3333333333333333,COC(=O)[C@H](O)CC(=O)N[C@H](C)c1ccns1,73657687_14585674
0.35064935064935066,COC(=O)[C@H](O)CC(=O)NC[C@H](C)Cc1ccccc1,11974902_14585674
0.3373493975903614,COC(=O)[C@H](O)CC(=O)Nc1ccc2c(c1)C[C@@H](C)O2,15635653_14585674
0.45454545454545453,Cn1ncc(N)c1C(=O)Nc1nncc2ccccc12,20984652_2534273
0.4935064935064935,O=C(CCc1ccno1)Nc1nncc2ccccc12,20984652_4997825
0.4931506849315068,COC(=O)[C@@H]1C[C@H]1C(=O)Nc1nncc2ccccc12,20984652_39240023
0.5555555555555556,CC(C)CN(C)CC(=O)Nc1nncc2ccccc12,20984652_1677388
0.3684210526315789,COC(=O)[C@H](O)CC(=O)Nc1cccnc1CO,21985292_14585674
0.6231884057971014,CCC[C@@H](CC)CC(=O)Nc1nncc2ccccc12,20984652_2006814
0.33783783783783783,COC(=O)[C@H](O)CC(=O)N[C@H](C)c1cccs1,556235_14585674
0.3815789473684211,COC(=O)[C@H](O)CC(=O)Nc1ccncc1CO,4352674_14585674
0.47435897435897434,CCc1conc1C(=O)Nc1nncc2ccccc12,20984652_71614234
0.29411764705882354,COC(=O)[C@H](O)CC(=O)NC1(C)C(C)(C)C1(C)C,685944158_14585674
0.3373493975903614,COC(=O)[C@H](O)CC(=O)Nc1cc2cc[nH]c2nc1C,95803781_14585674
0.4605263157894737,Cn1ncc(C(=O)Nc2nncc3ccccc23)c1O,20984652_71495314
0.6567164179104478,C/C=C/[C@@H](O)CC(=O)Nc1nncc2ccccc12,20984652_31161983
0.37037037037037035,COC(=O)[C@H](O)CC(=O)Nc1ncnc2cn[nH]c12,4822317_14585674
0.3333333333333333,C#CCc1c[nH]c(NC(=O)C[C@@H](O)C(=O)OC)n1,104644993_14585674
0.35135135135135137,COC(=O)[C@H](O)CC(=O)NC(=O)Oc1ccccc1,404454_14585674
0.3,CC[C@@H](CNC(=O)C[C@@H](O)C(=O)OC)C(=O)OC,78724895_14585674
0.44871794871794873,O=C(Nc1nncc2ccccc12)c1n[nH]ccc1=O,20984652_90225724
0.5205479452054794,COC[C@H](C)[C@H](C)C(=O)Nc1nncc2ccccc12,20984652_86338188
0.35,CCCc1nccc(NC(=O)C[C@@H](O)C(=O)OC)n1,44117039_14585674
0.5522388059701493,C[C@H](C(=O)Nc1nncc2ccccc12)[C@@H](C)O,20984652_6021105
0.35365853658536583,COC(=O)[C@H](O)CC(=O)NCc1noc2ccccc12,20438891_14585674
0.3333333333333333,COC(=O)[C@H](O)CC(=O)NC(=O)c1cccc(C)n1,36378533_14585674
0.36363636363636365,COC(=O)[C@H](O)CC(=O)Nc1c(C(F)F)cnn1C,211824533_14585674
0.3835616438356164,COC(=O)[C@H](O)CC(=O)Nc1ccc(C)nc1C,335270_14585674
0.3333333333333333,COC(=O)[C@H](O)CC(=O)Nc1sc(C)nc1C#N,95629786_14585674
0.4605263157894737,Cc1ccnnc1C(=O)Nc1nncc2ccccc12,20984652_71611195
0.35,C#C[C@H](NC(=O)C[C@@H](O)C(=O)OC)c1cccnc1,83945105_14585674
0.6231884057971014,C[C@H](CC(=O)Nc1nncc2ccccc12)NC(N)=O,20984652_13547999
0.36363636363636365,COC(=O)[C@H](O)CC(=O)Nc1cnccc1SC,34617262_14585674
0.3246753246753247,COC(=O)[C@H](O)CC(=O)NC(=O)Cc1ccccc1C,20448008_14585674
0.5135135135135135,O=C(Cn1ncnn1)Nc1nncc2ccccc12,20984652_31319659
0.4675324675324675,C[C@H](C(=O)Nc1nncc2ccccc12)n1cnnn1,20984652_82655458
0.46153846153846156,COc1cc(C(=O)Nc2nncc3ccccc23)on1,20984652_1567451
0.3918918918918919,COC(=O)[C@H](O)CC(=O)Nc1nn(C(F)F)cc1C,69760312_14585674
0.3684210526315789,COC(=O)c1c[nH]c(NC(=O)C[C@@H](O)C(=O)OC)n1,32180621_14585674
0.375,COC(=O)[C@H](O)CC(=O)Nc1cccc2oncc12,95830566_14585674
0.33783783783783783,COC(=O)[C@H](O)CC(=O)N[C@@H](C)c1cccs1,3705356_14585674
0.4594594594594595,O=C(Nc1nncc2ccccc12)c1ccon1,20984652_13483535
0.5066666666666667,Nc1nnnn1CC(=O)Nc1nncc2ccccc12,20984652_4143886
0.6231884057971014,C[C@H](N)C[C@@H](N)CC(=O)Nc1nncc2ccccc12,20984652_1703903
0.33766233766233766,COC(=O)[C@H](O)CC(=O)NC(=N)N(C)c1ccccc1,1571101_14585674
0.3291139240506329,COC(=O)[C@H](O)CC(=O)NCc1cncc(Cl)c1,35570034_14585674
0.36,CCn1cc(NC(=O)C[C@@H](O)C(=O)OC)cn1,2554028_14585674
0.40789473684210525,COC(=O)[C@H](O)CC(=O)Nc1nccc2ccoc12,95642504_14585674
0.34615384615384615,COC(=O)[C@H](O)CC(=O)N[C@@H](C)c1cccc(C)n1,42383836_14585674
0.35064935064935066,COC(=O)[C@H](O)CC(=O)Nc1cc(C)nnc1OC,1695387_14585674
0.6417910447761194,CC(C)C[C@@H](C)CC(=O)Nc1nncc2ccccc12,20984652_20259963
0.47297297297297297,Cc1coc(C(=O)Nc2nncc3ccccc23)n1,20984652_38530119
0.4931506849315068,CO[C@@H]1CC[C@@H]1C(=O)Nc1nncc2ccccc12,20984652_238327805
0.5277777777777778,CCC(=O)N[C@@H](C)C(=O)Nc1nncc2ccccc12,20984652_1560908
0.3373493975903614,COC(=O)[C@H](O)CC(=O)Nc1ncc2c(n1)CCC2,18531251_14585674
0.4935064935064935,O=C(Cn1cn[nH]c1=O)Nc1nncc2ccccc12,20984652_95347496
0.578125,C[C@@H](O)C(=O)Nc1nncc2ccccc12,20984652_4658562
0.35135135135135137,COC(=O)[C@H](O)CC(=O)NC(C)(C)Cc1ccccc1,8403947_14585674
0.547945205479452,COCCNCCC(=O)Nc1nncc2ccccc12,20984652_20303492
0.32098765432098764,COCCc1cc(NC(=O)C[C@@H](O)C(=O)OC)on1,34960932_14585674
0.3670886075949367,CCNc1ncccc1NC(=O)C[C@@H](O)C(=O)OC,20278619_14585674
0.3291139240506329,COCn1cnc(NC(=O)C[C@@H](O)C(=O)OC)n1,15635457_14585674
0.3493975903614458,COC(=O)[C@H](O)CC(=O)Nc1cccn2cc(C)nc12,16696631_14585674
0.3076923076923077,COC(=O)[C@H](O)CC(=O)NCC(=O)c1ccco1,39427095_14585674
0.4935064935064935,O=C(CCc1cnco1)Nc1nncc2ccccc12,20984652_40542805
0.5606060606060606,C[C@@H](O)[C@H](O)C(=O)Nc1nncc2ccccc12,20984652_1695855
0.4666666666666667,Cn1nnnc1C(=O)Nc1nncc2ccccc12,20984652_20446491
0.5066666666666667,O=C(Cc1cnccn1)Nc1nncc2ccccc12,20984652_12650881
0.3333333333333333,COCCn1cc(NC(=O)C[C@@H](O)C(=O)OC)cn1,11920295_14585674
0.5373134328358209,O=C(Nc1nncc2ccccc12)[C@@H](O)C(F)F,20984652_34016748
0.4230769230769231,COC(=O)[C@H](O)CC(=O)Nc1nccc2ccncc12,20984640_14585674
0.5972222222222222,CCCC[C@@H](N)CC(=O)Nc1nncc2ccccc12,20984652_2124046
0.5135135135135135,CC(C)(F)C[C@H](N)C(=O)Nc1nncc2ccccc12,20984652_36457669
0.37333333333333335,COC(=O)[C@H](O)CC(=O)Nc1cnc(F)c(C)c1,2384018_14585674
0.36486486486486486,COC(=O)[C@H](O)CC(=O)Nc1ncc(OC)s1,59849152_14585674
0.3291139240506329,COC(=O)[C@H](O)CC(=O)N[C@H](C#N)Cc1ccccc1,20282705_14585674
0.5428571428571428,O=C(Cn1cnnc1)Nc1nncc2ccccc12,20984652_2598099
0.3291139240506329,COC(=O)[C@H](O)CC(=O)NCC(=O)c1ccccn1,40448277_14585674
0.5,O=C1CC(CC(=O)Nc2nncc3ccccc23)=NN1,20984652_100460454
0.36363636363636365,COC(=O)[C@H](O)CC(=O)Nc1ccnc(F)c1Cl,71256007_14585674
0.3698630136986301,COC(=O)[C@H](O)CC(=O)Nc1c(C#N)cccc1C#N,32914685_14585674
0.358974358974359,COC(=O)[C@H](O)CC(=O)Nc1cc(CC(=O)O)n[nH]1,16696916_14585674
0.4931506849315068,CO[C@@H]1[C@H](C(=O)Nc2nncc3ccccc23)C1(C)C,20984652_76576516
0.35802469135802467,COC(=O)[C@H](O)CC(=O)NCc1c[nH]c2ccccc12,152322_14585674
0.5277777777777778,O=C(Cc1cncnc1)Nc1nncc2ccccc12,20984652_15022135
0.527027027027027,CCC/C=C\CCC(=O)Nc1nncc2ccccc12,20984652_33820274
0.5882352941176471,CC(C)(C)OCC(=O)Nc1nncc2ccccc12,20984652_1494964
0.5131578947368421,Cc1ncoc1CC(=O)Nc1nncc2ccccc12,20984652_58517527
0.4533333333333333,O=C(Nc1nncc2ccccc12)c1cscn1,20984652_1494948
0.31645569620253167,CCc1cccc(CNC(=O)C[C@@H](O)C(=O)OC)c1,44249415_14585674
0.34177215189873417,COC(=O)[C@H](O)CC(=O)Nc1nc(CCO)cs1,19091546_14585674
0.38028169014084506,COC(=O)[C@H](O)CC(=O)Nc1cnon1,82411899_14585674
0.5285714285714286,CC(C)[C@H](N)[C@H](O)C(=O)Nc1nncc2ccccc12,20984652_34306966
0.5441176470588235,CC[C@@H](C)C(=O)Nc1nncc2ccccc12,20984652_391202
0.4,COC(=O)[C@H](O)CC(=O)Nc1nccc(C)c1CO,33992102_14585674
0.4666666666666667,Cn1cnc(C(=O)Nc2nncc3ccccc23)n1,20984652_40448574
0.31645569620253167,COC(=O)[C@H](O)CC(=O)NCCc1cnoc1,20417449_14585674
0.32098765432098764,COC(=O)[C@H](O)CC(=O)NCc1cccnc1OC,19254823_14585674
0.3333333333333333,COC(=O)[C@H](O)CC(=O)Nc1ccc2nc(C)oc2c1,168180_14585674
0.32051282051282054,COC(=O)[C@H](O)CC(=O)NC(=S)c1nnc[nH]1,20283868_14585674
0.5571428571428572,C=C(C)CCCC(=O)Nc1nncc2ccccc12,20984652_2579547
0.5285714285714286,CN[C@@H](C(=O)Nc1nncc2ccccc12)[C@@H](C)O,20984652_13352728
0.35526315789473684,COC(=O)[C@H](O)CC(=O)Nc1nc(F)cc(OC)n1,225034_14585674
0.35365853658536583,COC(=O)[C@H](O)CC(=O)Nc1ncnc2c1CCCC2,24625226_14585674
0.5616438356164384,COC[C@@H](C)NCC(=O)Nc1nncc2ccccc12,20984652_20376348
0.2916666666666667,COC(=O)C[C@H](O)CNC(=O)C[C@@H](O)C(=O)OC,34016849_14585674
0.4155844155844156,COC(=O)[C@H](O)CC(=O)Nc1ncccc1C1CC1,70621838_14585674
0.3918918918918919,COC(=O)[C@H](O)CC(=O)Nc1ccc(N(C)C)nc1,5698869_14585674
0.46153846153846156,CO[C@@H]1CCC[C@@H]1C(=O)Nc1nncc2ccccc12,20984652_62759121
0.4473684210526316,Nc1nc(C(=O)Nc2nncc3ccccc23)cs1,20984652_4202305
0.5416666666666666,C#CCOCC(=O)Nc1nncc2ccccc12,20984652_34199943
0.35064935064935066,COC(=O)c1coc(NC(=O)C[C@@H](O)C(=O)OC)n1,15444658_14585674
0.46153846153846156,C[C@H](C(=O)Nc1nncc2ccccc12)c1ccoc1,20984652_68978514
0.2876712328767123,CNC(=O)C[C@@H](C)[C@H](C)NC(=O)C[C@@H](O)C(=O)OC,72208151_14585674
0.4594594594594595,O=C(Nc1nncc2ccccc12)c1nccnn1,20984652_20357932
0.31645569620253167,COC(=O)[C@H](O)CC(=O)N[C](C)c1cccc(F)c1,1560410007_14585674
0.3684210526315789,CCc1cnccc1NC(=O)C[C@@H](O)C(=O)OC,34617261_14585674
0.5428571428571428,C=C1C[C@@H]1CC(=O)Nc1nncc2ccccc12,20984652_14591276
0.38961038961038963,COC(=O)[C@H](O)CC(=O)Nc1ncncc1C#N,165356_14585674
0.5211267605633803,CC[C@](C)(OC)C(=O)Nc1nncc2ccccc12,20984652_14488950
0.3670886075949367,COC(=O)[C@H](O)CC(=O)Nc1cc2ccccn2n1,84312700_14585674
0.3157894736842105,COC(=O)[C@H](O)CC(=O)NCc1cncs1,4771123_14585674
0.43037974683544306,N#Cc1ccc(C(=O)Nc2nncc3ccccc23)cn1,20984652_1495010
0.5285714285714286,CC(C)C[C@H](C)C(=O)Nc1nncc2ccccc12,20984652_2578837
0.4722222222222222,O=C(Nc1nncc2ccccc12)c1ccc[nH]1,20984652_158648
0.45569620253164556,CCc1oncc1C(=O)Nc1nncc2ccccc12,20984652_8700121
0.2926829268292683,CC[C@@H](NC(=O)C[C@@H](O)C(=O)OC)c1cccc(C)c1,37466904_14585674
0.6417910447761194,CC[C@H](CC(=O)Nc1nncc2ccccc12)C(C)C,20984652_15205233
0.5416666666666666,CSCCNCC(=O)Nc1nncc2ccccc12,20984652_69000561
0.40789473684210525,COC(=O)[C@H](O)CC(=O)Nc1nc(=O)[nH]cc1CO,399529_14585674
0.46153846153846156,C[C@@H](C(=O)Nc1nncc2ccccc12)n1ccnc1,20984652_19735553
0.3684210526315789,COC(=O)[C@H](O)CC(=O)Nc1cnc(OC)nc1C,82837467_14585674
0.4605263157894737,Cc1nc(C(=O)Nc2nncc3ccccc23)cn1C,20984652_71493997
0.27631578947368424,COC(=O)[C@H](O)CC(=O)NCC(=O)NCC[C@@H](C)O,42783912_14585674
0.44871794871794873,N[C@@H](C(=O)Nc1nncc2ccccc12)c1ccc[nH]1,20984652_59743626
0.5352112676056338,C[C@H](CC(C)(C)C)C(=O)Nc1nncc2ccccc12,20984652_6036131
0.5352112676056338,CC(C)(CN)[C@H](O)C(=O)Nc1nncc2ccccc12,20984652_366415
0.52,Cn1cc(CC(=O)Nc2nncc3ccccc23)cn1,20984652_20442159
0.425,O=C(Nc1nncc2ccccc12)c1cccc2c1CC2,20984652_22016487
0.4473684210526316,O=C(Nc1nncc2ccccc12)c1occc1Cl,20984652_82408920
0.4666666666666667,O=C(Nc1nncc2ccccc12)c1ccc(F)nc1,20984652_1682844
0.4861111111111111,Cc1ccccc1C(=O)Nc1nncc2ccccc12,20984652_1850420
0.3875,COC(=O)[C@H](O)CC(=O)Nc1nc2[nH]ccc2cc1C,44712684_14585674
0.5606060606060606,C[C@@H](O)[C@@H](O)C(=O)Nc1nncc2ccccc12,20984652_1695857
0.5833333333333334,NC[C@@H](CC(=O)Nc1nncc2ccccc12)C1CC1,20984652_78724768
0.35526315789473684,COC(=O)[C@H](O)CC(=O)Nc1cc(F)c(C)cn1,95761874_14585674
0.5633802816901409,COCC(=O)NCC(=O)Nc1nncc2ccccc12,20984652_20205651
0.35526315789473684,COC(=O)[C@H](O)CC(=O)Nc1cn(C(F)F)nn1,685951193_14585674
0.36363636363636365,CCc1ccnc(NC(=O)C[C@@H](O)C(=O)OC)n1,34333233_14585674
0.34177215189873417,COCc1nn(C)cc1NC(=O)C[C@@H](O)C(=O)OC,90225757_14585674
0.3375,COC(=O)[C@H](O)CC(=O)Nc1ccn(C2CC2)n1,104600683_14585674
0.3333333333333333,COC(=O)[C@H](O)CC(=O)Nc1ncnc(CC#N)n1,199744626_14585674
0.35135135135135137,COC(=O)[C@H](O)CC(=O)NCCc1ccccc1,6579654_14585674
0.313953488372093,COC(=O)[C@H](O)CC(=O)NCc1nc2cccnc2o1,71485436_14585674
0.325,COC(=O)[C@H](O)CC(=O)NC(=N)c1cccc(F)n1,71186670_14585674
0.4246575342465753,COC(=O)[C@H](O)CC(=O)Nc1nc(C)ccc1Cl,39190998_14585674
0.4605263157894737,Cc1c(C(=O)Nc2nncc3ccccc23)cnn1C,20984652_1088697
0.5,O=C(CCn1ccnn1)Nc1nncc2ccccc12,20984652_12505846
0.3493975903614458,COC(=O)[C@H](O)CC(=O)NCc1n[nH]c2ccccc12,24553243_14585674
0.34177215189873417,COC(=O)[C@H](O)CC(=O)Nc1nc(OC)cc(=O)[nH]1,1459851_14585674
0.44155844155844154,O=C(Nc1nncc2ccccc12)c1cnc(=O)[nH]c1,20984652_30678563
0.4794520547945205,O=C(Nc1nncc2ccccc12)c1cc[nH]n1,20984652_5324338
0.4605263157894737,C[n+]1ccccc1C(=O)Nc1nncc2ccccc12,20984652_565313
0.36585365853658536,COC(=O)[C@H](O)CC(=O)Nc1ncc2c(C)c[nH]c2n1,82408760_14585674
0.5066666666666667,C[C@H](OCCN)C(=O)Nc1nncc2ccccc12,20984652_74494188
0.5428571428571428,CC[C@H](C)[C@H](O)C(=O)Nc1nncc2ccccc12,20984652_402951
0.47297297297297297,Cc1n[nH]nc1C(=O)Nc1nncc2ccccc12,20984652_2536607
0.3670886075949367,C#CCOc1ccc(NC(=O)C[C@@H](O)C(=O)OC)cn1,40542902_14585674
0.5882352941176471,COC(=O)NCC(=O)Nc1nncc2ccccc12,20984652_2562526
0.4931506849315068,CC[C@@H]1C[C@H]1C(=O)Nc1nncc2ccccc12,20984652_39348502
0.30864197530864196,COC(=O)[C@H](O)CC(=O)N[C@H](C)c1nc(=O)cc[nH]1,71024798_14585674
0.3815789473684211,COC(=O)[C@H](O)CC(=O)Nc1nc(=O)[nH]c(F)c1C,333479_14585674
0.45454545454545453,O=C(Nc1nncc2ccccc12)c1cncc(F)c1,20984652_2244270
0.3972602739726027,COC(=O)[C@H](O)CC(=O)Nc1ccc(C(C)=O)nc1,35570156_14585674
0.35802469135802467,COC(=O)[C@H](O)CC(=O)Nc1cn2c(C)cccc2n1,82839970_14585674
0.3684210526315789,CCOc1ccc(NC(=O)C[C@@H](O)C(=O)OC)nc1,19868934_14585674
0.325,COC(=O)[C@H](O)CC(=O)N[C@@H](CO)c1cccnc1,6662164_14585674
0.35064935064935066,COC(=O)[C@H](O)CC(=O)Nc1cnn(C)c(=O)c1,39017098_14585674
0.3493975903614458,COC(=O)[C@H](O)CC(=O)Nc1ccnc2cnccc12,24602417_14585674
0.3493975903614458,COC(=O)[C@H](O)CC(=O)Nc1nc(C)cc2ccnn12,953047394_14585674
0.34177215189873417,COC(=O)[C@H](O)CC(=O)Nc1nc(CC(C)C)co1,258558450_14585674
0.3783783783783784,COC(=O)[C@H](O)CC(=O)Nc1noc(C(C)C)c1C,85278316_14585674
0.4861111111111111,Cc1ncc(C(=O)Nc2nncc3ccccc23)cn1,20984652_14593173
0.5588235294117647,O=C(CC1CC1)Nc1nncc2ccccc12,20984652_2390294
0.3291139240506329,COC(=O)[C@H](O)CC(=O)NC1CN(c2ccccc2)C1,147456344_14585674
0.35526315789473684,COC(=O)[C@H](O)CC(=O)Nc1cccc(OC)c1F,21304522_14585674
0.33766233766233766,COC(=O)[C@H](O)CC(=O)NC(=N)[C@@H](C)c1ccccc1,39269050_14585674
0.35,COCCc1coc(NC(=O)C[C@@H](O)C(=O)OC)n1,252483000_14585674
0.36486486486486486,COC(=O)[C@H](O)CC(=O)Nc1cc(CO)nn1C,95098630_14585674
0.2777777777777778,CC[C@@H](CC(=O)NC(=O)C[C@@H](O)C(=O)OC)OC,334419_14585674
0.3023255813953488,COC(=O)[C@H](O)CC(=O)N[C@@H]1CCNc2ccccc21,20972588_14585674
0.3972602739726027,COC(=O)[C@H](O)CC(=O)Nc1ccnnc1Cl,40448770_14585674
0.52,Cc1nnn(CC(=O)Nc2nncc3ccccc23)n1,20984652_75528352
0.3333333333333333,COC(=O)[C@H](O)CC(=O)NC[C@H](OC)c1ccco1,43336581_14585674
0.358974358974359,CCCn1ncc(C)c1NC(=O)C[C@@H](O)C(=O)OC,806923_14585674
0.34615384615384615,COC(=O)[C@H](O)CC(=O)Nc1cc(CC(C)C)no1,34939708_14585674
0.4931506849315068,CO[C@H]1[C@H](C(=O)Nc2nncc3ccccc23)C1(C)C,20984652_76576507
0.38571428571428573,COC(=O)[C@H](O)CC(=O)Nc1nc(F)cc(F)n1,967445_14585674
0.358974358974359,COC(=O)[C@H](O)CC(=O)Nc1nncn1CC(=O)O,227173267_14585674
0.26666666666666666,COC[C@@H](O)CCNC(=O)C[C@@H](O)C(=O)OC,68985050_14585674
0.5633802816901409,CC[C@H](C)NCC(=O)Nc1nncc2ccccc12,20984652_2032938
0.5205479452054794,C[C@@H](NC(=O)CN)C(=O)Nc1nncc2ccccc12,20984652_1605215
0.5735294117647058,CCN(CC)CC(=O)Nc1nncc2ccccc12,20984652_1596841
0.30985915492957744,COC(=O)[C@H](O)CC(=O)NC[C@H](O)C(C)(C)OC,104593322_14585674
0.6323529411764706,NCC[C@H](O)CC(=O)Nc1nncc2ccccc12,20984652_104634557
0.38666666666666666,CCCc1ccccc1NC(=O)C[C@@H](O)C(=O)OC,2039219_14585674
0.36619718309859156,COC(=O)[C@H](O)CC(=O)NC1=NC(=O)C=N1,59699177_14585674
0.45454545454545453,Cc1cc(C(=O)Nc2nncc3ccccc23)nn1C,20984652_158737
0.4675324675324675,CCc1ccc(C(=O)Nc2nncc3ccccc23)o1,20984652_1426023
0.5555555555555556,COC1(CC(=O)Nc2nncc3ccccc23)CCC1,20984652_95740497
0.5,Nc1ccn(CC(=O)Nc2nncc3ccccc23)n1,20984652_2537410
0.425,N#Cc1cccc(C(=O)Nc2nncc3ccccc23)n1,20984652_14982555
0.52,Cc1nc(CC(=O)Nc2nncc3ccccc23)no1,20984652_19682132
0.3218390804597701,COC(=O)[C@H](O)CC(=O)NCc1noc2ncccc12,24781329_14585674
0.4605263157894737,Cc1c(C(=O)Nc2nncc3ccccc23)ccn1C,20984652_72109530
0.35135135135135137,COC(=O)[C@H](O)CC(=O)N[C@H](CO)c1ccccc1,6116207_14585674
0.52,Cn1ncc(CC(=O)Nc2nncc3ccccc23)n1,20984652_211827455
0.3561643835616438,COC(=O)[C@H](O)CC(=O)NC(C)(C)c1ccccc1,1693209_14585674
0.5833333333333334,NCCC[C@@H](N)CC(=O)Nc1nncc2ccccc12,20984652_3869559
0.5416666666666666,NC(=O)[C@@H](N)CCC(=O)Nc1nncc2ccccc12,20984652_2508203
0.45454545454545453,Cc1ccnc(C(=O)Nc2nncc3ccccc23)n1,20984652_20442155
0.38666666666666666,COC(=O)[C@H](O)CC(=O)Nc1ncnc(C)c1Cl,39053643_14585674
0.4177215189873418,COC(=O)[C@H](O)CC(=O)Nc1n[nH]c2ccncc12,25924175_14585674
0.325,COC(=O)[C@H](O)CC(=O)Nc1ccc(C#N)cc1OC,36455738_14585674
0.3125,COC(=O)[C@H](O)CC(=O)N[C@H](C)Cc1ccccc1C,1481889_14585674
0.5857142857142857,CC(C)OCCC(=O)Nc1nncc2ccccc12,20984652_12481080
0.4794520547945205,Cc1cnc(C(=O)Nc2nncc3ccccc23)s1,20984652_20357789
0.32051282051282054,COC(=O)[C@H](O)CC(=O)NC(=O)c1coc(Cl)n1,95644138_14585674
0.33766233766233766,COC(=O)[C@H](O)CC(=O)N[C@@](C)(C#N)c1ccccc1,13356637_14585674
0.46153846153846156,COc1cc(C(=O)Nc2nncc3ccccc23)n[nH]1,20984652_72190642
0.5797101449275363,COC(=O)CCCC(=O)Nc1nncc2ccccc12,20984652_1609498
0.3048780487804878,COC(=O)[C@H](O)CC(=O)NCc1ncccc1OC,39050149_14585674
0.33766233766233766,COC(=O)[C@H](O)CC(=O)NCC(=O)Cc1ccccc1,39474807_14585674
0.5070422535211268,C[C@H](C(=O)Nc1nncc2ccccc12)C1CC1,20984652_19726499
0.4533333333333333,O=C(Nc1nncc2ccccc12)c1[nH]ccc1Cl,20984652_43199174
0.6231884057971014,CC(C)C[C@H](N)CC(=O)Nc1nncc2ccccc12,20984652_170350
0.45454545454545453,O=C(Nc1nncc2ccccc12)c1ccc(CO)[nH]1,20984652_40537985
0.5,Nc1cc(CC(=O)Nc2nncc3ccccc23)n[nH]1,20984652_16696916
0.6176470588235294,NC[C@@H](CO)CC(=O)Nc1nncc2ccccc12,20984652_38482053
0.6515151515151515,CC(=O)[C@@H](N)CC(=O)Nc1nncc2ccccc12,20984652_5434383
0.5857142857142857,C[C@H](O)C(=O)NCC(=O)Nc1nncc2ccccc12,20984652_104630597
0.5135135135135135,CCC[C@@H](N)[C@@H](O)C(=O)Nc1nncc2ccccc12,20984652_35050458
0.3333333333333333,COC(=O)[C@H](O)CC(=O)Nc1cc([C@@H](C)F)[nH]n1,95644386_14585674
0.32926829268292684,CCOCn1cc(NC(=O)C[C@@H](O)C(=O)OC)cn1,2537655_14585674
0.5,CC(F)(F)[C@@H](N)C(=O)Nc1nncc2ccccc12,20984652_4204182
0.3333333333333333,COC(=O)[C@H](O)CC(=O)N[C@@H](C)c1ccns1,73657686_14585674
0.34210526315789475,C#C[C@H](NC(=O)C[C@@H](O)C(=O)OC)c1ccccc1,32501210_14585674
0.5428571428571428,NCC[C@@H](O)C(=O)Nc1nncc2ccccc12,20984652_2019612
0.35526315789473684,COCc1csc(NC(=O)C[C@@H](O)C(=O)OC)n1,31772050_14585674
0.49295774647887325,C[C@H]1CC[C@H]1C(=O)Nc1nncc2ccccc12,20984652_39424473
0.35365853658536583,COC(=O)[C@H](O)CC(=O)Nc1cccc2c1nnn2C,32189614_14585674
0.46153846153846156,C[C@H](C(=O)Nc1nncc2ccccc12)n1cncn1,20984652_13479948
0.6363636363636364,NC(=O)[C@@H](N)CC(=O)Nc1nncc2ccccc12,20984652_2516163
0.36363636363636365,COC(=O)[C@H](O)CC(=O)Nc1nccc(C(C)=O)n1,34099693_14585674
0.5138888888888888,CC(C)OC(C)(C)C(=O)Nc1nncc2ccccc12,20984652_40354888
0.5131578947368421,Cc1nccn1CC(=O)Nc1nncc2ccccc12,20984652_19702780
0.34177215189873417,COC(=O)[C@H](O)CC(=O)Nc1cc(C(F)F)ccn1,98181746_14585674
0.358974358974359,CCOc1ccnc(NC(=O)C[C@@H](O)C(=O)OC)n1,6411375_14585674
0.5492957746478874,CCO[C@@H](CC)C(=O)Nc1nncc2ccccc12,20984652_37373706
0.34210526315789475,CC[C@H](NC(=O)C[C@@H](O)C(=O)OC)c1ccco1,20264954_14585674
0.37037037037037035,COC(=O)[C@H](O)CC(=O)Nc1ncnc2cn(C)cc12,96524200_14585674
0.5,CC(C)(C)[C@](C)(N)C(=O)Nc1nncc2ccccc12,20984652_39072816
0.6190476190476191,CCCC(=O)Nc1nncc2ccccc12,20984652_895132
0.5,CCCCO[C@@H](C)C(=O)Nc1nncc2ccccc12,20984652_34120406
0.5131578947368421,Cc1cc(CC(=O)Nc2nncc3ccccc23)n[nH]1,20984652_1295983
0.35802469135802467,COC(=O)[C@H](O)CC(=O)NCc1coc2ccccc12,24429085_14585674
0.5588235294117647,NC(=O)CCCC(=O)Nc1nncc2ccccc12,20984652_5112884
0.5285714285714286,CSC[C@@H](C)C(=O)Nc1nncc2ccccc12,20984652_34128013
0.5833333333333334,NC[C@H](CC(=O)Nc1nncc2ccccc12)C1CC1,20984652_78724766
0.5352112676056338,COC[C@H](N)C(=O)Nc1nncc2ccccc12,20984652_2043994
0.45454545454545453,O=C(Nc1nncc2ccccc12)c1ncccc1F,20984652_2598969
0.32051282051282054,COC(=O)[C@H](O)CC(=O)N[C@@H]1Cc2ccccc21,4273538_14585674
0.5277777777777778,CC[C@H](O)[C@@H](N)C(=O)Nc1nncc2ccccc12,20984652_2020210
0.6231884057971014,C[C@@H](N)C[C@@H](N)CC(=O)Nc1nncc2ccccc12,20984652_1703904
0.4025974025974026,COC(=O)[C@H](O)CC(=O)Nc1cc2ccccc2n1C,16698184_14585674
0.36,COC(=O)[C@H](O)CC(=O)Nc1nc(C)cc(F)n1,39053523_14585674
0.32558139534883723,COC(=O)[C@H](O)CC(=O)NCc1cnc2ccnn2c1,82617847_14585674
0.5507246376811594,O=C(Nc1nncc2ccccc12)[C@H](O)CCO,20984652_3651026
0.5068493150684932,COC[C@@](C)(N)C(=O)Nc1nncc2ccccc12,20984652_32240800
0.345679012345679,COC(=O)[C@H](O)CC(=O)Nc1cccnc1C1CC1,95483685_14585674
0.5606060606060606,C[C@H](O)[C@@H](O)C(=O)Nc1nncc2ccccc12,20984652_1695856
0.5135135135135135,NC(=O)OC[C@H](N)C(=O)Nc1nncc2ccccc12,20984652_1529574
0.5,Cn1cccc1C(=O)Nc1nncc2ccccc12,20984652_158566
0.33766233766233766,COC(=O)[C@H](O)CC(=O)N[C@H]1C[C@H](c2ccccc2)C1,103540928_14585674
0.30864197530864196,COC(=O)[C@H](O)CC(=O)N[C@H](C)c1cccnc1C,60098609_14585674
0.5,C[C@@H](NC(=N)O)C(=O)Nc1nncc2ccccc12,20984652_82071078
0.4358974358974359,Nc1ncccc1C(=O)Nc1nncc2ccccc12,20984652_331646
0.2876712328767123,CNC(=O)C[C@@H](C)[C@@H](C)NC(=O)C[C@@H](O)C(=O)OC,72208149_14585674
0.4675324675324675,CCc1ncc(C(=O)Nc2nncc3ccccc23)o1,20984652_58517530
0.44871794871794873,CNc1ncc(C(=O)Nc2nncc3ccccc23)o1,20984652_257887768
0.4675324675324675,Cc1n[nH]c(C(=O)Nc2nncc3ccccc23)c1F,20984652_28824280
0.2875,COC(=O)[C@H](O)CC(=O)NCc1cc(OC)ns1,88189550_14585674
0.3493975903614458,COC(=O)[C@H](O)CC(=O)Nc1cccc2oc(C)nc12,8730198_14585674
0.6119402985074627,C[C@@H](O)CCC(=O)Nc1nncc2ccccc12,20984652_6036206
0.3698630136986301,COC(=O)[C@H](O)CC(=O)N[C@H](C(C)=O)c1ccccc1,165130_14585674
0.5428571428571428,O=C(C[C]1[CH][CH][CH][CH]1)Nc1nncc2ccccc12,20984652_100506569
0.4675324675324675,O=C(Nc1nncc2ccccc12)[C@H](O)c1ccoc1,20984652_22204561
0.5138888888888888,COC[C@](C)(O)C(=O)Nc1nncc2ccccc12,20984652_53199113
0.4675324675324675,CCc1cn[nH]c1C(=O)Nc1nncc2ccccc12,20984652_83962099
0.3611111111111111,COC(=O)[C@H](O)CC(=O)Nc1nnn(C)n1,16954943_14585674
0.5555555555555556,C[C@@](CN)(CO)CC(=O)Nc1nncc2ccccc12,20984652_95533154
0.37333333333333335,CCn1cnnc1NC(=O)C[C@@H](O)C(=O)OC,5957043_14585674
0.5142857142857142,CS[C@@H](C(=O)Nc1nncc2ccccc12)C(C)C,20984652_38063403
0.5,CC1(C)C=C(C(=O)Nc2nncc3ccccc23)C1,20984652_39117897
0.5416666666666666,CCCC[C@@H](O)C(=O)Nc1nncc2ccccc12,20984652_1757853
0.36,COC(=O)[C@H](O)CC(=O)Nc1nc(C(C)=O)c[nH]1,39414107_14585674
0.3561643835616438,COC(=O)[C@H](O)CC(=O)NC(=O)Cc1ccccc1,394644_14585674
0.5942028985507246,CCC(CC)OCC(=O)Nc1nncc2ccccc12,20984652_74938108
0.4675324675324675,Cn1nc(C(=O)Nc2nncc3ccccc23)cc1F,20984652_258604089
0.375,COC(=O)[C@H](O)CC(=O)Nc1csc(C)n1,34363027_14585674
0.5416666666666666,C=C(C)CCCCC(=O)Nc1nncc2ccccc12,20984652_2579548
0.4533333333333333,O=C(Nc1nncc2ccccc12)c1cnccn1,20984652_1081066
0.45,CC[C@@H]1OCC[C@H]1C(=O)Nc1nncc2ccccc12,20984652_86245344
0.3466666666666667,COC(=O)[C@H](O)CC(=O)Nc1ccc(OC)cc1C,391181_14585674
0.5633802816901409,CC[C@@H](C)NCC(=O)Nc1nncc2ccccc12,20984652_1687619
0.4605263157894737,O=C(Nc1nncc2ccccc12)c1cccc(F)c1,20984652_157326
0.48,Cc1cc(C(=O)Nc2nncc3ccccc23)c(C)o1,20984652_158518
0.4375,N[C@@H](C(=O)Nc1nncc2ccccc12)C1=CCCC1,20984652_1580449
0.37662337662337664,COC(=O)[C@H](O)CC(=O)Nc1nccn2ccnc12,26995176_14585674
0.425,O=C(Nc1nncc2ccccc12)[C@@H]1Cc2ccccc21,20984652_389501
0.34210526315789475,COC(=O)[C@H](O)CC(=O)N[C@H](C)c1ccccc1C,3411323_14585674
0.4358974358974359,N#Cc1ccc(C(=O)Nc2nncc3ccccc23)nc1,20984652_12336459
0.3783783783783784,CCc1cnc(NC(=O)C[C@@H](O)C(=O)OC)o1,54159074_14585674
0.5135135135135135,O=C(Cc1cscn1)Nc1nncc2ccccc12,20984652_1670739
0.5882352941176471,COCC(=O)CC(=O)Nc1nncc2ccccc12,20984652_95938153
0.5277777777777778,CO[C@H](CC(C)C)C(=O)Nc1nncc2ccccc12,20984652_96585180
0.5633802816901409,COCCOCC(=O)Nc1nncc2ccccc12,20984652_1716460
0.34615384615384615,COC(=O)[C@H](O)CC(=O)NC[C@@H](O)c1ccccn1,2513176_14585674
0.4657534246575342,O=C(Nc1nncc2ccccc12)c1nnc[nH]1,20984652_4017405
0.5616438356164384,CC(C)OCCCC(=O)Nc1nncc2ccccc12,20984652_19505007
0.4931506849315068,COC(=O)[C@@H]1C[C@@H]1C(=O)Nc1nncc2ccccc12,20984652_39240024
0.5205479452054794,O=C(Cc1ccc[nH]1)Nc1nncc2ccccc12,20984652_2576193
0.5135135135135135,CCC[C@@H](N)[C@H](O)C(=O)Nc1nncc2ccccc12,20984652_35050456
0.33766233766233766,COC(=O)[C@H](O)CC(=O)NCc1ccccc1C(C)C,34440631_14585674
0.5131578947368421,Cc1cc(CC(=O)Nc2nncc3ccccc23)no1,20984652_20270433
0.3132530120481928,COC(=O)[C@H](O)CC(=O)N[C@@H](c1ccccn1)C1CC1,17787002_14585674
0.38271604938271603,COC(=O)[C@H](O)CC(=O)Nc1nccc2[nH]nnc12,31719250_14585674
0.4657534246575342,O=C(Nc1nncc2ccccc12)c1nn[nH]n1,20984652_6505186
0.5135135135135135,CCCC[C@@H](OC)C(=O)Nc1nncc2ccccc12,20984652_96585171
0.4864864864864865,Cc1c[nH]c(C(=O)Nc2nncc3ccccc23)c1,20984652_2513001
0.31645569620253167,COC(=O)[C@H](O)CC(=O)NCc1cncc(F)c1,35570028_14585674
0.6417910447761194,CC(C)N[C@@H](C)CC(=O)Nc1nncc2ccccc12,20984652_35747432
0.5064935064935064,C[C@@H]1CC[C@@H](CC(=O)Nc2nncc3ccccc23)N1,20984652_21986757
0.34177215189873417,CC[C@H](C)n1nccc1NC(=O)C[C@@H](O)C(=O)OC,3888103_14585674
0.34523809523809523,COC(=O)[C@H](O)CC(=O)Nc1ccnc2c1cnn2C,84229521_14585674
0.45454545454545453,N[C@@H](C(=O)Nc1nncc2ccccc12)c1ccco1,20984652_5063824
0.6231884057971014,C[C@@H](CC(=O)Nc1nncc2ccccc12)C1CC1,20984652_20259949
0.47368421052631576,COc1ccc(C(=O)Nc2nncc3ccccc23)o1,20984652_253676
0.5342465753424658,CN(C)CC[C@@H](O)C(=O)Nc1nncc2ccccc12,20984652_234298771
0.3466666666666667,CNc1nc(NC(=O)C[C@@H](O)C(=O)OC)ns1,4800524_14585674
0.5970149253731343,COC(=O)CCC(=O)Nc1nncc2ccccc12,20984652_152993
0.41333333333333333,CCNc1cccnc1NC(=O)C[C@@H](O)C(=O)OC,34538275_14585674
0.5,CC[C@@](C)(NC)C(=O)Nc1nncc2ccccc12,20984652_37180397
0.4246575342465753,COC(=O)[C@H](O)CC(=O)Nc1nc(Cl)ccc1C,39050374_14585674
0.33766233766233766,COC(=O)[C@H](O)CC(=O)N[C@@H](C)c1ccnnc1,83591679_14585674
0.45454545454545453,O=C(Nc1nncc2ccccc12)c1cnn(CO)c1,20984652_8733282
0.34615384615384615,CNc1ncnc(C)c1NC(=O)C[C@@H](O)C(=O)OC,26475005_14585674
0.3037974683544304,COC(=O)[C@H](O)CC(=O)N[C@H]1C=NC(=O)NC1=O,85343591_14585674
0.36486486486486486,COC(=O)[C@H](O)CC(=O)Nc1ncc(C(C)C)s1,38948732_14585674
0.4675324675324675,C[C@@H](C(=O)Nc1nncc2ccccc12)n1cnnn1,20984652_32500131
0.47297297297297297,Cc1nnsc1C(=O)Nc1nncc2ccccc12,20984652_1235059
0.5652173913043478,CC(F)(F)CCC(=O)Nc1nncc2ccccc12,20984652_19407990
0.5492957746478874,C[C@@](O)(CCO)CC(=O)Nc1nncc2ccccc12,20984652_895221
0.5211267605633803,COC[C](N)C(=O)Nc1nncc2ccccc12,20984652_1560408689
0.3333333333333333,COC(=O)[C@H](O)CC(=O)NCC#Cc1ccccn1,82163937_14585674
0.45454545454545453,Cc1cc(C(=O)Nc2nncc3ccccc23)ccn1,20984652_405405
0.3125,COC(=O)[C@H](O)CC(=O)NC[C@@H](C)c1cncs1,82839148_14585674
0.4057971014492754,COC(=O)[C@H](O)CC(=O)Nc1ncc(C)cn1,39053208_14585674
0.3373493975903614,COC(=O)[C@H](O)CC(=O)Nc1ccc2nc(C)nn2c1,32189569_14585674
0.325,C#C[C@H](NC(=O)C[C@@H](O)C(=O)OC)c1ccccc1C,38972937_14585674
0.6056338028169014,CC[C@H](CC(=O)Nc1nncc2ccccc12)C1CC1,20984652_82839036
0.5882352941176471,C[S@](=O)CCC(=O)Nc1nncc2ccccc12,20984652_37921892
0.5352112676056338,CC[C@@H](O)[C@@H](C)C(=O)Nc1nncc2ccccc12,20984652_5925861
0.4931506849315068,CO[C@H]1[C@@H](C(=O)Nc2nncc3ccccc23)C1(C)C,20984652_76576500
0.5735294117647058,CC(C)(C)NCC(=O)Nc1nncc2ccccc12,20984652_1687622
0.6,CC[C@H](O)C(=O)Nc1nncc2ccccc12,20984652_895970
0.5211267605633803,CC[C@@H](C(=O)Nc1nncc2ccccc12)C(C)(C)C,20984652_1571179
0.33766233766233766,CC[C@@H](Cc1ccccc1)NC(=O)C[C@@H](O)C(=O)OC,4072146_14585674
0.375,COC(=O)[C@H](O)CC(=O)Nc1ccnc2ncccc12,95192359_14585674
0.5,Nc1nnn(CC(=O)Nc2nncc3ccccc23)n1,20984652_4294607
0.34210526315789475,CC[C@@H](NC(=O)C[C@@H](O)C(=O)OC)c1ccco1,20264952_14585674
0.4936708860759494,O=C(CC[C@H]1CCCO1)Nc1nncc2ccccc12,20984652_5426140
0.35,COC(=O)[C@H](O)CC(=O)Nc1ncc(C2CCC2)o1,90602240_14585674
0.32432432432432434,COC(=O)[C@H](O)CC(=O)NCc1ccc(F)cc1,157595_14585674
0.3157894736842105,COC(=O)[C@H](O)CC(=O)NCc1c(F)cncc1F,95631137_14585674
0.345679012345679,COC(=O)[C@H](O)CC(=O)Nc1ccccc1OCC#N,19400390_14585674
0.5633802816901409,CC(C)[C@H](N)CCC(=O)Nc1nncc2ccccc12,20984652_26441384
0.30864197530864196,COC(=O)[C@H](O)CC(=O)N[C@@H](C)c1cnccc1C,82410860_14585674
0.34177215189873417,COC(=O)[C@H](O)CC(=O)NC[C@H](O)c1cccnc1,4245374_14585674
0.5135135135135135,O=C(Cc1nnn[nH]1)Nc1nncc2ccccc12,20984652_5178980
0.425,O=C1N=CC=C[C@H]1C(=O)Nc1nncc2ccccc12,20984652_38545482
0.5277777777777778,NC12CC(CC(=O)Nc3nncc4ccccc34)(C1)C2,20984652_585669961
0.5,CC[C@@](C)(COC)C(=O)Nc1nncc2ccccc12,20984652_141390707
0.273972602739726,COC(=O)[C@H](O)CC(=O)NCC[C@H](C)OC,41042689_14585674
0.3698630136986301,COC(=O)[C@H](O)CC(=O)Nc1nc(O)cn1C,14246971_14585674
0.4657534246575342,O=C(Nc1nncc2ccccc12)c1csnn1,20984652_967389
0.3625,COC(=O)[C@H](O)CC(=O)Nc1ccc2ccnn2c1,18556022_14585674
0.4305555555555556,COC(=O)[C@H](O)CC(=O)Nc1nc(C)ncc1C,3591110_14585674
0.3088235294117647,COC(=O)[C@H](O)CC(=O)N[C@H](CO)C(=O)OC,19230193_14585674
0.3918918918918919,COC(=O)[C@H](O)CC(=O)Nc1cnc(C)nc1Cl,39053493_14585674
0.36,COC(=O)[C@H](O)CC(=O)Nc1cnn(C(C)C)n1,19090903_14585674
0.3783783783783784,CCc1ccc(NC(=O)C[C@@H](O)C(=O)OC)cn1,34171709_14585674
0.31645569620253167,COC(=O)[C@H](O)CC(=O)N[C@H](C)c1ccc(F)cn1,59202790_14585674
0.3,CNC(=O)C[C@@H](C)NC(=O)C[C@@H](O)C(=O)OC,37475651_14585674
0.5,CC[C@H](OCCO)C(=O)Nc1nncc2ccccc12,20984652_62761985
0.35802469135802467,COC(=O)[C@H](O)CC(=O)Nc1cccn2c(C)nnc12,31862644_14585674
0.4358974358974359,O=C1C[C@@H](C(=O)Nc2nncc3ccccc23)C(=O)N1,20984652_34067196
0.33766233766233766,COC(=O)[C@H](O)CC(=O)N[C@H](C)c1ccccn1,801641_14585674
0.44155844155844154,O=C(Nc1nncc2ccccc12)c1ccncc1O,20984652_334931
0.5882352941176471,CC(C)N(C)CC(=O)Nc1nncc2ccccc12,20984652_19092497
0.35443037974683544,COC(=O)[C@H](O)CC(=O)NC1(c2cccnn2)CC1,82410905_14585674
0.35365853658536583,COC(=O)[C@H](O)CC(=O)Nc1cccc2c(C)c[nH]c12,59608059_14585674
0.3888888888888889,COC(=O)[C@H](O)CC(=O)Nc1cnncc1Cl,39367810_14585674
0.5211267605633803,CC[C@@H](CN)C(=O)Nc1nncc2ccccc12,20984652_13507029
0.5694444444444444,CCCCOCC(=O)Nc1nncc2ccccc12,20984652_1712617
0.5205479452054794,CN[C@@H](CC(N)=O)C(=O)Nc1nncc2ccccc12,20984652_6378924
0.4722222222222222,N[C@@H]1CC[C@@H]1C(=O)Nc1nncc2ccccc12,20984652_1606875
0.5970149253731343,O=C(COC(F)F)Nc1nncc2ccccc12,20984652_5112772
0.3835616438356164,COC(=O)[C@H](O)CC(=O)Nc1cncc(F)n1,91252202_14585674
0.3333333333333333,CC[C@@H](NC(=O)C[C@@H](O)C(=O)OC)c1ccccc1C,34099855_14585674
0.3780487804878049,COC(=O)[C@H](O)CC(=O)Nc1nccc2oc(C)cc12,163335519_14585674
0.34210526315789475,COC(=O)[C@H](O)CC(=O)NC(=O)CCc1ccccc1,74758_14585674
0.36585365853658536,COC(=O)[C@H](O)CC(=O)Nc1cccc2ncc(C)n12,30677913_14585674
0.31645569620253167,COC(=O)[C@H](O)CC(=O)N[C@@H](C)c1ccc(F)cn1,35078002_14585674
0.4594594594594595,O=C(Nc1nncc2ccccc12)c1coc(Cl)n1,20984652_38540808
0.5135135135135135,O=C(Cc1cn[nH]n1)Nc1nncc2ccccc12,20984652_26507094
0.34210526315789475,C#C[C@@H](NC(=O)C[C@@H](O)C(=O)OC)c1ccccc1,32501211_14585674
0.4,COC(=O)[C@H](O)CC(=O)Nc1ncncc1C(=O)O,967326_14585674
0.3333333333333333,COCCn1cnc(NC(=O)C[C@@H](O)C(=O)OC)c1,98214008_14585674
0.5882352941176471,CC(C)(C)SCC(=O)Nc1nncc2ccccc12,20984652_1718825
0.34615384615384615,COC(=O)[C@H](O)CC(=O)Nc1cc([C@H](C)O)ccn1,39325623_14585674
0.345679012345679,COC(=O)[C@H](O)CC(=O)Nc1ccnc(CC#N)n1,39052517_14585674
0.5138888888888888,CC(C)[C@H](O)[C@@H](N)C(=O)Nc1nncc2ccccc12,20984652_1715388
0.31645569620253167,COC(=O)[C@H](O)CC(=O)N[C@H](C)c1ccc(C)nc1,13378663_14585674
0.5135135135135135,O=C(Cc1ccsc1)Nc1nncc2ccccc12,20984652_334136
0.45454545454545453,Cc1ccncc1C(=O)Nc1nncc2ccccc12,20984652_2582042
0.3611111111111111,COC(=O)[C@H](O)CC(=O)Nc1ccc(C(F)F)cc1,71791094_14585674
0.5633802816901409,N[C@@H](CCC(=O)Nc1nncc2ccccc12)C(O)O,20984652_98208956
0.3717948717948718,COC(=O)[C@H](O)CC(=O)N[C]1CCc2ccccc21,1560406258_14585674
0.410958904109589,COC(=O)[C@H](O)CC(=O)Nc1ncc(C)cc1F,80052631_14585674
0.527027027027027,CCCCC[C@@H](O)C(=O)Nc1nncc2ccccc12,20984652_3846439
0.375,COC(=O)[C@H](O)CC(=O)Nc1ncc(C)s1,8652421_14585674
0.46153846153846156,CCn1ncc(C(=O)Nc2nncc3ccccc23)n1,20984652_218553550
0.4794520547945205,Cc1ccc(C(=O)Nc2nncc3ccccc23)o1,20984652_62699
0.4868421052631579,COCC[C@](C)(N)C(=O)Nc1nncc2ccccc12,20984652_45020640
0.4794520547945205,Cc1cnc(C(=O)Nc2nncc3ccccc23)o1,20984652_38530122
0.3835616438356164,COC(=O)c1nonc1NC(=O)C[C@@H](O)C(=O)OC,2473576_14585674
0.4931506849315068,CC[C@@H]1C[C@@H]1C(=O)Nc1nncc2ccccc12,20984652_39348500
0.5285714285714286,CN[C@@H](CO)C(=O)Nc1nncc2ccccc12,20984652_2384916
0.44155844155844154,O=C(Nc1nncc2ccccc12)c1cc[nH]c(=O)n1,20984652_1690468
0.30952380952380953,COC(=O)[C@H](O)CC(=O)N[C@H](CC#N)c1ccccn1,71495355_14585674
0.5131578947368421,Cn1ncnc1CC(=O)Nc1nncc2ccccc12,20984652_54498740
0.44155844155844154,O=C(Nc1nncc2ccccc12)C1=Cc2ccccc21,20984652_34375832
0.3815789473684211,CCNc1cccc(NC(=O)C[C@@H](O)C(=O)OC)n1,82707700_14585674
0.3333333333333333,COC(=O)[C@H](O)CC(=O)N[C@@H](CO)c1ccccn1,39050028_14585674
0.35064935064935066,COC(=O)[C@H](O)CC(=O)NC[C@@H](C)Cc1ccccc1,11974909_14585674
0.4358974358974359,Nc1ccncc1C(=O)Nc1nncc2ccccc12,20984652_333065
0.36585365853658536,COC(=O)[C@H](O)CC(=O)Nc1ccc2cccnc2c1,15884429_14585674
0.3466666666666667,COC(=O)[C@H](O)CC(=O)NC(=O)[C@H](C)c1ccccc1,2044229_14585674
0.2972972972972973,CCOC(=O)[C@H](CC)CNC(=O)C[C@@H](O)C(=O)OC,78724374_14585674
0.52,CCCC/C=C/CC(=O)Nc1nncc2ccccc12,20984652_2037383
0.5633802816901409,CC[C@@H](C)CCC(=O)Nc1nncc2ccccc12,20984652_1767965
0.3246753246753247,COC(=O)[C@H](O)CC(=O)NC[C@@H](O)c1ccco1,2525311_14585674
0.36363636363636365,COC(=O)[C@H](O)CC(=O)Nc1ncnc(N(C)C)n1,394205_14585674
0.5694444444444444,CCC[C@H](O)CCC(=O)Nc1nncc2ccccc12,20984652_3846436
0.5066666666666667,O=C(Cc1cn[nH]c1O)Nc1nncc2ccccc12,20984652_20029292
0.5342465753424658,CC1(CC(=O)Nc2nncc3ccccc23)CCCC1,20984652_36155315
0.3333333333333333,COC(=O)[C@H](O)CC(=O)Nc1cnn2c(C)ccnc12,95922578_14585674
0.3717948717948718,COC(=O)[C@H](O)CC(=O)Nc1cccc2ccsc12,34361594_14585674
0.33766233766233766,COC(=O)[C@H](O)CC(=O)Nc1ccc(O)cc1OC,13346714_14585674
0.35526315789473684,COC(=O)[C@H](O)CC(=O)Nc1c(F)cccc1OC,2510742_14585674
0.3815789473684211,CNc1nc(C)ccc1NC(=O)C[C@@H](O)C(=O)OC,39051309_14585674
0.582089552238806,CNCCC(=O)Nc1nncc2ccccc12,20984652_1841100
0.36486486486486486,COC(=O)[C@H](O)CC(=O)Nc1ncnc(C)n1,2012340_14585674
0.3493975903614458,COC(=O)[C@H](O)CC(=O)Nc1ccc2nc(C)cn2n1,39048308_14585674
0.2857142857142857,COC[C@H](C)NC(=O)C[C@@H](O)C(=O)OC,2572631_14585674
0.44871794871794873,N[C@H](C(=O)Nc1nncc2ccccc12)c1ccc[nH]1,20984652_59743623
0.4657534246575342,O=C(Nc1nncc2ccccc12)C1=NCCC1,20984652_26379237
0.4605263157894737,O=C(Nc1nncc2ccccc12)c1cc(F)c[nH]1,20984652_95740519
0.3466666666666667,COC(=O)[C@H](O)CC(=O)Nc1cc(F)ccc1F,388527_14585674
0.2898550724637681,COC(=O)[C@H](O)CC(=O)N[C@@H](C(=O)OC)C(C)C,54954743_14585674
0.5135135135135135,O=C(Cc1ccsn1)Nc1nncc2ccccc12,20984652_39325983
0.34210526315789475,COC(=O)[C@H](O)CC(=O)Nc1ccc(F)cc1OC,16159540_14585674
0.5205479452054794,COC[C@@H](C)[C@@H](C)C(=O)Nc1nncc2ccccc12,20984652_86338187
0.5066666666666667,O=C(Cc1n[nH]c(=O)[nH]1)Nc1nncc2ccccc12,20984652_19089113
0.34210526315789475,COC(=O)c1cc(NC(=O)C[C@@H](O)C(=O)OC)on1,95929697_14585674
0.5142857142857142,CS[C@H](C(=O)Nc1nncc2ccccc12)C(C)C,20984652_38063402
0.5135135135135135,O=C(Cc1nccs1)Nc1nncc2ccccc12,20984652_2389519
0.4666666666666667,CC1(C)C(=O)C[C@@H]1C(=O)Nc1nncc2ccccc12,20984652_1713080
0.3333333333333333,C/N=C(\Cc1ccccc1)NC(=O)C[C@@H](O)C(=O)OC,62994469_14585674
0.6417910447761194,CC[C@@H](CC(=O)Nc1nncc2ccccc12)C(C)C,20984652_2578879
0.31645569620253167,COC(=O)[C@H](O)CC(=O)NC[C@@H](O)c1cnc[nH]1,5116923_14585674
0.5138888888888888,CO[C@@H](C)[C@H](N)C(=O)Nc1nncc2ccccc12,20984652_1700275
0.37333333333333335,COC(=O)[C@H](O)CC(=O)Nc1ccc[nH]c1=S,26896213_14585674
0.5492957746478874,CN(CC(=O)Nc1nncc2ccccc12)C(=N)O,20984652_40165548
0.5277777777777778,CCC(=O)N[C@H](C)C(=O)Nc1nncc2ccccc12,20984652_2030276
0.4605263157894737,O=C(Nc1nncc2ccccc12)c1cc(Cl)n[nH]1,20984652_43830785
0.4594594594594595,O=C(Nc1nncc2ccccc12)c1ccc(O)cn1,20984652_334926
0.28,CC[C@H](O)CCCNC(=O)C[C@@H](O)C(=O)OC,71372439_14585674
0.547945205479452,C[C@@H](C#N)CCC(=O)Nc1nncc2ccccc12,20984652_34016752
0.47297297297297297,Cc1cnncc1C(=O)Nc1nncc2ccccc12,20984652_76914606
0.41975308641975306,O=C(Nc1nncc2ccccc12)[C@@H]1[C@@H]2CCNC[C@H]21,20984652_250793923
0.5428571428571428,NCC(F)(F)CC(=O)Nc1nncc2ccccc12,20984652_57219087
0.5633802816901409,COCCCCC(=O)Nc1nncc2ccccc12,20984652_5606218
0.34210526315789475,COC(=O)c1occc1NC(=O)C[C@@H](O)C(=O)OC,40448625_14585674
0.3048780487804878,COC(=O)[C@H](O)CC(=O)NCc1ccc(C#N)cn1,72231168_14585674
0.3125,COC(=O)[C@H](O)CC(=O)NCc1cccc(OC)c1,388378_14585674
0.49333333333333335,CCSC[C@@H](N)C(=O)Nc1nncc2ccccc12,20984652_1681299
0.5833333333333334,N[C@H](CC(=O)Nc1nncc2ccccc12)C1CCC1,20984652_26896311
0.44155844155844154,O=C(Nc1nncc2ccccc12)c1cccnc1O,20984652_8698121
0.5,O=C(CCc1ccc[nH]1)Nc1nncc2ccccc12,20984652_40448333
0.5352112676056338,CC(C)CC(C)(C)C(=O)Nc1nncc2ccccc12,20984652_33505661
0.59375,NCCC(=O)Nc1nncc2ccccc12,20984652_4658555
0.4794520547945205,Cc1nnc(C(=O)Nc2nncc3ccccc23)o1,20984652_2559696
0.38235294117647056,COC(=O)[C@H](O)CC(=O)Nc1nnnnn1,100192552_14585674
0.5633802816901409,CC(C)N(C)CCC(=O)Nc1nncc2ccccc12,20984652_19092838
0.36585365853658536,COC(=O)[C@H](O)CC(=O)Nc1nc(C)c2ccccn12,75843679_14585674
0.32,COC(=O)[C@H](O)CC(=O)NCc1ccc(OC)cc1,157596_14585674
0.3815789473684211,COC(=O)[C@H](O)CC(=O)Nc1cccc(N(C)C)n1,82707686_14585674
0.4861111111111111,NC1(C(=O)Nc2nncc3ccccc23)CNC1,20984652_34437010
0.34177215189873417,COC(=O)[C@H](O)CC(=O)NC[C@@H](O)c1cccnc1,4245373_14585674
0.5806451612903226,O=C(Nc1nncc2ccccc12)C(O)O,20984652_6660936
0.2631578947368421,COC(=O)[C@H](O)CC(=O)N[C@@H](CC1CC1)C(=O)OC,69553575_14585674
0.5277777777777778,COC(=O)[C@@H](O)CC(=O)Nc1cncc2ccccc12,332648_14585673
0.32926829268292684,COC(=O)[C@H](O)CC(=O)Nc1cnn([C@H](C)C#N)n1,259811881_14585674
0.45454545454545453,Cn1nc(C(=O)Nc2nncc3ccccc23)cc1O,20984652_15022089
0.34210526315789475,COC(=O)[C@H](O)CC(=O)Nc1nc(C)nn1C(C)C,54404571_14585674
0.5714285714285714,COC(=O)[C@@H](O)CC(=O)Nc1nccc2ccccc12,154817_14585673
0.33766233766233766,COCc1nnc(NC(=O)C[C@@H](O)C(=O)OC)o1,19396980_14585674
0.325,COC(=O)[C@H](O)CC(=O)N[C@H](C)c1cccnc1F,83591337_14585674
0.5285714285714286,C/C=C/[C@@H](O)C(=O)Nc1nncc2ccccc12,20984652_34083801
0.5441176470588235,CC(C)(O)[C@@H](O)C(=O)Nc1nncc2ccccc12,20984652_901906
0.5416666666666666,CCCC[C@H](O)C(=O)Nc1nncc2ccccc12,20984652_2033564
0.4666666666666667,O=C(Nc1nncc2ccccc12)c1cnc(F)cn1,20984652_137877734
0.4177215189873418,COC(=O)[C@@H](O)CC(=O)Nc1cccc2cnccc12,154819_14585673
0.5,COC(=O)[C@@H](O)CC(=O)Nc1nncc2c1cnn2C,337147_14585673
0.5735294117647058,C[N+](C)(C)CCC(=O)Nc1nncc2ccccc12,20984652_897434
0.547945205479452,CC(C)CNCCC(=O)Nc1nncc2ccccc12,20984652_20285106
0.5205479452054794,COC(=O)[C@@H](O)CC(=O)Nc1nncc2occc12,225756693_14585673
0.4358974358974359,COC(=O)[C@@H](O)CC(=O)Nc1noc2ncccc12,168472_14585673
0.4666666666666667,Cc1oncc1C(=O)Nc1nncc2ccccc12,20984652_1318759
0.40540540540540543,COC(=O)[C@@H](O)CC(=O)Nc1ncc(OC)cc1C,95642677_14585673
0.5,C[C@@H](NC(=N)N)C(=O)Nc1nncc2ccccc12,20984652_2044403
0.4666666666666667,Cc1[nH]ccc1C(=O)Nc1nncc2ccccc12,20984652_1574411
0.5294117647058824,CC(C)[C@H](N)C(=O)Nc1nncc2ccccc12,20984652_895099
0.43661971830985913,COC(=O)[C@@H](O)CC(=O)Nc1nc(C)ccc1F,82835967_14585673
0.4931506849315068,COC(=O)[C@H]1C[C@@H]1C(=O)Nc1nncc2ccccc12,20984652_39240025
0.4666666666666667,NC[C@@H]1CC[C@@H]1C(=O)Nc1nncc2ccccc12,20984652_39253823
0.44155844155844154,O=C1C=C(C(=O)Nc2nncc3ccccc23)CCC1,20984652_5725512
0.4605263157894737,Cc1cccc(C(=O)Nc2nncc3ccccc23)c1,20984652_330142
0.5277777777777778,COC(=O)[C@@H](O)CC(=O)Nc1nnnc2ccccc12,20981139_14585673
0.4246575342465753,COC(=O)[C@@H](O)CC(=O)Nc1nc(OC)ncc1F,37594085_14585673
0.4473684210526316,O=C(Nc1nncc2ccccc12)c1cncc(O)c1,20984652_332673
0.4675324675324675,C[C@H](C(=O)Nc1nncc2ccccc12)c1ccn[nH]1,20984652_80058497
0.4666666666666667,COC(=O)[C@@H](O)CC(=O)Nc1ncnc2ccccc12,331945_14585673
0.47297297297297297,COC(=O)[C@@H](O)CC(=O)Nc1n[nH]c2ccccc12,3954002_14585673
0.4666666666666667,COC(=O)[C@@H](O)CC(=O)Nc1cccc2cnncc12,16677889_14585673
0.4868421052631579,CC[C@H](C(=O)Nc1nncc2ccccc12)C1COC1,20984652_82839647
0.4666666666666667,COC(=O)[C@@H](O)CC(=O)Nc1nn(C)c2ccccc12,15020373_14585673
0.5072463768115942,C[C@H]1C[C@@H]1C(=O)Nc1nncc2ccccc12,20984652_1766071
0.5352112676056338,O=C(CCC1CC1)Nc1nncc2ccccc12,20984652_2391915
0.4722222222222222,COC(=O)[C@@H](O)CC(=O)Nc1cccc2ccccc12,1673028_14585673
0.5714285714285714,COC(=O)COCC(=O)Nc1nncc2ccccc12,20984652_34064790
0.43661971830985913,COC(=O)[C@@H](O)CC(=O)Nc1cnnc(C)n1,19801101_14585673
0.6056338028169014,CC[C@@H](CC(=O)Nc1nncc2ccccc12)C1CC1,20984652_82839034
0.4305555555555556,COC(=O)[C@@H](O)CC(=O)Nc1nc(OC)ccc1F,104393374_14585673
0.48,COC(=O)[C@@H](O)CC(=O)Nc1cnnc2ccccc12,331948_14585673
0.4931506849315068,C[C@@H](C(=O)Nc1nncc2ccccc12)C1CCC1,20984652_19726548
0.6323529411764706,C[C@@H](CC(=O)Nc1nncc2ccccc12)C(C)(C)N,20984652_40544557
0.4246575342465753,COC(=O)[C@@H](O)CC(=O)Nc1nc(F)ccc1OC,307022617_14585673
0.42857142857142855,COC(=O)[C@@H](O)CC(=O)Nc1cccnn1,1621830_14585673
0.5205479452054794,CCCC[C@@H](N)C(=O)Nc1nncc2ccccc12,20984652_2034415
0.4230769230769231,COC(=O)[C@@H](O)CC(=O)Nc1n[nH]c2ncccc12,168464_14585673
0.5277777777777778,NCCCCCC(=O)Nc1nncc2ccccc12,20984652_1529425
0.5757575757575758,N=C(N)CC(=O)Nc1nncc2ccccc12,20984652_4203483
0.4230769230769231,COC(=O)[C@@H](O)CC(=O)Nc1cnc2ccccc2c1,39224_14585673
0.5882352941176471,C[S@@](=O)CCC(=O)Nc1nncc2ccccc12,20984652_37921891
0.4189189189189189,COC(=O)[C@@H](O)CC(=O)Nc1ncc(C)nc1OC,22006949_14585673
0.5652173913043478,CC(=O)C(C)(C)CC(=O)Nc1nncc2ccccc12,20984652_369077
0.547945205479452,COC[C@@](C)(N)CC(=O)Nc1nncc2ccccc12,20984652_82762630
0.44285714285714284,COC(=O)[C@@H](O)CC(=O)Nc1nc(F)ncc1F,3129093_14585673
0.4675324675324675,CCc1nc(C(=O)Nc2nncc3ccccc23)c[nH]1,20984652_26895975
0.47297297297297297,COC(=O)[C@@H](O)CC(=O)Nc1noc2ccccc12,161908_14585673
0.4935064935064935,O=C(CCc1cc[nH]c1)Nc1nncc2ccccc12,20984652_14684361
0.44285714285714284,COC(=O)[C@@H](O)CC(=O)Nc1ncccc1F,19616068_14585673
0.4520547945205479,COC(=O)[C@@H](O)CC(=O)Nc1nnccc1C#N,34213306_14585673
0.38666666666666666,COC(=O)[C@@H](O)CC(=O)Nc1cccc(C(=O)O)n1,336886_14585673
0.5571428571428572,CN(C)C[C@@H](O)C(=O)Nc1nncc2ccccc12,20984652_6437143
0.547945205479452,COCCCCCC(=O)Nc1nncc2ccccc12,20984652_19091104
0.4246575342465753,COC(=O)[C@@H](O)CC(=O)Nc1nc(C)ccc1Cl,39190998_14585673
0.4507042253521127,COC(=O)[C@@H](O)CC(=O)Nc1nnccc1C(C)C,104528686_14585673
0.49333333333333335,COCC[C@@](C)(O)C(=O)Nc1nncc2ccccc12,20984652_45040717
0.527027027027027,C[C@@H]1CCC[C@H]1CC(=O)Nc1nncc2ccccc12,20984652_1442749
0.4358974358974359,Nc1nccc(C(=O)Nc2nncc3ccccc23)n1,20984652_1690675
0.3888888888888889,COC(=O)[C@@H](O)CC(=O)Nc1ccc(OC)nc1,404286_14585673
0.44,COC(=O)[C@@H](O)CC(=O)Nc1cc2ccccc2cn1,157801_14585673
0.4594594594594595,Nc1ccccc1C(=O)Nc1nncc2ccccc12,20984652_47985
0.4666666666666667,Cc1nc(C(=O)Nc2nncc3ccccc23)cs1,20984652_158613
0.582089552238806,CN(C)C(=O)CC(=O)Nc1nncc2ccccc12,20984652_20205176
0.5,O=C(Nc1nncc2ccccc12)C(F)(F)C(F)F,20984652_1845748
0.44155844155844154,COC(=O)[C@@H](O)CC(=O)Nc1nnn2ccccc12,26049865_14585673
0.4358974358974359,O=C(Nc1nncc2ccccc12)c1cc(=O)cco1,20984652_2527986
0.463768115942029,COC(=O)[C@@H](O)CC(=O)Nc1nnccc1C,21300847_14585673
0.43661971830985913,COC(=O)[C@@H](O)CC(=O)Nc1n[nH]ccc1=O,39118454_14585673
0.4305555555555556,COC(=O)[C@@H](O)CC(=O)Nc1nc(C)ncc1F,95093303_14585673
0.463768115942029,COC(=O)[C@@H](O)CC(=O)Nc1nnccc1Cl,117451708_14585673
0.527027027027027,O=C(COC1CNC1)Nc1nncc2ccccc12,20984652_88189317
0.5,C[C@H](C(=O)Nc1nncc2ccccc12)n1cccc1,20984652_106411
0.4268292682926829,C#CCn1cccc1C(=O)Nc1nncc2ccccc12,20984652_39066000
0.4473684210526316,Nc1cn[nH]c1C(=O)Nc1nncc2ccccc12,20984652_26895189
0.4473684210526316,COC(=O)[C@@H](O)CC(=O)Nc1nccc2ncccc12,20984791_14585673
0.43661971830985913,COC(=O)[C@@H](O)CC(=O)Nc1ncccc1C,402702_14585673
0.5671641791044776,O=C(CCCO)Nc1nncc2ccccc12,20984652_1532805
0.45454545454545453,COC(=O)[C@@H](O)CC(=O)Nc1nccc2cnccc12,20984635_14585673
0.527027027027027,C/C=C\CNCC(=O)Nc1nncc2ccccc12,20984652_113867247
0.5652173913043478,CCC(C)(C)CC(=O)Nc1nncc2ccccc12,20984652_2578838
0.4444444444444444,COC(=O)[C@@H](O)CC(=O)Nc1nnccc1C(=O)O,4202687_14585673
0.4146341463414634,N#Cc1cnccc1C(=O)Nc1nncc2ccccc12,20984652_82408812
0.5571428571428572,CC(=O)CSCC(=O)Nc1nncc2ccccc12,20984652_36436786
0.6417910447761194,CC(C)(C)[C@H](N)CC(=O)Nc1nncc2ccccc12,20984652_2387070
0.4507042253521127,CCc1ccnnc1NC(=O)C[C@H](O)C(=O)OC,91366093_14585673
0.5277777777777778,CO[C@@H](CC(C)C)C(=O)Nc1nncc2ccccc12,20984652_96585179
0.5205479452054794,CC(C)CO[C@@H](C)C(=O)Nc1nncc2ccccc12,20984652_19427149
0.4155844155844156,COC(=O)[C@@H](O)CC(=O)Nc1onc2ccccc12,26053358_14585673
0.42857142857142855,COC(=O)[C@@H](O)CC(=O)Nc1cc2ccccc2nn1,5332249_14585673
0.47297297297297297,O=C(Nc1nncc2ccccc12)c1ncns1,20984652_59758155
0.45454545454545453,O=C(Nc1nncc2ccccc12)c1ccc(CO)o1,20984652_327584
0.39436619718309857,COC(=O)[C@@H](O)CC(=O)Nc1ccccc1SC,391221_14585673
0.4266666666666667,COC(=O)[C@@H](O)CC(=O)Nc1cc2ccccc2s1,39242015_14585673
0.52,Cc1occc1CC(=O)Nc1nncc2ccccc12,20984652_39648491
0.3783783783783784,CCOc1cnc(NC(=O)C[C@H](O)C(=O)OC)cn1,40448358_14585673
0.4246575342465753,CCc1ccc(C)nc1NC(=O)C[C@H](O)C(=O)OC,5197379_14585673
0.4025974025974026,COC(=O)[C@@H](O)CC(=O)Nc1csc2ccccc12,30677853_14585673
0.5571428571428572,CCCC(=O)CCC(=O)Nc1nncc2ccccc12,20984652_2378803
0.4864864864864865,CC[C@H]1CC[C@@H]1C(=O)Nc1nncc2ccccc12,20984652_59880196
0.44871794871794873,NCc1ccc(C(=O)Nc2nncc3ccccc23)o1,20984652_4904129
0.410958904109589,COC(=O)[C@@H](O)CC(=O)Nc1cnnc(OC)c1,84312344_14585673
0.5352112676056338,CCO[C@@H](C)C(=O)Nc1nncc2ccccc12,20984652_19483795
0.44871794871794873,O=C(Nc1nncc2ccccc12)c1cc(F)ccn1,20984652_21304417
0.3888888888888889,COC(=O)[C@@H](O)CC(=O)Nc1cncc(OC)n1,8488296_14585673
0.32894736842105265,COC(=O)[C@@H](O)CC(=O)NCc1cnc(OC)nc1,20446307_14585673
0.4473684210526316,Nc1ncc(C(=O)Nc2nncc3ccccc23)[nH]1,20984652_32194953
0.59375,O=C(CCF)Nc1nncc2ccccc12,20984652_2040576
0.5652173913043478,CCC(=O)CCC(=O)Nc1nncc2ccccc12,20984652_394975
0.47368421052631576,Cn1c(C(=O)Nc2nncc3ccccc23)cnc1N,20984652_36243908
0.45454545454545453,Cn1c(C(=O)Nc2nncc3ccccc23)c[nH]c1=O,20984652_63110830
0.4666666666666667,Cc1cnoc1C(=O)Nc1nncc2ccccc12,20984652_16124590
0.4246575342465753,COC(=O)[C@@H](O)CC(=O)Nc1ncc(OC)nc1C,95929615_14585673
0.5142857142857142,COC(=O)C(C)(C)C(=O)Nc1nncc2ccccc12,20984652_22010954
0.3466666666666667,COC(=O)[C@@H](O)CC(=O)Nc1ccc(OC)cc1F,2382629_14585673
0.4189189189189189,COC(=O)[C@@H](O)CC(=O)Nc1ncccc1C(=O)O,331646_14585673
0.4189189189189189,CNc1cccnc1NC(=O)C[C@H](O)C(=O)OC,38549194_14585673
0.46835443037974683,COC[C@]1(C)C[C@H]1C(=O)Nc1nncc2ccccc12,20984652_53199850
0.5909090909090909,CS(=O)(=O)CC(=O)Nc1nncc2ccccc12,20984652_2510138
0.47368421052631576,Cc1nn(C)cc1C(=O)Nc1nncc2ccccc12,20984652_1088699
0.41333333333333333,CCOc1cccnc1NC(=O)C[C@H](O)C(=O)OC,19092421_14585673
0.4675324675324675,Cn1cc(F)c(C(=O)Nc2nncc3ccccc23)n1,20984652_88189721
0.43661971830985913,COC(=O)[C@@H](O)CC(=O)Nc1ncc(C)nc1C,153135_14585673
0.4246575342465753,COC(=O)[C@@H](O)CC(=O)Nc1nncnc1C(=O)O,39083028_14585673
0.6086956521739131,N[C@H](CCO)CC(=O)Nc1nncc2ccccc12,20984652_82073082
0.4666666666666667,Cc1n[nH]c(C(=O)Nc2nncc3ccccc23)n1,20984652_22688521
0.4507042253521127,COC(=O)[C@@H](O)CC(=O)Nc1nc(Cl)ccc1F,82163103_14585673
0.39436619718309857,COC(=O)[C@@H](O)CC(=O)Nc1cnncc1C,82411864_14585673
0.5616438356164384,CC(C)COCCC(=O)Nc1nncc2ccccc12,20984652_19518202
0.4177215189873418,COC(=O)[C@@H](O)CC(=O)Nc1nn(C)c2ncccc12,168469_14585673
0.44871794871794873,O=C(Nc1nncc2ccccc12)[C@@H]1C=CCNC1,20984652_33796309
0.5138888888888888,CO[C@H](C)[C@H](N)C(=O)Nc1nncc2ccccc12,20984652_1700276
0.43037974683544306,O=C(Nc1nncc2ccccc12)c1cn[nH]c(=O)c1,20984652_20357820
0.5492957746478874,CC(C)=CCCC(=O)Nc1nncc2ccccc12,20984652_43794379
0.6129032258064516,NCC(=O)Nc1nncc2ccccc12,20984652_4658552
0.44871794871794873,CN1C=N[C@H](C(=O)Nc2nncc3ccccc23)C1,20984652_22000671
0.5,CCCC[C@@H](C)C(=O)Nc1nncc2ccccc12,20984652_2037749
0.43478260869565216,COC(=O)[C@@H](O)CC(=O)Nc1nocc1C,34156410_14585673
0.35526315789473684,COC(=O)[C@@H](O)CC(=O)Nc1cnc(OC)cc1F,299890317_14585673
0.41333333333333333,COC(=O)[C@@H](O)CC(=O)Nc1cnnc(SC)n1,104632400_14585673
0.3188405797101449,COC(=O)[C@@H](O)CC(=O)N[C@H](CC(=O)O)C(=O)OC,2560988_14585673
0.5205479452054794,CCCO[C@@H](C)C(=O)Nc1nncc2ccccc12,20984652_34305438
0.3783783783783784,COC(=O)[C@@H](O)CC(=O)Nc1ccc([C@@H](C)O)cn1,72225123_14585673
0.5135135135135135,O=C(CCNC1CC1)Nc1nncc2ccccc12,20984652_12505597
0.35064935064935066,COC(=O)[C@@H](O)CC(=O)Nc1ccnc(OC)c1C,95935203_14585673
0.5405405405405406,COCCN(C)CC(=O)Nc1nncc2ccccc12,20984652_19090737
0.5,CCC[C@H](CN)C(=O)Nc1nncc2ccccc12,20984652_44396312
0.4461538461538462,COC(=O)[C@@H](O)CC(=O)Nc1ccccc1,17886255_14585673
0.43243243243243246,COC(=O)[C@@H](O)CC(=O)Nc1nc(O)ncc1C#N,492965_14585673
0.5066666666666667,COCCO[C@@H](C)C(=O)Nc1nncc2ccccc12,20984652_19431292
0.5205479452054794,CCO[C@@H](C(=O)Nc1nncc2ccccc12)C(C)C,20984652_19477714
0.38666666666666666,COC(=O)[C@@H](O)CC(=O)Nc1ccc(C#N)nc1,403997_14585673
0.40540540540540543,COC(=O)[C@@H](O)CC(=O)Nc1ncc(OC)cc1F,98181124_14585673
0.5066666666666667,CCCCC[C@@H](N)C(=O)Nc1nncc2ccccc12,20984652_2035160
0.4142857142857143,COC(=O)[C@@H](O)CC(=O)Nc1ccnnc1,8294943_14585673
0.37333333333333335,CCOc1ccc(NC(=O)C[C@H](O)C(=O)OC)cn1,4352765_14585673
0.3181818181818182,COC(=O)[C@@H](O)CNC(=O)C[C@H](O)C(=O)OC,38251036_14585673
0.5205479452054794,C=C(C)C[C@@H](N)C(=O)Nc1nncc2ccccc12,20984652_1584112
0.4594594594594595,O=C(Nc1nncc2ccccc12)c1ccno1,20984652_2530966
0.47297297297297297,Cn1cnc(C(=O)Nc2nncc3ccccc23)c1,20984652_19850645
0.4177215189873418,COC(=O)[C@@H](O)CC(=O)Nc1nc(C)n2ccccc12,75537928_14585673
0.44155844155844154,O=C(Nc1nncc2ccccc12)[C@H]1C[C@@H]2C=C[C@@H]1C2,20984652_100005031
0.3924050632911392,COC(=O)[C@@H](O)CC(=O)Nc1cccc2nonc12,158119_14585673
0.3972602739726027,COC(=O)[C@@H](O)CC(=O)Nc1ccnnc1Cl,40448770_14585673
0.42857142857142855,COC(=O)[C@@H](O)CC(=O)Nc1ncc2ccccc2n1,5519265_14585673
0.527027027027027,C[C@H]1CCC[C@@H]1CC(=O)Nc1nncc2ccccc12,20984652_1442750
0.5068493150684932,COC[C@](C)(OC)C(=O)Nc1nncc2ccccc12,20984652_53198655
0.46153846153846156,CN1C(=O)CC[C@@H]1C(=O)Nc1nncc2ccccc12,20984652_39650537
0.41333333333333333,COCc1cccnc1NC(=O)C[C@H](O)C(=O)OC,52734230_14585673
0.4189189189189189,COC(=O)[C@@H](O)CC(=O)Nc1ccc2ccccc2c1,968125_14585673
0.5,CCCCO[C@H](C)C(=O)Nc1nncc2ccccc12,20984652_34120407
0.5066666666666667,O=C(CC1=CCCC1)Nc1nncc2ccccc12,20984652_5188307
0.4027777777777778,COC(=O)[C@@H](O)CC(=O)Nc1ccc(F)nc1F,39051942_14585673
0.5882352941176471,CC[S@@](=O)CC(=O)Nc1nncc2ccccc12,20984652_19092569
0.4268292682926829,N#Cc1ccnc(C(=O)Nc2nncc3ccccc23)c1,20984652_12336457
0.4189189189189189,COC(=O)[C@@H](O)CC(=O)Nc1ncccc1[C@@H](C)O,21985758_14585673
0.4,COC(=O)[C@@H](O)CC(=O)Nc1nccc(O)c1Cl,71256968_14585673
0.4857142857142857,O=C(Nc1nncc2ccccc12)[C]1[CH][CH][CH][CH]1,20984652_100011903
0.38271604938271603,COC(=O)[C@@H](O)CC(=O)Nc1cccc2nnccc12,1857381_14585673
0.3974358974358974,COC(=O)[C@@H](O)CC(=O)Nc1ncnc2ncncc12,20981217_14585673
0.5285714285714286,CCCC(CCC)C(=O)Nc1nncc2ccccc12,20984652_3008621
0.5285714285714286,C[C@H](O)[C@@](C)(O)C(=O)Nc1nncc2ccccc12,20984652_1731111
0.41025641025641024,COC(=O)[C@@H](O)CC(=O)Nc1c2ccccc2nn1C,32189297_14585673
0.4594594594594595,Nc1ccsc1C(=O)Nc1nncc2ccccc12,20984652_1433084
0.40540540540540543,COC(=O)[C@@H](O)CC(=O)Nc1ncc(Cl)cc1C,19735877_14585673
0.5135135135135135,O=C(Cc1ncn[nH]1)Nc1nncc2ccccc12,20984652_42041161
0.4166666666666667,COC(=O)[C@@H](O)CC(=O)Nc1ncncc1F,3130164_14585673
0.35714285714285715,COC(=O)[C@@H](O)CC(=O)Nc1cc(O)cc(O)c1,157870_14585673
0.4166666666666667,COC(=O)[C@@H](O)CC(=O)Nc1ncc(O)cc1Cl,21981818_14585673
0.38666666666666666,COC(=O)[C@@H](O)CC(=O)Nc1ncc(OC)c(C)n1,39053761_14585673
0.4084507042253521,COC(=O)[C@@H](O)CC(=O)Nc1cccccc1=O,2034019_14585673
0.527027027027027,C[C@](O)(CC(=O)Nc1nncc2ccccc12)C1CC1,20984652_52248938
0.40298507462686567,COC(=O)[C@@H](O)CC(=O)Nc1nnc(C)nn1,967265_14585673
0.4861111111111111,O=C(Nc1nncc2ccccc12)c1ccc(F)cc1,20984652_159828
0.5,CC[C@](N)(COC)C(=O)Nc1nncc2ccccc12,20984652_70657003
0.5135135135135135,CCC[C@H](N)[C@H](O)C(=O)Nc1nncc2ccccc12,20984652_35050455
0.5428571428571428,CC(=O)C[C@@H](C)C(=O)Nc1nncc2ccccc12,20984652_1711338
0.4931506849315068,CC[C@@](C)(C(=O)Nc1nncc2ccccc12)N(C)C,20984652_22122766
0.4626865671641791,COC(=O)[C@@H](O)CC(=O)Nc1nccnc1F,91252205_14585673
0.4794520547945205,Cn1cnnc1C(=O)Nc1nncc2ccccc12,20984652_95642133
0.5428571428571428,CC[C@@H](C)[C@H](O)C(=O)Nc1nncc2ccccc12,20984652_402950
0.5064935064935064,C[C@@H]1CC[C@H](CC(=O)Nc2nncc3ccccc23)N1,20984652_21986761
0.5277777777777778,CCC[C@@H](OC)C(=O)Nc1nncc2ccccc12,20984652_22122712
0.5428571428571428,NC(=O)CSCC(=O)Nc1nncc2ccccc12,20984652_1612017
0.3181818181818182,COC(=O)[C@H](O)CNC(=O)C[C@H](O)C(=O)OC,38212551_14585673
0.59375,O=C(CCO)Nc1nncc2ccccc12,20984652_895452
0.3698630136986301,COC(=O)[C@@H](O)CC(=O)N[C@@H](C(C)=O)c1ccccc1,165129_14585673
0.4246575342465753,COC(=O)[C@@H](O)CC(=O)Nc1nc(Cl)ncc1F,1718953_14585673
0.36363636363636365,CC[C@@H](C)c1ccccc1NC(=O)C[C@H](O)C(=O)OC,4520944_14585673
0.4246575342465753,COC(=O)[C@@H](O)CC(=O)Nc1ncc(Cl)nc1C,95642651_14585673
0.48,Cc1nccnc1C(=O)Nc1nncc2ccccc12,20984652_16124332
0.4605263157894737,Cn1nc(O)cc1C(=O)Nc1nncc2ccccc12,20984652_75528339
0.3918918918918919,COC(=O)[C@@H](O)CC(=O)Nc1nnn(C)c1C(F)F,306182772_14585673
0.33766233766233766,COC(=O)[C@@H](O)CC(=O)N[C@@](C)(C#N)c1ccccc1,13356637_14585673
0.40789473684210525,COC(=O)[C@@H](O)CC(=O)Nc1ncc(C)nc1C#N,32170445_14585673
0.475,O=C(CC[C@@H]1CCOC1)Nc1nncc2ccccc12,20984652_5052240
0.5522388059701493,CCC(CC)C(=O)Nc1nncc2ccccc12,20984652_388073
0.4358974358974359,N#Cc1ccc(C(=O)Nc2nncc3ccccc23)[nH]1,20984652_72338653
0.3815789473684211,CCNc1cccc(NC(=O)C[C@H](O)C(=O)OC)n1,82707700_14585673
0.4666666666666667,Cc1nsnc1C(=O)Nc1nncc2ccccc12,20984652_38804045
0.5135135135135135,O=C(Cc1ccoc1)Nc1nncc2ccccc12,20984652_334130
0.4246575342465753,COC(=O)[C@@H](O)CC(=O)Nc1ncccc1OC,14982093_14585673
0.36,COC(=O)[C@@H](O)CC(=O)Nc1ccnc(F)c1,2384100_14585673
0.4189189189189189,COC(=O)[C@@H](O)CC(=O)Nc1nc(Cl)ncc1C,2583509_14585673
0.38666666666666666,CCOc1ccc(NC(=O)C[C@H](O)C(=O)OC)nn1,16677890_14585673
0.3246753246753247,COC(=O)[C@@H](O)CC(=O)NC(=N)c1ccccc1F,1443072_14585673
0.4375,C#Cc1c[nH]nc1C(=O)Nc1nncc2ccccc12,20984652_1857781099
0.4177215189873418,COC(=O)[C@@H](O)CC(=O)Nc1noc2c(C)cccc12,96529658_14585673
0.5352112676056338,O=C(Cn1nccn1)Nc1nncc2ccccc12,20984652_2513905
0.45454545454545453,Nc1cncc(C(=O)Nc2nncc3ccccc23)c1,20984652_967308
0.4675324675324675,Cn1cc(C(=O)Nc2nncc3ccccc23)c(N)n1,20984652_35937644
0.52,Cc1nnnn1CC(=O)Nc1nncc2ccccc12,20984652_4529737
0.4305555555555556,COC(=O)[C@@H](O)CC(=O)Nc1ncnc(F)c1C,39053527_14585673
0.410958904109589,COC(=O)[C@@H](O)CC(=O)Nc1cc(Cl)cnn1,34120869_14585673
0.4444444444444444,COC(=O)[C@@H](O)CC(=O)Nc1ncccc1CO,19735472_14585673
0.4605263157894737,Cc1cn(C)c(C(=O)Nc2nncc3ccccc23)n1,20984652_82837823
0.4430379746835443,N[C@H](C(=O)Nc1nncc2ccccc12)c1ccoc1,20984652_967485
0.3375,COC(=O)[C@@H](O)CC(=O)Nc1ccn(C2CC2)n1,104600683_14585673
0.3815789473684211,CNc1nc(C)ccc1NC(=O)C[C@H](O)C(=O)OC,39051309_14585673
0.35365853658536583,COC(=O)[C@@H](O)CC(=O)Nc1nc2ccncc2o1,82836824_14585673
0.36619718309859156,COC(=O)[C@@H](O)CC(=O)N[C@@H](C)c1ccccc1,6030374_14585673
0.5915492957746479,C#CC[C@H](N)CC(=O)Nc1nncc2ccccc12,20984652_2385928
0.3918918918918919,COC(=O)[C@@H](O)CC(=O)Nc1ccc(OC)nc1F,238362745_14585673
0.40789473684210525,COC(=O)[C@@H](O)CC(=O)Nc1ncc(C#N)nc1C,91692971_14585673
0.325,COC(=O)[C@@H](O)CC(=O)N[C@@H](CO)c1cccnc1,6662164_14585673
0.38961038961038963,C#Cc1cc(F)cnc1NC(=O)C[C@H](O)C(=O)OC,95932440_14585673
0.37333333333333335,COC(=O)[C@@H](O)CC(=O)Nc1ccccc1C#N,157544_14585673
0.375,COC(=O)[C@@H](O)CC(=O)Nc1cncc2cc[nH]c12,89220883_14585673
0.5633802816901409,CC(C)[C@@](C)(N)CC(=O)Nc1nncc2ccccc12,20984652_44139069
0.4473684210526316,Nc1nc(C(=O)Nc2nncc3ccccc23)co1,20984652_20357811
0.4666666666666667,Cc1cn(C)cc1C(=O)Nc1nncc2ccccc12,20984652_39078602
0.38461538461538464,COC(=O)[C@@H](O)CC(=O)Nc1ncc(C#N)cc1OC,148800370_14585673
0.4,COC(=O)[C@@H](O)CC(=O)Nc1nccc(F)c1OC,144679519_14585673
0.39436619718309857,COC(=O)[C@@H](O)CC(=O)Nc1nonc1OC,967422_14585673
0.5066666666666667,O=C(CCCC1CCC1)Nc1nncc2ccccc12,20984652_80176360
0.4155844155844156,COC(=O)[C@@H](O)CC(=O)Nc1ncccc1C1CC1,70621838_14585673
0.35365853658536583,COC(=O)[C@@H](O)CC(=O)Nc1cccc2[nH]c(C)nc12,1235079_14585673
0.4,COC(=O)[C@@H](O)CC(=O)Nc1nncn1C,16977393_14585673
0.48,C[C@@H](C(=O)Nc1nncc2ccccc12)N1CCCC1,20984652_811645
0.43661971830985913,COC(=O)[C@@H](O)CC(=O)Nc1nc(F)c(F)cc1F,22006783_14585673
0.5,COC1(C(=O)Nc2nncc3ccccc23)CCC1,20984652_95347985
0.4868421052631579,C[C@@H](CC#N)[C@H](N)C(=O)Nc1nncc2ccccc12,20984652_207030456
0.45569620253164556,CCn1cncc1C(=O)Nc1nncc2ccccc12,20984652_13483637
0.4084507042253521,COC(=O)[C@@H](O)CC(=O)Nc1cc2cccccc-2c1,33797214_14585673
0.3835616438356164,COC(=O)[C@@H](O)CC(=O)Nc1ccc(C)nc1C,335270_14585673
0.35526315789473684,COC(=O)[C@@H](O)CC(=O)Nc1cnn(C)c1OC,82836152_14585673
0.46153846153846156,CO[C@@H]1CC[C@@H](C(=O)Nc2nncc3ccccc23)C1,20984652_107157118
0.39436619718309857,COC(=O)[C@@H](O)CC(=O)Nc1c(C)cnn1C,19090099_14585673
0.6231884057971014,CC[C@H](CC(=O)Nc1nncc2ccccc12)[C@@H](C)N,20984652_72208261
0.3783783783783784,COC(=O)[C@@H](O)CC(=O)Nc1cnccc1F,90411772_14585673
0.38271604938271603,COC(=O)[C@@H](O)CC(=O)Nc1ccc2ncccc2c1,163693_14585673
0.3333333333333333,COC(=O)[C@@H](O)CC(=O)N[C@@H](C)CCc1ccccc1,1705109_14585673
0.5652173913043478,O=C(CSC(F)F)Nc1nncc2ccccc12,20984652_2540273
0.5428571428571428,NCC(=O)CCC(=O)Nc1nncc2ccccc12,20984652_3782550
0.3888888888888889,COC(=O)[C@@H](O)CC(=O)Nc1ccccc1OC,404293_14585673
0.4358974358974359,O=C(Nc1nncc2ccccc12)[C@@H]1[C@@H]2C=CS[C@H]21,20984652_165934426
0.4358974358974359,Nc1cccnc1C(=O)Nc1nncc2ccccc12,20984652_330903
0.3783783783783784,COC(=O)[C@@H](O)CC(=O)Nc1ccc(C(C)C)cn1,39050142_14585673
0.35135135135135137,CC[C@@](C)(NC(=O)C[C@H](O)C(=O)OC)c1ccccc1,1686424_14585673
0.3815789473684211,COC(=O)[C@@H](O)CC(=O)NC1=NC(=O)c2ccccc21,4528689_14585673
0.3783783783783784,COC(=O)[C@@H](O)CC(=O)Nc1ccc[nH]c1=O,8698104_14585673
0.35526315789473684,COC(=O)[C@@H](O)CC(=O)Nc1cccc(F)c1OC,403404_14585673
0.5,CC(C)(OCCO)C(=O)Nc1nncc2ccccc12,20984652_148564028
0.3188405797101449,COC(=O)[C@H](CC(=O)O)NC(=O)C[C@H](O)C(=O)OC,1709620_14585673
0.5072463768115942,CC1(C(=O)Nc2nncc3ccccc23)CC1,20984652_2140840
0.3466666666666667,COC(=O)[C@@H](O)CC(=O)N[C@@H](C)[C@@H](C)c1ccccc1,1670066_14585673
0.5652173913043478,C/C=C\CCC(=O)Nc1nncc2ccccc12,20984652_5540874
0.4189189189189189,COC(=O)[C@@H](O)CC(=O)Nc1ncccc1[C@H](C)O,21985760_14585673
0.41975308641975306,N#Cc1cccnc1C(=O)Nc1nncc2ccccc12,20984652_13542302
0.40789473684210525,CCc1ccc(C#N)c(NC(=O)C[C@H](O)C(=O)OC)n1,82408885_14585673
0.5217391304347826,C[C@H](C(=O)Nc1nncc2ccccc12)N(C)C,20984652_4829415
0.39436619718309857,COC(=O)[C@@H](O)CC(=O)Nc1ccc(OC)nn1,331864_14585673
0.38028169014084506,COC(=O)[C@@H](O)CC(=O)N[C](C)c1ccccc1,1560406604_14585673
0.4,COC(=O)[C@@H](O)CC(=O)Nc1ncc(CO)cc1C,72222036_14585673
0.38271604938271603,COC(=O)[C@@H](O)CC(=O)Nc1nccn2cnnc12,17107276_14585673
0.35526315789473684,COC(=O)[C@@H](O)CC(=O)NC(=N)c1ccccc1C,1439402_14585673
0.4246575342465753,COC(=O)[C@@H](O)CC(=O)Nc1nc(C)ccc1OC,19911426_14585673
0.3611111111111111,COC(=O)[C@@H](O)CC(=O)Nc1ccc(C(F)F)cc1,71791094_14585673
0.3698630136986301,COC(=O)[C@@H](O)CC(=O)Nc1cscc1OC,83428744_14585673
0.46153846153846156,CCc1noc(C(=O)Nc2nncc3ccccc23)n1,20984652_26461262
0.4666666666666667,O=C(Nc1nncc2ccccc12)c1coc(F)n1,20984652_44184990
0.4473684210526316,O=C(Nc1nncc2ccccc12)c1ncccc1O,20984652_157108
0.37037037037037035,COC(=O)[C@@H](O)CC(=O)Nc1cccc2cncn12,98179705_14585673
0.5205479452054794,CC(C)CC[C@@H](N)C(=O)Nc1nncc2ccccc12,20984652_5453817
0.3684210526315789,COC(=O)[C@@H](O)CC(=O)Nc1sncc1C#N,95643085_14585673
0.35443037974683544,COCc1ccnc(NC(=O)C[C@H](O)C(=O)OC)n1,34333232_14585673
0.43037974683544306,C#Cc1ccc(C(=O)Nc2nncc3ccccc23)o1,20984652_85385863
0.5,COCCC[C@H](C)C(=O)Nc1nncc2ccccc12,20984652_2048738
0.37333333333333335,COC(=O)[C@@H](O)CC(=O)Nc1c(C)ccnc1F,2526738_14585673
0.6515151515151515,CS[C@@H](C)CC(=O)Nc1nncc2ccccc12,20984652_5734781
0.3875,COC(=O)[C@@H](O)CC(=O)Nc1cnc2cccnn12,15020289_14585673
0.4675324675324675,Cn1cc(N)cc1C(=O)Nc1nncc2ccccc12,20984652_33430670
0.37037037037037035,COC(=O)[C@@H](O)CC(=O)Nc1[nH]nc2c(C)cccc12,44699934_14585673
0.33766233766233766,COCc1nnc(NC(=O)C[C@H](O)C(=O)OC)o1,19396980_14585673
0.43209876543209874,NC[C@@H]1CN[C@H](C(=O)Nc2nncc3ccccc23)C1,20984652_83324718
0.41025641025641024,COC(=O)[C@@H](O)CC(=O)Nc1ccnc2ccccc12,4202478_14585673
0.37662337662337664,CNCc1cccc(NC(=O)C[C@H](O)C(=O)OC)n1,39050966_14585673
0.5797101449275363,CC(C)C(=O)CCC(=O)Nc1nncc2ccccc12,20984652_1575049
0.582089552238806,C/C=C/CC(=O)Nc1nncc2ccccc12,20984652_2037375
0.5135135135135135,CO[C@@H](C(=O)Nc1nncc2ccccc12)C1CCC1,20984652_160599857
0.4931506849315068,C[C@@H](C(=O)Nc1nncc2ccccc12)N1CCC1,20984652_140704257
0.3875,COC(=O)[C@@H](O)CC(=O)Nc1c(C)[nH]c2ncccc12,82408871_14585673
0.6231884057971014,C[C@@H](N)C[C@H](N)CC(=O)Nc1nncc2ccccc12,20984652_1703902
0.3170731707317073,COC(=O)[C@@H](O)CC(=O)NC[C@H]1C[C@@H]1c1ccccc1,29480843_14585673
0.4675324675324675,C[C@H](C(=O)Nc1nncc2ccccc12)n1cccn1,20984652_12396107
0.4142857142857143,COC(=O)[C@@H](O)CC(=O)Nc1ccccn1,13952160_14585673
0.3972602739726027,COC(=O)[C@@H](O)CC(=O)Nc1cccnc1F,2506896_14585673
0.35443037974683544,COC(=O)[C@@H](O)CC(=O)Nc1c(C#N)cccc1OC,11919413_14585673
0.42857142857142855,COC(=O)[C@@H](O)CC(=O)Nc1ncn(C)c1C,39118338_14585673
0.3974358974358974,COC(=O)[C@@H](O)CC(=O)Nc1cn(C)c2ccccc12,71495343_14585673
0.5,N[C@@H](CCCCO)C(=O)Nc1nncc2ccccc12,20984652_1747033
0.4166666666666667,COC(=O)[C@@H](O)CC(=O)Nc1ncc(C)cc1C,26146228_14585673
0.4305555555555556,COC(=O)[C@@H](O)CC(=O)Nc1nc(C)cnc1C,39436852_14585673
0.36619718309859156,COC(=O)[C@@H](O)CC(=O)Nc1nc(C)n[nH]1,2566399_14585673
0.37333333333333335,COC(=O)[C@@H](O)CC(=O)Nc1cccnc1[C@@H](C)O,103191759_14585673
0.5555555555555556,CC[C@@H](N)CCC(=O)Nc1nncc2ccccc12,20984652_5925575
0.35802469135802467,COC(=O)[C@@H](O)CC(=O)NCc1coc2ccccc12,24429085_14585673
0.6231884057971014,C[C@@H](CC(=O)Nc1nncc2ccccc12)NC(N)=O,20984652_13547997
0.5362318840579711,CO[C@H](C(=O)Nc1nncc2ccccc12)C(C)C,20984652_19513078
0.4533333333333333,O=C(Nc1nncc2ccccc12)c1cn[nH]c1O,20984652_26189195
0.4657534246575342,O=C(Nc1nncc2ccccc12)c1cncs1,20984652_2586002
0.5352112676056338,CC[C@@](C)(O)[C@@H](O)C(=O)Nc1nncc2ccccc12,20984652_895982
0.375,COC(=O)[C@@H](O)CC(=O)Nc1csc(C)n1,34363027_14585673
0.36363636363636365,CC[C@H](C)c1ccccc1NC(=O)C[C@H](O)C(=O)OC,4520946_14585673
0.4935064935064935,O=C(CC1=CCCCC1)Nc1nncc2ccccc12,20984652_4428785
0.4722222222222222,O=C(Nc1nncc2ccccc12)c1ccncc1,20984652_158593
0.38666666666666666,COC(=O)[C@@H](O)CC(=O)Nc1cccc(C(C)C)n1,40448826_14585673
0.5285714285714286,CC[C@@H](C(=O)Nc1nncc2ccccc12)C(C)C,20984652_40377880
0.3684210526315789,COC(=O)[C@@H](O)CC(=O)Nc1ccnc(OC)n1,347124_14585673
0.4246575342465753,COC(=O)[C@@H](O)CC(=O)Nc1nc(Cl)ccc1C,39050374_14585673
0.37333333333333335,CCC(=O)c1ccccc1NC(=O)C[C@H](O)C(=O)OC,1635722_14585673
0.5142857142857142,CC(C)C(F)(F)C(=O)Nc1nncc2ccccc12,20984652_31829503
0.46153846153846156,CCc1ccoc1C(=O)Nc1nncc2ccccc12,20984652_38350083
0.5428571428571428,CNC[C@H](C)C(=O)Nc1nncc2ccccc12,20984652_28769717
0.3116883116883117,COC(=O)[C@@H](O)CC(=O)N[C@H](C)c1cnc(C)nc1,77303287_14585673
0.5555555555555556,CCC(C)(C)OCC(=O)Nc1nncc2ccccc12,20984652_26515409
0.35064935064935066,COC(=O)[C@@H](O)CC(=O)Nc1nc(C)cc(OC)n1,389856_14585673
0.38571428571428573,COC(=O)[C@@H](O)CC(=O)Nc1ncc(OC)cn1,3123156_14585673
0.4666666666666667,Cc1cc(C(=O)Nc2nncc3ccccc23)on1,20984652_389129
0.4666666666666667,Cc1[nH]ncc1C(=O)Nc1nncc2ccccc12,20984652_8700060
0.3835616438356164,COC(=O)[C@@H](O)CC(=O)Nc1ccc(OC)cn1,14982095_14585673
0.4666666666666667,Cn1cncc1C(=O)Nc1nncc2ccccc12,20984652_19850648
0.4057971014492754,COC(=O)[C@@H](O)CC(=O)Nc1ncc(C)cn1,39053208_14585673
0.5,O=C(CCN1CCCO1)Nc1nncc2ccccc12,20984652_19089885
0.36486486486486486,COC(=O)[C@@H](O)CC(=O)NCc1ccnnc1,20417407_14585673
0.5066666666666667,O=C(Cc1cc(=O)[nH][nH]1)Nc1nncc2ccccc12,20984652_12428242
0.3918918918918919,COC(=O)[C@@H](O)CC(=O)Nc1ccc(Cl)c(F)n1,71256951_14585673
0.5714285714285714,CC(C)C(=O)NCC(=O)Nc1nncc2ccccc12,20984652_11888589
0.4,COC(=O)[C@@H](O)CC(=O)Nc1sncc1C,82835590_14585673
0.34615384615384615,COC(=O)[C@@H](O)CC(=O)NCc1cc(C)cnn1,95743290_14585673
0.3561643835616438,CCc1cscc1NC(=O)C[C@H](O)C(=O)OC,82411275_14585673
0.5135135135135135,C[C@@H](OC(=O)CO)C(=O)Nc1nncc2ccccc12,20984652_59569926
0.5,C[C@H](CC1CC1)C(=O)Nc1nncc2ccccc12,20984652_59534614
0.3698630136986301,COC(=O)[C@@H](O)CC(=O)NC[C@@H](O)c1ccccc1,403283_14585673
0.46835443037974683,COC[C@@]1(C)C[C@@H]1C(=O)Nc1nncc2ccccc12,20984652_53199847
0.44871794871794873,CC1=N[C@H](C(=O)Nc2nncc3ccccc23)C[C@@H]1C,20984652_4691878
0.5652173913043478,CCCCCC(=O)Nc1nncc2ccccc12,20984652_1529230
0.5633802816901409,CCCOCCC(=O)Nc1nncc2ccccc12,20984652_34439187
0.3835616438356164,COC(=O)[C@@H](O)CC(=O)Nc1ccc(C(C)C)nn1,21982266_14585673
0.4246575342465753,COC(=O)[C@@H](O)CC(=O)Nc1nc(OC)ccc1C,82046902_14585673
0.5797101449275363,C[C@H](N)CCC(=O)Nc1nncc2ccccc12,20984652_3581353
0.3972602739726027,COC(=O)[C@@H](O)CC(=O)Nc1cccc(OC)n1,19736831_14585673
0.38666666666666666,COC(=O)[C@@H](O)CC(=O)Nc1ccnnc1OC,84312341_14585673
0.3684210526315789,COC(=O)c1cnc(NC(=O)C[C@H](O)C(=O)OC)o1,15021590_14585673
0.5072463768115942,CC1=C[C@@H]1C(=O)Nc1nncc2ccccc12,20984652_39234613
0.4358974358974359,Nc1ncncc1C(=O)Nc1nncc2ccccc12,20984652_967326
0.4868421052631579,C[C@H](CC#N)[C@@H](N)C(=O)Nc1nncc2ccccc12,20984652_207031379
0.375,COC(=O)[C@@H](O)CC(=O)Nc1cn2ccccc2n1,57791423_14585673
0.3972602739726027,COC(=O)[C@@H](O)CC(=O)Nc1nnn(C)c1C(=O)O,104643604_14585673
0.34177215189873417,COC(=O)[C@@H](O)CC(=O)NC(=N)c1cccc(C)n1,34257769_14585673
0.4027777777777778,COC(=O)[C@@H](O)CC(=O)Nc1ccccc1CO,331680_14585673
0.4875,O=C(CO[C@@H]1CCNC1)Nc1nncc2ccccc12,20984652_84250506
0.4025974025974026,COC(=O)[C@@H](O)CC(=O)Nc1c[nH]c2ccccc12,530874_14585673
0.5070422535211268,NC(=O)N[C@H](O)C(=O)Nc1nncc2ccccc12,20984652_901488
0.3684210526315789,COC(=O)[C@@H](O)CC(=O)Nc1cnccc1OC,4344107_14585673
0.3783783783783784,COC(=O)[C@@H](O)CC(=O)Nc1ccnc(F)n1,1585904_14585673
0.37333333333333335,COC(=O)[C@@H](O)CC(=O)Nc1c([C@@H](C)O)cnn1C,83747196_14585673
0.4166666666666667,COC(=O)[C@@H](O)CC(=O)Nc1ncc(F)cc1C,40448817_14585673
0.5492957746478874,CCO[C@H](CC)C(=O)Nc1nncc2ccccc12,20984652_37373708
0.5066666666666667,N[C@H]1CCC[C@H]1CC(=O)Nc1nncc2ccccc12,20984652_4202471
0.4264705882352941,COC(=O)[C@@H](O)CC(=O)Nc1n[nH]cc1C,35655479_14585673
0.37333333333333335,COC(=O)[C@@H](O)CC(=O)Nc1ccc(OC)nc1C,8698260_14585673
0.4927536231884058,O=C(Nc1nncc2ccccc12)C1(O)CC1,20984652_2539397
0.4605263157894737,Cc1nc(C(=O)Nc2nncc3ccccc23)nn1C,20984652_82838194
0.45,CCn1ccnc1C(=O)Nc1nncc2ccccc12,20984652_2650686
0.5507246376811594,O=C(CO)NCC(=O)Nc1nncc2ccccc12,20984652_38391885
0.5,C[C@@H](CCF)[C@H](N)C(=O)Nc1nncc2ccccc12,20984652_1743346
0.3972602739726027,COC(=O)[C@@H](O)CC(=O)Nc1ccc(C)nc1F,2384073_14585673
0.547945205479452,CC(C)(N)COCC(=O)Nc1nncc2ccccc12,20984652_74526226
0.35526315789473684,COC(=O)[C@@H](O)CC(=O)Nc1cc(C)c(F)cn1,19615667_14585673
0.44871794871794873,C[n+]1cccc(C(=O)Nc2nncc3ccccc23)c1,20984652_1082
0.4,COC(=O)[C@@H](O)CC(=O)Nc1noc2cccc(C)c12,82046615_14585673
0.41975308641975306,C#Cc1cncc(C(=O)Nc2nncc3ccccc23)c1,20984652_104736966
0.45569620253164556,CN1CC[C@@](F)(C(=O)Nc2nncc3ccccc23)C1,20984652_108281817
0.5142857142857142,CC(C)[C@@H](C(=O)Nc1nncc2ccccc12)[C@H](C)N,20984652_113966812
0.41333333333333333,COC(=O)[C@@H](O)CC(=O)Nc1cc2ccccc2[nH]1,2576352_14585673
0.547945205479452,CNCCOCC(=O)Nc1nncc2ccccc12,20984652_74525595
0.5,O=C(Cc1ccncn1)Nc1nncc2ccccc12,20984652_20417426
0.5135135135135135,CCOC[C@@H](C)C(=O)Nc1nncc2ccccc12,20984652_10715411
0.36,COC(=O)[C@@H](O)CC(=O)Nc1cnn(CF)c1,256053531_14585673
0.4358974358974359,C#Cc1ccc(C(=O)Nc2nncc3ccccc23)nc1,20984652_35570292
0.375,COC(=O)[C@@H](O)CC(=O)Nc1cccc2[nH]ncc12,169219_14585673
0.41333333333333333,CCNc1cccnc1NC(=O)C[C@H](O)C(=O)OC,34538275_14585673
0.4473684210526316,O=C1C=C[C@H](C(=O)Nc2nncc3ccccc23)O1,20984652_101801600
0.3561643835616438,COC(=O)[C@@H](O)CC(=O)NC(C)(C)c1ccccc1,1693209_14585673
0.375,COC(=O)[C@@H](O)CC(=O)Nc1ccc2cccnc2n1,5394946_14585673
0.6323529411764706,CCC[C@@H](C)CC(=O)Nc1nncc2ccccc12,20984652_1591809
0.3466666666666667,COC(=O)[C@@H](O)CC(=O)N[C@H](CF)c1ccccc1,20285796_14585673
0.4794520547945205,O=C(Nc1nncc2ccccc12)c1ccc(F)s1,20984652_12394717
0.4935064935064935,NCCOC[C@H](N)C(=O)Nc1nncc2ccccc12,20984652_1544494
0.35365853658536583,COC(=O)[C@@H](O)CC(=O)Nc1c(C)ccc2cn[nH]c12,13571656_14585673
0.3888888888888889,CCNc1ccccc1NC(=O)C[C@H](O)C(=O)OC,5139781_14585673
0.39436619718309857,COC(=O)[C@@H](O)CC(=O)Nc1nonc1NC(C)=O,1095780_14585673
0.4,COC(=O)[C@@H](O)CC(=O)Nc1cccc2ccnnc12,24602504_14585673
0.42105263157894735,COC(=O)[C@@H](O)CC(=O)Nc1ccc2ccccc2n1,19074717_14585673
0.43661971830985913,COC(=O)[C@@H](O)CC(=O)Nc1nncc(C)n1,1672563_14585673
0.37037037037037035,COC(=O)[C@@H](O)CC(=O)Nc1nc2cccc(C)c2o1,62498459_14585673
0.43037974683544306,N#Cc1cnc(C(=O)Nc2nncc3ccccc23)cn1,20984652_82408714
0.5352112676056338,N[C@@H](CCF)C(=O)Nc1nncc2ccccc12,20984652_38948561
0.5135135135135135,O=C(CNCCCCO)Nc1nncc2ccccc12,20984652_43444697
